--
-- PostgreSQL database dump
--

-- Dumped from database version 16.1
-- Dumped by pg_dump version 16.1

SET statement_timeout = 0;
SET lock_timeout = 0;
SET idle_in_transaction_session_timeout = 0;
SET client_encoding = 'UTF8';
SET standard_conforming_strings = on;
SELECT pg_catalog.set_config('search_path', '', false);
SET check_function_bodies = false;
SET xmloption = content;
SET client_min_messages = warning;
SET row_security = off;

SET default_tablespace = '';

SET default_table_access_method = heap;

--
-- Name: abouts; Type: TABLE; Schema: public; Owner: root
--

CREATE TABLE public.abouts (
    id integer NOT NULL,
    document_id character varying(255),
    title character varying(255),
    created_at timestamp(6) without time zone,
    updated_at timestamp(6) without time zone,
    published_at timestamp(6) without time zone,
    created_by_id integer,
    updated_by_id integer,
    locale character varying(255)
);


ALTER TABLE public.abouts OWNER TO root;

--
-- Name: abouts_cmps; Type: TABLE; Schema: public; Owner: root
--

CREATE TABLE public.abouts_cmps (
    id integer NOT NULL,
    entity_id integer,
    cmp_id integer,
    component_type character varying(255),
    field character varying(255),
    "order" double precision
);


ALTER TABLE public.abouts_cmps OWNER TO root;

--
-- Name: abouts_cmps_id_seq; Type: SEQUENCE; Schema: public; Owner: root
--

CREATE SEQUENCE public.abouts_cmps_id_seq
    AS integer
    START WITH 1
    INCREMENT BY 1
    NO MINVALUE
    NO MAXVALUE
    CACHE 1;


ALTER SEQUENCE public.abouts_cmps_id_seq OWNER TO root;

--
-- Name: abouts_cmps_id_seq; Type: SEQUENCE OWNED BY; Schema: public; Owner: root
--

ALTER SEQUENCE public.abouts_cmps_id_seq OWNED BY public.abouts_cmps.id;


--
-- Name: abouts_id_seq; Type: SEQUENCE; Schema: public; Owner: root
--

CREATE SEQUENCE public.abouts_id_seq
    AS integer
    START WITH 1
    INCREMENT BY 1
    NO MINVALUE
    NO MAXVALUE
    CACHE 1;


ALTER SEQUENCE public.abouts_id_seq OWNER TO root;

--
-- Name: abouts_id_seq; Type: SEQUENCE OWNED BY; Schema: public; Owner: root
--

ALTER SEQUENCE public.abouts_id_seq OWNED BY public.abouts.id;


--
-- Name: admin_permissions; Type: TABLE; Schema: public; Owner: root
--

CREATE TABLE public.admin_permissions (
    id integer NOT NULL,
    document_id character varying(255),
    action character varying(255),
    action_parameters jsonb,
    subject character varying(255),
    properties jsonb,
    conditions jsonb,
    created_at timestamp(6) without time zone,
    updated_at timestamp(6) without time zone,
    published_at timestamp(6) without time zone,
    created_by_id integer,
    updated_by_id integer,
    locale character varying(255)
);


ALTER TABLE public.admin_permissions OWNER TO root;

--
-- Name: admin_permissions_id_seq; Type: SEQUENCE; Schema: public; Owner: root
--

CREATE SEQUENCE public.admin_permissions_id_seq
    AS integer
    START WITH 1
    INCREMENT BY 1
    NO MINVALUE
    NO MAXVALUE
    CACHE 1;


ALTER SEQUENCE public.admin_permissions_id_seq OWNER TO root;

--
-- Name: admin_permissions_id_seq; Type: SEQUENCE OWNED BY; Schema: public; Owner: root
--

ALTER SEQUENCE public.admin_permissions_id_seq OWNED BY public.admin_permissions.id;


--
-- Name: admin_permissions_role_lnk; Type: TABLE; Schema: public; Owner: root
--

CREATE TABLE public.admin_permissions_role_lnk (
    id integer NOT NULL,
    permission_id integer,
    role_id integer,
    permission_ord double precision
);


ALTER TABLE public.admin_permissions_role_lnk OWNER TO root;

--
-- Name: admin_permissions_role_lnk_id_seq; Type: SEQUENCE; Schema: public; Owner: root
--

CREATE SEQUENCE public.admin_permissions_role_lnk_id_seq
    AS integer
    START WITH 1
    INCREMENT BY 1
    NO MINVALUE
    NO MAXVALUE
    CACHE 1;


ALTER SEQUENCE public.admin_permissions_role_lnk_id_seq OWNER TO root;

--
-- Name: admin_permissions_role_lnk_id_seq; Type: SEQUENCE OWNED BY; Schema: public; Owner: root
--

ALTER SEQUENCE public.admin_permissions_role_lnk_id_seq OWNED BY public.admin_permissions_role_lnk.id;


--
-- Name: admin_roles; Type: TABLE; Schema: public; Owner: root
--

CREATE TABLE public.admin_roles (
    id integer NOT NULL,
    document_id character varying(255),
    name character varying(255),
    code character varying(255),
    description character varying(255),
    created_at timestamp(6) without time zone,
    updated_at timestamp(6) without time zone,
    published_at timestamp(6) without time zone,
    created_by_id integer,
    updated_by_id integer,
    locale character varying(255)
);


ALTER TABLE public.admin_roles OWNER TO root;

--
-- Name: admin_roles_id_seq; Type: SEQUENCE; Schema: public; Owner: root
--

CREATE SEQUENCE public.admin_roles_id_seq
    AS integer
    START WITH 1
    INCREMENT BY 1
    NO MINVALUE
    NO MAXVALUE
    CACHE 1;


ALTER SEQUENCE public.admin_roles_id_seq OWNER TO root;

--
-- Name: admin_roles_id_seq; Type: SEQUENCE OWNED BY; Schema: public; Owner: root
--

ALTER SEQUENCE public.admin_roles_id_seq OWNED BY public.admin_roles.id;


--
-- Name: admin_users; Type: TABLE; Schema: public; Owner: root
--

CREATE TABLE public.admin_users (
    id integer NOT NULL,
    document_id character varying(255),
    firstname character varying(255),
    lastname character varying(255),
    username character varying(255),
    email character varying(255),
    password character varying(255),
    reset_password_token character varying(255),
    registration_token character varying(255),
    is_active boolean,
    blocked boolean,
    prefered_language character varying(255),
    created_at timestamp(6) without time zone,
    updated_at timestamp(6) without time zone,
    published_at timestamp(6) without time zone,
    created_by_id integer,
    updated_by_id integer,
    locale character varying(255)
);


ALTER TABLE public.admin_users OWNER TO root;

--
-- Name: admin_users_id_seq; Type: SEQUENCE; Schema: public; Owner: root
--

CREATE SEQUENCE public.admin_users_id_seq
    AS integer
    START WITH 1
    INCREMENT BY 1
    NO MINVALUE
    NO MAXVALUE
    CACHE 1;


ALTER SEQUENCE public.admin_users_id_seq OWNER TO root;

--
-- Name: admin_users_id_seq; Type: SEQUENCE OWNED BY; Schema: public; Owner: root
--

ALTER SEQUENCE public.admin_users_id_seq OWNED BY public.admin_users.id;


--
-- Name: admin_users_roles_lnk; Type: TABLE; Schema: public; Owner: root
--

CREATE TABLE public.admin_users_roles_lnk (
    id integer NOT NULL,
    user_id integer,
    role_id integer,
    role_ord double precision,
    user_ord double precision
);


ALTER TABLE public.admin_users_roles_lnk OWNER TO root;

--
-- Name: admin_users_roles_lnk_id_seq; Type: SEQUENCE; Schema: public; Owner: root
--

CREATE SEQUENCE public.admin_users_roles_lnk_id_seq
    AS integer
    START WITH 1
    INCREMENT BY 1
    NO MINVALUE
    NO MAXVALUE
    CACHE 1;


ALTER SEQUENCE public.admin_users_roles_lnk_id_seq OWNER TO root;

--
-- Name: admin_users_roles_lnk_id_seq; Type: SEQUENCE OWNED BY; Schema: public; Owner: root
--

ALTER SEQUENCE public.admin_users_roles_lnk_id_seq OWNED BY public.admin_users_roles_lnk.id;


--
-- Name: articles; Type: TABLE; Schema: public; Owner: root
--

CREATE TABLE public.articles (
    id integer NOT NULL,
    document_id character varying(255),
    title character varying(255),
    description text,
    slug character varying(255),
    created_at timestamp(6) without time zone,
    updated_at timestamp(6) without time zone,
    published_at timestamp(6) without time zone,
    created_by_id integer,
    updated_by_id integer,
    locale character varying(255)
);


ALTER TABLE public.articles OWNER TO root;

--
-- Name: articles_author_lnk; Type: TABLE; Schema: public; Owner: root
--

CREATE TABLE public.articles_author_lnk (
    id integer NOT NULL,
    article_id integer,
    author_id integer,
    article_ord double precision
);


ALTER TABLE public.articles_author_lnk OWNER TO root;

--
-- Name: articles_author_lnk_id_seq; Type: SEQUENCE; Schema: public; Owner: root
--

CREATE SEQUENCE public.articles_author_lnk_id_seq
    AS integer
    START WITH 1
    INCREMENT BY 1
    NO MINVALUE
    NO MAXVALUE
    CACHE 1;


ALTER SEQUENCE public.articles_author_lnk_id_seq OWNER TO root;

--
-- Name: articles_author_lnk_id_seq; Type: SEQUENCE OWNED BY; Schema: public; Owner: root
--

ALTER SEQUENCE public.articles_author_lnk_id_seq OWNED BY public.articles_author_lnk.id;


--
-- Name: articles_category_lnk; Type: TABLE; Schema: public; Owner: root
--

CREATE TABLE public.articles_category_lnk (
    id integer NOT NULL,
    article_id integer,
    category_id integer,
    article_ord double precision
);


ALTER TABLE public.articles_category_lnk OWNER TO root;

--
-- Name: articles_category_lnk_id_seq; Type: SEQUENCE; Schema: public; Owner: root
--

CREATE SEQUENCE public.articles_category_lnk_id_seq
    AS integer
    START WITH 1
    INCREMENT BY 1
    NO MINVALUE
    NO MAXVALUE
    CACHE 1;


ALTER SEQUENCE public.articles_category_lnk_id_seq OWNER TO root;

--
-- Name: articles_category_lnk_id_seq; Type: SEQUENCE OWNED BY; Schema: public; Owner: root
--

ALTER SEQUENCE public.articles_category_lnk_id_seq OWNED BY public.articles_category_lnk.id;


--
-- Name: articles_cmps; Type: TABLE; Schema: public; Owner: root
--

CREATE TABLE public.articles_cmps (
    id integer NOT NULL,
    entity_id integer,
    cmp_id integer,
    component_type character varying(255),
    field character varying(255),
    "order" double precision
);


ALTER TABLE public.articles_cmps OWNER TO root;

--
-- Name: articles_cmps_id_seq; Type: SEQUENCE; Schema: public; Owner: root
--

CREATE SEQUENCE public.articles_cmps_id_seq
    AS integer
    START WITH 1
    INCREMENT BY 1
    NO MINVALUE
    NO MAXVALUE
    CACHE 1;


ALTER SEQUENCE public.articles_cmps_id_seq OWNER TO root;

--
-- Name: articles_cmps_id_seq; Type: SEQUENCE OWNED BY; Schema: public; Owner: root
--

ALTER SEQUENCE public.articles_cmps_id_seq OWNED BY public.articles_cmps.id;


--
-- Name: articles_id_seq; Type: SEQUENCE; Schema: public; Owner: root
--

CREATE SEQUENCE public.articles_id_seq
    AS integer
    START WITH 1
    INCREMENT BY 1
    NO MINVALUE
    NO MAXVALUE
    CACHE 1;


ALTER SEQUENCE public.articles_id_seq OWNER TO root;

--
-- Name: articles_id_seq; Type: SEQUENCE OWNED BY; Schema: public; Owner: root
--

ALTER SEQUENCE public.articles_id_seq OWNED BY public.articles.id;


--
-- Name: authors; Type: TABLE; Schema: public; Owner: root
--

CREATE TABLE public.authors (
    id integer NOT NULL,
    document_id character varying(255),
    name character varying(255),
    email character varying(255),
    created_at timestamp(6) without time zone,
    updated_at timestamp(6) without time zone,
    published_at timestamp(6) without time zone,
    created_by_id integer,
    updated_by_id integer,
    locale character varying(255)
);


ALTER TABLE public.authors OWNER TO root;

--
-- Name: authors_id_seq; Type: SEQUENCE; Schema: public; Owner: root
--

CREATE SEQUENCE public.authors_id_seq
    AS integer
    START WITH 1
    INCREMENT BY 1
    NO MINVALUE
    NO MAXVALUE
    CACHE 1;


ALTER SEQUENCE public.authors_id_seq OWNER TO root;

--
-- Name: authors_id_seq; Type: SEQUENCE OWNED BY; Schema: public; Owner: root
--

ALTER SEQUENCE public.authors_id_seq OWNED BY public.authors.id;


--
-- Name: categories; Type: TABLE; Schema: public; Owner: root
--

CREATE TABLE public.categories (
    id integer NOT NULL,
    document_id character varying(255),
    name character varying(255),
    slug character varying(255),
    description text,
    created_at timestamp(6) without time zone,
    updated_at timestamp(6) without time zone,
    published_at timestamp(6) without time zone,
    created_by_id integer,
    updated_by_id integer,
    locale character varying(255)
);


ALTER TABLE public.categories OWNER TO root;

--
-- Name: categories_id_seq; Type: SEQUENCE; Schema: public; Owner: root
--

CREATE SEQUENCE public.categories_id_seq
    AS integer
    START WITH 1
    INCREMENT BY 1
    NO MINVALUE
    NO MAXVALUE
    CACHE 1;


ALTER SEQUENCE public.categories_id_seq OWNER TO root;

--
-- Name: categories_id_seq; Type: SEQUENCE OWNED BY; Schema: public; Owner: root
--

ALTER SEQUENCE public.categories_id_seq OWNED BY public.categories.id;


--
-- Name: component_shared_post_teasers; Type: TABLE; Schema: public; Owner: root
--

CREATE TABLE public.component_shared_post_teasers (
    id integer NOT NULL,
    title character varying(255),
    summary text,
    link character varying(255)
);


ALTER TABLE public.component_shared_post_teasers OWNER TO root;

--
-- Name: component_shared_post_teasers_id_seq; Type: SEQUENCE; Schema: public; Owner: root
--

CREATE SEQUENCE public.component_shared_post_teasers_id_seq
    AS integer
    START WITH 1
    INCREMENT BY 1
    NO MINVALUE
    NO MAXVALUE
    CACHE 1;


ALTER SEQUENCE public.component_shared_post_teasers_id_seq OWNER TO root;

--
-- Name: component_shared_post_teasers_id_seq; Type: SEQUENCE OWNED BY; Schema: public; Owner: root
--

ALTER SEQUENCE public.component_shared_post_teasers_id_seq OWNED BY public.component_shared_post_teasers.id;


--
-- Name: components_questionnaire_color_variants; Type: TABLE; Schema: public; Owner: root
--

CREATE TABLE public.components_questionnaire_color_variants (
    id integer NOT NULL,
    color_name character varying(255),
    color_code character varying(255),
    price numeric(10,2)
);


ALTER TABLE public.components_questionnaire_color_variants OWNER TO root;

--
-- Name: components_questionnaire_color_variants_id_seq; Type: SEQUENCE; Schema: public; Owner: root
--

CREATE SEQUENCE public.components_questionnaire_color_variants_id_seq
    AS integer
    START WITH 1
    INCREMENT BY 1
    NO MINVALUE
    NO MAXVALUE
    CACHE 1;


ALTER SEQUENCE public.components_questionnaire_color_variants_id_seq OWNER TO root;

--
-- Name: components_questionnaire_color_variants_id_seq; Type: SEQUENCE OWNED BY; Schema: public; Owner: root
--

ALTER SEQUENCE public.components_questionnaire_color_variants_id_seq OWNED BY public.components_questionnaire_color_variants.id;


--
-- Name: components_questionnaire_questionnaire_options; Type: TABLE; Schema: public; Owner: root
--

CREATE TABLE public.components_questionnaire_questionnaire_options (
    id integer NOT NULL,
    title character varying(255),
    description text,
    price numeric(10,2),
    has_quantity boolean,
    units integer
);


ALTER TABLE public.components_questionnaire_questionnaire_options OWNER TO root;

--
-- Name: components_questionnaire_questionnaire_options_cmps; Type: TABLE; Schema: public; Owner: root
--

CREATE TABLE public.components_questionnaire_questionnaire_options_cmps (
    id integer NOT NULL,
    entity_id integer,
    cmp_id integer,
    component_type character varying(255),
    field character varying(255),
    "order" double precision
);


ALTER TABLE public.components_questionnaire_questionnaire_options_cmps OWNER TO root;

--
-- Name: components_questionnaire_questionnaire_options_cmps_id_seq; Type: SEQUENCE; Schema: public; Owner: root
--

CREATE SEQUENCE public.components_questionnaire_questionnaire_options_cmps_id_seq
    AS integer
    START WITH 1
    INCREMENT BY 1
    NO MINVALUE
    NO MAXVALUE
    CACHE 1;


ALTER SEQUENCE public.components_questionnaire_questionnaire_options_cmps_id_seq OWNER TO root;

--
-- Name: components_questionnaire_questionnaire_options_cmps_id_seq; Type: SEQUENCE OWNED BY; Schema: public; Owner: root
--

ALTER SEQUENCE public.components_questionnaire_questionnaire_options_cmps_id_seq OWNED BY public.components_questionnaire_questionnaire_options_cmps.id;


--
-- Name: components_questionnaire_questionnaire_options_id_seq; Type: SEQUENCE; Schema: public; Owner: root
--

CREATE SEQUENCE public.components_questionnaire_questionnaire_options_id_seq
    AS integer
    START WITH 1
    INCREMENT BY 1
    NO MINVALUE
    NO MAXVALUE
    CACHE 1;


ALTER SEQUENCE public.components_questionnaire_questionnaire_options_id_seq OWNER TO root;

--
-- Name: components_questionnaire_questionnaire_options_id_seq; Type: SEQUENCE OWNED BY; Schema: public; Owner: root
--

ALTER SEQUENCE public.components_questionnaire_questionnaire_options_id_seq OWNED BY public.components_questionnaire_questionnaire_options.id;


--
-- Name: components_questionnaire_questions; Type: TABLE; Schema: public; Owner: root
--

CREATE TABLE public.components_questionnaire_questions (
    id integer NOT NULL,
    title text,
    question_type character varying(255),
    description text,
    tool_tip text
);


ALTER TABLE public.components_questionnaire_questions OWNER TO root;

--
-- Name: components_questionnaire_questions_cmps; Type: TABLE; Schema: public; Owner: root
--

CREATE TABLE public.components_questionnaire_questions_cmps (
    id integer NOT NULL,
    entity_id integer,
    cmp_id integer,
    component_type character varying(255),
    field character varying(255),
    "order" double precision
);


ALTER TABLE public.components_questionnaire_questions_cmps OWNER TO root;

--
-- Name: components_questionnaire_questions_cmps_id_seq; Type: SEQUENCE; Schema: public; Owner: root
--

CREATE SEQUENCE public.components_questionnaire_questions_cmps_id_seq
    AS integer
    START WITH 1
    INCREMENT BY 1
    NO MINVALUE
    NO MAXVALUE
    CACHE 1;


ALTER SEQUENCE public.components_questionnaire_questions_cmps_id_seq OWNER TO root;

--
-- Name: components_questionnaire_questions_cmps_id_seq; Type: SEQUENCE OWNED BY; Schema: public; Owner: root
--

ALTER SEQUENCE public.components_questionnaire_questions_cmps_id_seq OWNED BY public.components_questionnaire_questions_cmps.id;


--
-- Name: components_questionnaire_questions_id_seq; Type: SEQUENCE; Schema: public; Owner: root
--

CREATE SEQUENCE public.components_questionnaire_questions_id_seq
    AS integer
    START WITH 1
    INCREMENT BY 1
    NO MINVALUE
    NO MAXVALUE
    CACHE 1;


ALTER SEQUENCE public.components_questionnaire_questions_id_seq OWNER TO root;

--
-- Name: components_questionnaire_questions_id_seq; Type: SEQUENCE OWNED BY; Schema: public; Owner: root
--

ALTER SEQUENCE public.components_questionnaire_questions_id_seq OWNED BY public.components_questionnaire_questions.id;


--
-- Name: components_questionnaire_select_options; Type: TABLE; Schema: public; Owner: root
--

CREATE TABLE public.components_questionnaire_select_options (
    id integer NOT NULL,
    label character varying(255),
    value character varying(255),
    price numeric(10,2)
);


ALTER TABLE public.components_questionnaire_select_options OWNER TO root;

--
-- Name: components_questionnaire_select_options_id_seq; Type: SEQUENCE; Schema: public; Owner: root
--

CREATE SEQUENCE public.components_questionnaire_select_options_id_seq
    AS integer
    START WITH 1
    INCREMENT BY 1
    NO MINVALUE
    NO MAXVALUE
    CACHE 1;


ALTER SEQUENCE public.components_questionnaire_select_options_id_seq OWNER TO root;

--
-- Name: components_questionnaire_select_options_id_seq; Type: SEQUENCE OWNED BY; Schema: public; Owner: root
--

ALTER SEQUENCE public.components_questionnaire_select_options_id_seq OWNED BY public.components_questionnaire_select_options.id;


--
-- Name: components_sections_blog_posts_teasers; Type: TABLE; Schema: public; Owner: root
--

CREATE TABLE public.components_sections_blog_posts_teasers (
    id integer NOT NULL,
    section_title character varying(255)
);


ALTER TABLE public.components_sections_blog_posts_teasers OWNER TO root;

--
-- Name: components_sections_blog_posts_teasers_cmps; Type: TABLE; Schema: public; Owner: root
--

CREATE TABLE public.components_sections_blog_posts_teasers_cmps (
    id integer NOT NULL,
    entity_id integer,
    cmp_id integer,
    component_type character varying(255),
    field character varying(255),
    "order" double precision
);


ALTER TABLE public.components_sections_blog_posts_teasers_cmps OWNER TO root;

--
-- Name: components_sections_blog_posts_teasers_cmps_id_seq; Type: SEQUENCE; Schema: public; Owner: root
--

CREATE SEQUENCE public.components_sections_blog_posts_teasers_cmps_id_seq
    AS integer
    START WITH 1
    INCREMENT BY 1
    NO MINVALUE
    NO MAXVALUE
    CACHE 1;


ALTER SEQUENCE public.components_sections_blog_posts_teasers_cmps_id_seq OWNER TO root;

--
-- Name: components_sections_blog_posts_teasers_cmps_id_seq; Type: SEQUENCE OWNED BY; Schema: public; Owner: root
--

ALTER SEQUENCE public.components_sections_blog_posts_teasers_cmps_id_seq OWNED BY public.components_sections_blog_posts_teasers_cmps.id;


--
-- Name: components_sections_blog_posts_teasers_id_seq; Type: SEQUENCE; Schema: public; Owner: root
--

CREATE SEQUENCE public.components_sections_blog_posts_teasers_id_seq
    AS integer
    START WITH 1
    INCREMENT BY 1
    NO MINVALUE
    NO MAXVALUE
    CACHE 1;


ALTER SEQUENCE public.components_sections_blog_posts_teasers_id_seq OWNER TO root;

--
-- Name: components_sections_blog_posts_teasers_id_seq; Type: SEQUENCE OWNED BY; Schema: public; Owner: root
--

ALTER SEQUENCE public.components_sections_blog_posts_teasers_id_seq OWNED BY public.components_sections_blog_posts_teasers.id;


--
-- Name: components_sections_category_highlights; Type: TABLE; Schema: public; Owner: root
--

CREATE TABLE public.components_sections_category_highlights (
    id integer NOT NULL,
    section_title character varying(255)
);


ALTER TABLE public.components_sections_category_highlights OWNER TO root;

--
-- Name: components_sections_category_highlights_cmps; Type: TABLE; Schema: public; Owner: root
--

CREATE TABLE public.components_sections_category_highlights_cmps (
    id integer NOT NULL,
    entity_id integer,
    cmp_id integer,
    component_type character varying(255),
    field character varying(255),
    "order" double precision
);


ALTER TABLE public.components_sections_category_highlights_cmps OWNER TO root;

--
-- Name: components_sections_category_highlights_cmps_id_seq; Type: SEQUENCE; Schema: public; Owner: root
--

CREATE SEQUENCE public.components_sections_category_highlights_cmps_id_seq
    AS integer
    START WITH 1
    INCREMENT BY 1
    NO MINVALUE
    NO MAXVALUE
    CACHE 1;


ALTER SEQUENCE public.components_sections_category_highlights_cmps_id_seq OWNER TO root;

--
-- Name: components_sections_category_highlights_cmps_id_seq; Type: SEQUENCE OWNED BY; Schema: public; Owner: root
--

ALTER SEQUENCE public.components_sections_category_highlights_cmps_id_seq OWNED BY public.components_sections_category_highlights_cmps.id;


--
-- Name: components_sections_category_highlights_id_seq; Type: SEQUENCE; Schema: public; Owner: root
--

CREATE SEQUENCE public.components_sections_category_highlights_id_seq
    AS integer
    START WITH 1
    INCREMENT BY 1
    NO MINVALUE
    NO MAXVALUE
    CACHE 1;


ALTER SEQUENCE public.components_sections_category_highlights_id_seq OWNER TO root;

--
-- Name: components_sections_category_highlights_id_seq; Type: SEQUENCE OWNED BY; Schema: public; Owner: root
--

ALTER SEQUENCE public.components_sections_category_highlights_id_seq OWNED BY public.components_sections_category_highlights.id;


--
-- Name: components_sections_faq_sections; Type: TABLE; Schema: public; Owner: root
--

CREATE TABLE public.components_sections_faq_sections (
    id integer NOT NULL,
    section_title character varying(255)
);


ALTER TABLE public.components_sections_faq_sections OWNER TO root;

--
-- Name: components_sections_faq_sections_cmps; Type: TABLE; Schema: public; Owner: root
--

CREATE TABLE public.components_sections_faq_sections_cmps (
    id integer NOT NULL,
    entity_id integer,
    cmp_id integer,
    component_type character varying(255),
    field character varying(255),
    "order" double precision
);


ALTER TABLE public.components_sections_faq_sections_cmps OWNER TO root;

--
-- Name: components_sections_faq_sections_cmps_id_seq; Type: SEQUENCE; Schema: public; Owner: root
--

CREATE SEQUENCE public.components_sections_faq_sections_cmps_id_seq
    AS integer
    START WITH 1
    INCREMENT BY 1
    NO MINVALUE
    NO MAXVALUE
    CACHE 1;


ALTER SEQUENCE public.components_sections_faq_sections_cmps_id_seq OWNER TO root;

--
-- Name: components_sections_faq_sections_cmps_id_seq; Type: SEQUENCE OWNED BY; Schema: public; Owner: root
--

ALTER SEQUENCE public.components_sections_faq_sections_cmps_id_seq OWNED BY public.components_sections_faq_sections_cmps.id;


--
-- Name: components_sections_faq_sections_id_seq; Type: SEQUENCE; Schema: public; Owner: root
--

CREATE SEQUENCE public.components_sections_faq_sections_id_seq
    AS integer
    START WITH 1
    INCREMENT BY 1
    NO MINVALUE
    NO MAXVALUE
    CACHE 1;


ALTER SEQUENCE public.components_sections_faq_sections_id_seq OWNER TO root;

--
-- Name: components_sections_faq_sections_id_seq; Type: SEQUENCE OWNED BY; Schema: public; Owner: root
--

ALTER SEQUENCE public.components_sections_faq_sections_id_seq OWNED BY public.components_sections_faq_sections.id;


--
-- Name: components_sections_feature_grids; Type: TABLE; Schema: public; Owner: root
--

CREATE TABLE public.components_sections_feature_grids (
    id integer NOT NULL,
    section_title character varying(255)
);


ALTER TABLE public.components_sections_feature_grids OWNER TO root;

--
-- Name: components_sections_feature_grids_cmps; Type: TABLE; Schema: public; Owner: root
--

CREATE TABLE public.components_sections_feature_grids_cmps (
    id integer NOT NULL,
    entity_id integer,
    cmp_id integer,
    component_type character varying(255),
    field character varying(255),
    "order" double precision
);


ALTER TABLE public.components_sections_feature_grids_cmps OWNER TO root;

--
-- Name: components_sections_feature_grids_cmps_id_seq; Type: SEQUENCE; Schema: public; Owner: root
--

CREATE SEQUENCE public.components_sections_feature_grids_cmps_id_seq
    AS integer
    START WITH 1
    INCREMENT BY 1
    NO MINVALUE
    NO MAXVALUE
    CACHE 1;


ALTER SEQUENCE public.components_sections_feature_grids_cmps_id_seq OWNER TO root;

--
-- Name: components_sections_feature_grids_cmps_id_seq; Type: SEQUENCE OWNED BY; Schema: public; Owner: root
--

ALTER SEQUENCE public.components_sections_feature_grids_cmps_id_seq OWNED BY public.components_sections_feature_grids_cmps.id;


--
-- Name: components_sections_feature_grids_id_seq; Type: SEQUENCE; Schema: public; Owner: root
--

CREATE SEQUENCE public.components_sections_feature_grids_id_seq
    AS integer
    START WITH 1
    INCREMENT BY 1
    NO MINVALUE
    NO MAXVALUE
    CACHE 1;


ALTER SEQUENCE public.components_sections_feature_grids_id_seq OWNER TO root;

--
-- Name: components_sections_feature_grids_id_seq; Type: SEQUENCE OWNED BY; Schema: public; Owner: root
--

ALTER SEQUENCE public.components_sections_feature_grids_id_seq OWNED BY public.components_sections_feature_grids.id;


--
-- Name: components_sections_hero_banners; Type: TABLE; Schema: public; Owner: root
--

CREATE TABLE public.components_sections_hero_banners (
    id integer NOT NULL,
    title character varying(255),
    subtitle character varying(255),
    button_text character varying(255),
    button_url character varying(255)
);


ALTER TABLE public.components_sections_hero_banners OWNER TO root;

--
-- Name: components_sections_hero_banners_id_seq; Type: SEQUENCE; Schema: public; Owner: root
--

CREATE SEQUENCE public.components_sections_hero_banners_id_seq
    AS integer
    START WITH 1
    INCREMENT BY 1
    NO MINVALUE
    NO MAXVALUE
    CACHE 1;


ALTER SEQUENCE public.components_sections_hero_banners_id_seq OWNER TO root;

--
-- Name: components_sections_hero_banners_id_seq; Type: SEQUENCE OWNED BY; Schema: public; Owner: root
--

ALTER SEQUENCE public.components_sections_hero_banners_id_seq OWNED BY public.components_sections_hero_banners.id;


--
-- Name: components_sections_image_carousels; Type: TABLE; Schema: public; Owner: root
--

CREATE TABLE public.components_sections_image_carousels (
    id integer NOT NULL
);


ALTER TABLE public.components_sections_image_carousels OWNER TO root;

--
-- Name: components_sections_image_carousels_id_seq; Type: SEQUENCE; Schema: public; Owner: root
--

CREATE SEQUENCE public.components_sections_image_carousels_id_seq
    AS integer
    START WITH 1
    INCREMENT BY 1
    NO MINVALUE
    NO MAXVALUE
    CACHE 1;


ALTER SEQUENCE public.components_sections_image_carousels_id_seq OWNER TO root;

--
-- Name: components_sections_image_carousels_id_seq; Type: SEQUENCE OWNED BY; Schema: public; Owner: root
--

ALTER SEQUENCE public.components_sections_image_carousels_id_seq OWNED BY public.components_sections_image_carousels.id;


--
-- Name: components_sections_product_sliders; Type: TABLE; Schema: public; Owner: root
--

CREATE TABLE public.components_sections_product_sliders (
    id integer NOT NULL,
    title character varying(255)
);


ALTER TABLE public.components_sections_product_sliders OWNER TO root;

--
-- Name: components_sections_product_sliders_cmps; Type: TABLE; Schema: public; Owner: root
--

CREATE TABLE public.components_sections_product_sliders_cmps (
    id integer NOT NULL,
    entity_id integer,
    cmp_id integer,
    component_type character varying(255),
    field character varying(255),
    "order" double precision
);


ALTER TABLE public.components_sections_product_sliders_cmps OWNER TO root;

--
-- Name: components_sections_product_sliders_cmps_id_seq; Type: SEQUENCE; Schema: public; Owner: root
--

CREATE SEQUENCE public.components_sections_product_sliders_cmps_id_seq
    AS integer
    START WITH 1
    INCREMENT BY 1
    NO MINVALUE
    NO MAXVALUE
    CACHE 1;


ALTER SEQUENCE public.components_sections_product_sliders_cmps_id_seq OWNER TO root;

--
-- Name: components_sections_product_sliders_cmps_id_seq; Type: SEQUENCE OWNED BY; Schema: public; Owner: root
--

ALTER SEQUENCE public.components_sections_product_sliders_cmps_id_seq OWNED BY public.components_sections_product_sliders_cmps.id;


--
-- Name: components_sections_product_sliders_id_seq; Type: SEQUENCE; Schema: public; Owner: root
--

CREATE SEQUENCE public.components_sections_product_sliders_id_seq
    AS integer
    START WITH 1
    INCREMENT BY 1
    NO MINVALUE
    NO MAXVALUE
    CACHE 1;


ALTER SEQUENCE public.components_sections_product_sliders_id_seq OWNER TO root;

--
-- Name: components_sections_product_sliders_id_seq; Type: SEQUENCE OWNED BY; Schema: public; Owner: root
--

ALTER SEQUENCE public.components_sections_product_sliders_id_seq OWNED BY public.components_sections_product_sliders.id;


--
-- Name: components_sections_promotional_ctas; Type: TABLE; Schema: public; Owner: root
--

CREATE TABLE public.components_sections_promotional_ctas (
    id integer NOT NULL,
    title character varying(255),
    body text,
    button_text character varying(255),
    button_url character varying(255)
);


ALTER TABLE public.components_sections_promotional_ctas OWNER TO root;

--
-- Name: components_sections_promotional_ctas_id_seq; Type: SEQUENCE; Schema: public; Owner: root
--

CREATE SEQUENCE public.components_sections_promotional_ctas_id_seq
    AS integer
    START WITH 1
    INCREMENT BY 1
    NO MINVALUE
    NO MAXVALUE
    CACHE 1;


ALTER SEQUENCE public.components_sections_promotional_ctas_id_seq OWNER TO root;

--
-- Name: components_sections_promotional_ctas_id_seq; Type: SEQUENCE OWNED BY; Schema: public; Owner: root
--

ALTER SEQUENCE public.components_sections_promotional_ctas_id_seq OWNED BY public.components_sections_promotional_ctas.id;


--
-- Name: components_sections_rich_text_blocks; Type: TABLE; Schema: public; Owner: root
--

CREATE TABLE public.components_sections_rich_text_blocks (
    id integer NOT NULL,
    content text
);


ALTER TABLE public.components_sections_rich_text_blocks OWNER TO root;

--
-- Name: components_sections_rich_text_blocks_id_seq; Type: SEQUENCE; Schema: public; Owner: root
--

CREATE SEQUENCE public.components_sections_rich_text_blocks_id_seq
    AS integer
    START WITH 1
    INCREMENT BY 1
    NO MINVALUE
    NO MAXVALUE
    CACHE 1;


ALTER SEQUENCE public.components_sections_rich_text_blocks_id_seq OWNER TO root;

--
-- Name: components_sections_rich_text_blocks_id_seq; Type: SEQUENCE OWNED BY; Schema: public; Owner: root
--

ALTER SEQUENCE public.components_sections_rich_text_blocks_id_seq OWNED BY public.components_sections_rich_text_blocks.id;


--
-- Name: components_sections_testimonials; Type: TABLE; Schema: public; Owner: root
--

CREATE TABLE public.components_sections_testimonials (
    id integer NOT NULL,
    section_title character varying(255)
);


ALTER TABLE public.components_sections_testimonials OWNER TO root;

--
-- Name: components_sections_testimonials_cmps; Type: TABLE; Schema: public; Owner: root
--

CREATE TABLE public.components_sections_testimonials_cmps (
    id integer NOT NULL,
    entity_id integer,
    cmp_id integer,
    component_type character varying(255),
    field character varying(255),
    "order" double precision
);


ALTER TABLE public.components_sections_testimonials_cmps OWNER TO root;

--
-- Name: components_sections_testimonials_cmps_id_seq; Type: SEQUENCE; Schema: public; Owner: root
--

CREATE SEQUENCE public.components_sections_testimonials_cmps_id_seq
    AS integer
    START WITH 1
    INCREMENT BY 1
    NO MINVALUE
    NO MAXVALUE
    CACHE 1;


ALTER SEQUENCE public.components_sections_testimonials_cmps_id_seq OWNER TO root;

--
-- Name: components_sections_testimonials_cmps_id_seq; Type: SEQUENCE OWNED BY; Schema: public; Owner: root
--

ALTER SEQUENCE public.components_sections_testimonials_cmps_id_seq OWNED BY public.components_sections_testimonials_cmps.id;


--
-- Name: components_sections_testimonials_id_seq; Type: SEQUENCE; Schema: public; Owner: root
--

CREATE SEQUENCE public.components_sections_testimonials_id_seq
    AS integer
    START WITH 1
    INCREMENT BY 1
    NO MINVALUE
    NO MAXVALUE
    CACHE 1;


ALTER SEQUENCE public.components_sections_testimonials_id_seq OWNER TO root;

--
-- Name: components_sections_testimonials_id_seq; Type: SEQUENCE OWNED BY; Schema: public; Owner: root
--

ALTER SEQUENCE public.components_sections_testimonials_id_seq OWNED BY public.components_sections_testimonials.id;


--
-- Name: components_shared_category_cards; Type: TABLE; Schema: public; Owner: root
--

CREATE TABLE public.components_shared_category_cards (
    id integer NOT NULL,
    name character varying(255),
    description text,
    link character varying(255)
);


ALTER TABLE public.components_shared_category_cards OWNER TO root;

--
-- Name: components_shared_category_cards_id_seq; Type: SEQUENCE; Schema: public; Owner: root
--

CREATE SEQUENCE public.components_shared_category_cards_id_seq
    AS integer
    START WITH 1
    INCREMENT BY 1
    NO MINVALUE
    NO MAXVALUE
    CACHE 1;


ALTER SEQUENCE public.components_shared_category_cards_id_seq OWNER TO root;

--
-- Name: components_shared_category_cards_id_seq; Type: SEQUENCE OWNED BY; Schema: public; Owner: root
--

ALTER SEQUENCE public.components_shared_category_cards_id_seq OWNED BY public.components_shared_category_cards.id;


--
-- Name: components_shared_features; Type: TABLE; Schema: public; Owner: root
--

CREATE TABLE public.components_shared_features (
    id integer NOT NULL,
    title character varying(255),
    description text
);


ALTER TABLE public.components_shared_features OWNER TO root;

--
-- Name: components_shared_features_id_seq; Type: SEQUENCE; Schema: public; Owner: root
--

CREATE SEQUENCE public.components_shared_features_id_seq
    AS integer
    START WITH 1
    INCREMENT BY 1
    NO MINVALUE
    NO MAXVALUE
    CACHE 1;


ALTER SEQUENCE public.components_shared_features_id_seq OWNER TO root;

--
-- Name: components_shared_features_id_seq; Type: SEQUENCE OWNED BY; Schema: public; Owner: root
--

ALTER SEQUENCE public.components_shared_features_id_seq OWNED BY public.components_shared_features.id;


--
-- Name: components_shared_media; Type: TABLE; Schema: public; Owner: root
--

CREATE TABLE public.components_shared_media (
    id integer NOT NULL
);


ALTER TABLE public.components_shared_media OWNER TO root;

--
-- Name: components_shared_media_id_seq; Type: SEQUENCE; Schema: public; Owner: root
--

CREATE SEQUENCE public.components_shared_media_id_seq
    AS integer
    START WITH 1
    INCREMENT BY 1
    NO MINVALUE
    NO MAXVALUE
    CACHE 1;


ALTER SEQUENCE public.components_shared_media_id_seq OWNER TO root;

--
-- Name: components_shared_media_id_seq; Type: SEQUENCE OWNED BY; Schema: public; Owner: root
--

ALTER SEQUENCE public.components_shared_media_id_seq OWNED BY public.components_shared_media.id;


--
-- Name: components_shared_post_teasers; Type: TABLE; Schema: public; Owner: root
--

CREATE TABLE public.components_shared_post_teasers (
    id integer NOT NULL,
    title character varying(255),
    summary text,
    link character varying(255)
);


ALTER TABLE public.components_shared_post_teasers OWNER TO root;

--
-- Name: components_shared_post_teasers_id_seq; Type: SEQUENCE; Schema: public; Owner: root
--

CREATE SEQUENCE public.components_shared_post_teasers_id_seq
    AS integer
    START WITH 1
    INCREMENT BY 1
    NO MINVALUE
    NO MAXVALUE
    CACHE 1;


ALTER SEQUENCE public.components_shared_post_teasers_id_seq OWNER TO root;

--
-- Name: components_shared_post_teasers_id_seq; Type: SEQUENCE OWNED BY; Schema: public; Owner: root
--

ALTER SEQUENCE public.components_shared_post_teasers_id_seq OWNED BY public.components_shared_post_teasers.id;


--
-- Name: components_shared_product_slides; Type: TABLE; Schema: public; Owner: root
--

CREATE TABLE public.components_shared_product_slides (
    id integer NOT NULL,
    name character varying(255),
    description text,
    link character varying(255)
);


ALTER TABLE public.components_shared_product_slides OWNER TO root;

--
-- Name: components_shared_product_slides_id_seq; Type: SEQUENCE; Schema: public; Owner: root
--

CREATE SEQUENCE public.components_shared_product_slides_id_seq
    AS integer
    START WITH 1
    INCREMENT BY 1
    NO MINVALUE
    NO MAXVALUE
    CACHE 1;


ALTER SEQUENCE public.components_shared_product_slides_id_seq OWNER TO root;

--
-- Name: components_shared_product_slides_id_seq; Type: SEQUENCE OWNED BY; Schema: public; Owner: root
--

ALTER SEQUENCE public.components_shared_product_slides_id_seq OWNED BY public.components_shared_product_slides.id;


--
-- Name: components_shared_quotes; Type: TABLE; Schema: public; Owner: root
--

CREATE TABLE public.components_shared_quotes (
    id integer NOT NULL,
    title character varying(255),
    body text
);


ALTER TABLE public.components_shared_quotes OWNER TO root;

--
-- Name: components_shared_quotes_id_seq; Type: SEQUENCE; Schema: public; Owner: root
--

CREATE SEQUENCE public.components_shared_quotes_id_seq
    AS integer
    START WITH 1
    INCREMENT BY 1
    NO MINVALUE
    NO MAXVALUE
    CACHE 1;


ALTER SEQUENCE public.components_shared_quotes_id_seq OWNER TO root;

--
-- Name: components_shared_quotes_id_seq; Type: SEQUENCE OWNED BY; Schema: public; Owner: root
--

ALTER SEQUENCE public.components_shared_quotes_id_seq OWNED BY public.components_shared_quotes.id;


--
-- Name: components_shared_rich_texts; Type: TABLE; Schema: public; Owner: root
--

CREATE TABLE public.components_shared_rich_texts (
    id integer NOT NULL,
    body text
);


ALTER TABLE public.components_shared_rich_texts OWNER TO root;

--
-- Name: components_shared_rich_texts_id_seq; Type: SEQUENCE; Schema: public; Owner: root
--

CREATE SEQUENCE public.components_shared_rich_texts_id_seq
    AS integer
    START WITH 1
    INCREMENT BY 1
    NO MINVALUE
    NO MAXVALUE
    CACHE 1;


ALTER SEQUENCE public.components_shared_rich_texts_id_seq OWNER TO root;

--
-- Name: components_shared_rich_texts_id_seq; Type: SEQUENCE OWNED BY; Schema: public; Owner: root
--

ALTER SEQUENCE public.components_shared_rich_texts_id_seq OWNED BY public.components_shared_rich_texts.id;


--
-- Name: components_shared_seos; Type: TABLE; Schema: public; Owner: root
--

CREATE TABLE public.components_shared_seos (
    id integer NOT NULL,
    meta_title character varying(255),
    meta_description text
);


ALTER TABLE public.components_shared_seos OWNER TO root;

--
-- Name: components_shared_seos_id_seq; Type: SEQUENCE; Schema: public; Owner: root
--

CREATE SEQUENCE public.components_shared_seos_id_seq
    AS integer
    START WITH 1
    INCREMENT BY 1
    NO MINVALUE
    NO MAXVALUE
    CACHE 1;


ALTER SEQUENCE public.components_shared_seos_id_seq OWNER TO root;

--
-- Name: components_shared_seos_id_seq; Type: SEQUENCE OWNED BY; Schema: public; Owner: root
--

ALTER SEQUENCE public.components_shared_seos_id_seq OWNED BY public.components_shared_seos.id;


--
-- Name: components_shared_sliders; Type: TABLE; Schema: public; Owner: root
--

CREATE TABLE public.components_shared_sliders (
    id integer NOT NULL
);


ALTER TABLE public.components_shared_sliders OWNER TO root;

--
-- Name: components_shared_sliders_id_seq; Type: SEQUENCE; Schema: public; Owner: root
--

CREATE SEQUENCE public.components_shared_sliders_id_seq
    AS integer
    START WITH 1
    INCREMENT BY 1
    NO MINVALUE
    NO MAXVALUE
    CACHE 1;


ALTER SEQUENCE public.components_shared_sliders_id_seq OWNER TO root;

--
-- Name: components_shared_sliders_id_seq; Type: SEQUENCE OWNED BY; Schema: public; Owner: root
--

ALTER SEQUENCE public.components_shared_sliders_id_seq OWNED BY public.components_shared_sliders.id;


--
-- Name: components_shared_testimonials; Type: TABLE; Schema: public; Owner: root
--

CREATE TABLE public.components_shared_testimonials (
    id integer NOT NULL,
    quote text,
    author_name character varying(255),
    author_title character varying(255)
);


ALTER TABLE public.components_shared_testimonials OWNER TO root;

--
-- Name: components_shared_testimonials_id_seq; Type: SEQUENCE; Schema: public; Owner: root
--

CREATE SEQUENCE public.components_shared_testimonials_id_seq
    AS integer
    START WITH 1
    INCREMENT BY 1
    NO MINVALUE
    NO MAXVALUE
    CACHE 1;


ALTER SEQUENCE public.components_shared_testimonials_id_seq OWNER TO root;

--
-- Name: components_shared_testimonials_id_seq; Type: SEQUENCE OWNED BY; Schema: public; Owner: root
--

ALTER SEQUENCE public.components_shared_testimonials_id_seq OWNED BY public.components_shared_testimonials.id;


--
-- Name: files; Type: TABLE; Schema: public; Owner: root
--

CREATE TABLE public.files (
    id integer NOT NULL,
    document_id character varying(255),
    name character varying(255),
    alternative_text character varying(255),
    caption character varying(255),
    width integer,
    height integer,
    formats jsonb,
    hash character varying(255),
    ext character varying(255),
    mime character varying(255),
    size numeric(10,2),
    url character varying(255),
    preview_url character varying(255),
    provider character varying(255),
    provider_metadata jsonb,
    folder_path character varying(255),
    created_at timestamp(6) without time zone,
    updated_at timestamp(6) without time zone,
    published_at timestamp(6) without time zone,
    created_by_id integer,
    updated_by_id integer,
    locale character varying(255)
);


ALTER TABLE public.files OWNER TO root;

--
-- Name: files_folder_lnk; Type: TABLE; Schema: public; Owner: root
--

CREATE TABLE public.files_folder_lnk (
    id integer NOT NULL,
    file_id integer,
    folder_id integer,
    file_ord double precision
);


ALTER TABLE public.files_folder_lnk OWNER TO root;

--
-- Name: files_folder_lnk_id_seq; Type: SEQUENCE; Schema: public; Owner: root
--

CREATE SEQUENCE public.files_folder_lnk_id_seq
    AS integer
    START WITH 1
    INCREMENT BY 1
    NO MINVALUE
    NO MAXVALUE
    CACHE 1;


ALTER SEQUENCE public.files_folder_lnk_id_seq OWNER TO root;

--
-- Name: files_folder_lnk_id_seq; Type: SEQUENCE OWNED BY; Schema: public; Owner: root
--

ALTER SEQUENCE public.files_folder_lnk_id_seq OWNED BY public.files_folder_lnk.id;


--
-- Name: files_id_seq; Type: SEQUENCE; Schema: public; Owner: root
--

CREATE SEQUENCE public.files_id_seq
    AS integer
    START WITH 1
    INCREMENT BY 1
    NO MINVALUE
    NO MAXVALUE
    CACHE 1;


ALTER SEQUENCE public.files_id_seq OWNER TO root;

--
-- Name: files_id_seq; Type: SEQUENCE OWNED BY; Schema: public; Owner: root
--

ALTER SEQUENCE public.files_id_seq OWNED BY public.files.id;


--
-- Name: files_related_mph; Type: TABLE; Schema: public; Owner: root
--

CREATE TABLE public.files_related_mph (
    id integer NOT NULL,
    file_id integer,
    related_id integer,
    related_type character varying(255),
    field character varying(255),
    "order" double precision
);


ALTER TABLE public.files_related_mph OWNER TO root;

--
-- Name: files_related_mph_id_seq; Type: SEQUENCE; Schema: public; Owner: root
--

CREATE SEQUENCE public.files_related_mph_id_seq
    AS integer
    START WITH 1
    INCREMENT BY 1
    NO MINVALUE
    NO MAXVALUE
    CACHE 1;


ALTER SEQUENCE public.files_related_mph_id_seq OWNER TO root;

--
-- Name: files_related_mph_id_seq; Type: SEQUENCE OWNED BY; Schema: public; Owner: root
--

ALTER SEQUENCE public.files_related_mph_id_seq OWNED BY public.files_related_mph.id;


--
-- Name: globals; Type: TABLE; Schema: public; Owner: root
--

CREATE TABLE public.globals (
    id integer NOT NULL,
    document_id character varying(255),
    site_name character varying(255),
    site_description text,
    created_at timestamp(6) without time zone,
    updated_at timestamp(6) without time zone,
    published_at timestamp(6) without time zone,
    created_by_id integer,
    updated_by_id integer,
    locale character varying(255)
);


ALTER TABLE public.globals OWNER TO root;

--
-- Name: globals_cmps; Type: TABLE; Schema: public; Owner: root
--

CREATE TABLE public.globals_cmps (
    id integer NOT NULL,
    entity_id integer,
    cmp_id integer,
    component_type character varying(255),
    field character varying(255),
    "order" double precision
);


ALTER TABLE public.globals_cmps OWNER TO root;

--
-- Name: globals_cmps_id_seq; Type: SEQUENCE; Schema: public; Owner: root
--

CREATE SEQUENCE public.globals_cmps_id_seq
    AS integer
    START WITH 1
    INCREMENT BY 1
    NO MINVALUE
    NO MAXVALUE
    CACHE 1;


ALTER SEQUENCE public.globals_cmps_id_seq OWNER TO root;

--
-- Name: globals_cmps_id_seq; Type: SEQUENCE OWNED BY; Schema: public; Owner: root
--

ALTER SEQUENCE public.globals_cmps_id_seq OWNED BY public.globals_cmps.id;


--
-- Name: globals_id_seq; Type: SEQUENCE; Schema: public; Owner: root
--

CREATE SEQUENCE public.globals_id_seq
    AS integer
    START WITH 1
    INCREMENT BY 1
    NO MINVALUE
    NO MAXVALUE
    CACHE 1;


ALTER SEQUENCE public.globals_id_seq OWNER TO root;

--
-- Name: globals_id_seq; Type: SEQUENCE OWNED BY; Schema: public; Owner: root
--

ALTER SEQUENCE public.globals_id_seq OWNED BY public.globals.id;


--
-- Name: i18n_locale; Type: TABLE; Schema: public; Owner: root
--

CREATE TABLE public.i18n_locale (
    id integer NOT NULL,
    document_id character varying(255),
    name character varying(255),
    code character varying(255),
    created_at timestamp(6) without time zone,
    updated_at timestamp(6) without time zone,
    published_at timestamp(6) without time zone,
    created_by_id integer,
    updated_by_id integer,
    locale character varying(255)
);


ALTER TABLE public.i18n_locale OWNER TO root;

--
-- Name: i18n_locale_id_seq; Type: SEQUENCE; Schema: public; Owner: root
--

CREATE SEQUENCE public.i18n_locale_id_seq
    AS integer
    START WITH 1
    INCREMENT BY 1
    NO MINVALUE
    NO MAXVALUE
    CACHE 1;


ALTER SEQUENCE public.i18n_locale_id_seq OWNER TO root;

--
-- Name: i18n_locale_id_seq; Type: SEQUENCE OWNED BY; Schema: public; Owner: root
--

ALTER SEQUENCE public.i18n_locale_id_seq OWNED BY public.i18n_locale.id;


--
-- Name: kitchen_estimators; Type: TABLE; Schema: public; Owner: root
--

CREATE TABLE public.kitchen_estimators (
    id integer NOT NULL,
    document_id character varying(255),
    title character varying(255),
    created_at timestamp(6) without time zone,
    updated_at timestamp(6) without time zone,
    published_at timestamp(6) without time zone,
    created_by_id integer,
    updated_by_id integer,
    locale character varying(255)
);


ALTER TABLE public.kitchen_estimators OWNER TO root;

--
-- Name: kitchen_estimators_cmps; Type: TABLE; Schema: public; Owner: root
--

CREATE TABLE public.kitchen_estimators_cmps (
    id integer NOT NULL,
    entity_id integer,
    cmp_id integer,
    component_type character varying(255),
    field character varying(255),
    "order" double precision
);


ALTER TABLE public.kitchen_estimators_cmps OWNER TO root;

--
-- Name: kitchen_estimators_cmps_id_seq; Type: SEQUENCE; Schema: public; Owner: root
--

CREATE SEQUENCE public.kitchen_estimators_cmps_id_seq
    AS integer
    START WITH 1
    INCREMENT BY 1
    NO MINVALUE
    NO MAXVALUE
    CACHE 1;


ALTER SEQUENCE public.kitchen_estimators_cmps_id_seq OWNER TO root;

--
-- Name: kitchen_estimators_cmps_id_seq; Type: SEQUENCE OWNED BY; Schema: public; Owner: root
--

ALTER SEQUENCE public.kitchen_estimators_cmps_id_seq OWNED BY public.kitchen_estimators_cmps.id;


--
-- Name: kitchen_estimators_id_seq; Type: SEQUENCE; Schema: public; Owner: root
--

CREATE SEQUENCE public.kitchen_estimators_id_seq
    AS integer
    START WITH 1
    INCREMENT BY 1
    NO MINVALUE
    NO MAXVALUE
    CACHE 1;


ALTER SEQUENCE public.kitchen_estimators_id_seq OWNER TO root;

--
-- Name: kitchen_estimators_id_seq; Type: SEQUENCE OWNED BY; Schema: public; Owner: root
--

ALTER SEQUENCE public.kitchen_estimators_id_seq OWNED BY public.kitchen_estimators.id;


--
-- Name: pages; Type: TABLE; Schema: public; Owner: root
--

CREATE TABLE public.pages (
    id integer NOT NULL,
    document_id character varying(255),
    title character varying(255),
    slug character varying(255),
    publish_at timestamp(6) without time zone,
    created_at timestamp(6) without time zone,
    updated_at timestamp(6) without time zone,
    published_at timestamp(6) without time zone,
    created_by_id integer,
    updated_by_id integer,
    locale character varying(255)
);


ALTER TABLE public.pages OWNER TO root;

--
-- Name: pages_cmps; Type: TABLE; Schema: public; Owner: root
--

CREATE TABLE public.pages_cmps (
    id integer NOT NULL,
    entity_id integer,
    cmp_id integer,
    component_type character varying(255),
    field character varying(255),
    "order" double precision
);


ALTER TABLE public.pages_cmps OWNER TO root;

--
-- Name: pages_cmps_id_seq; Type: SEQUENCE; Schema: public; Owner: root
--

CREATE SEQUENCE public.pages_cmps_id_seq
    AS integer
    START WITH 1
    INCREMENT BY 1
    NO MINVALUE
    NO MAXVALUE
    CACHE 1;


ALTER SEQUENCE public.pages_cmps_id_seq OWNER TO root;

--
-- Name: pages_cmps_id_seq; Type: SEQUENCE OWNED BY; Schema: public; Owner: root
--

ALTER SEQUENCE public.pages_cmps_id_seq OWNED BY public.pages_cmps.id;


--
-- Name: pages_id_seq; Type: SEQUENCE; Schema: public; Owner: root
--

CREATE SEQUENCE public.pages_id_seq
    AS integer
    START WITH 1
    INCREMENT BY 1
    NO MINVALUE
    NO MAXVALUE
    CACHE 1;


ALTER SEQUENCE public.pages_id_seq OWNER TO root;

--
-- Name: pages_id_seq; Type: SEQUENCE OWNED BY; Schema: public; Owner: root
--

ALTER SEQUENCE public.pages_id_seq OWNED BY public.pages.id;


--
-- Name: strapi_api_token_permissions; Type: TABLE; Schema: public; Owner: root
--

CREATE TABLE public.strapi_api_token_permissions (
    id integer NOT NULL,
    document_id character varying(255),
    action character varying(255),
    created_at timestamp(6) without time zone,
    updated_at timestamp(6) without time zone,
    published_at timestamp(6) without time zone,
    created_by_id integer,
    updated_by_id integer,
    locale character varying(255)
);


ALTER TABLE public.strapi_api_token_permissions OWNER TO root;

--
-- Name: strapi_api_token_permissions_id_seq; Type: SEQUENCE; Schema: public; Owner: root
--

CREATE SEQUENCE public.strapi_api_token_permissions_id_seq
    AS integer
    START WITH 1
    INCREMENT BY 1
    NO MINVALUE
    NO MAXVALUE
    CACHE 1;


ALTER SEQUENCE public.strapi_api_token_permissions_id_seq OWNER TO root;

--
-- Name: strapi_api_token_permissions_id_seq; Type: SEQUENCE OWNED BY; Schema: public; Owner: root
--

ALTER SEQUENCE public.strapi_api_token_permissions_id_seq OWNED BY public.strapi_api_token_permissions.id;


--
-- Name: strapi_api_token_permissions_token_lnk; Type: TABLE; Schema: public; Owner: root
--

CREATE TABLE public.strapi_api_token_permissions_token_lnk (
    id integer NOT NULL,
    api_token_permission_id integer,
    api_token_id integer,
    api_token_permission_ord double precision
);


ALTER TABLE public.strapi_api_token_permissions_token_lnk OWNER TO root;

--
-- Name: strapi_api_token_permissions_token_lnk_id_seq; Type: SEQUENCE; Schema: public; Owner: root
--

CREATE SEQUENCE public.strapi_api_token_permissions_token_lnk_id_seq
    AS integer
    START WITH 1
    INCREMENT BY 1
    NO MINVALUE
    NO MAXVALUE
    CACHE 1;


ALTER SEQUENCE public.strapi_api_token_permissions_token_lnk_id_seq OWNER TO root;

--
-- Name: strapi_api_token_permissions_token_lnk_id_seq; Type: SEQUENCE OWNED BY; Schema: public; Owner: root
--

ALTER SEQUENCE public.strapi_api_token_permissions_token_lnk_id_seq OWNED BY public.strapi_api_token_permissions_token_lnk.id;


--
-- Name: strapi_api_tokens; Type: TABLE; Schema: public; Owner: root
--

CREATE TABLE public.strapi_api_tokens (
    id integer NOT NULL,
    document_id character varying(255),
    name character varying(255),
    description character varying(255),
    type character varying(255),
    access_key character varying(255),
    encrypted_key text,
    last_used_at timestamp(6) without time zone,
    expires_at timestamp(6) without time zone,
    lifespan bigint,
    created_at timestamp(6) without time zone,
    updated_at timestamp(6) without time zone,
    published_at timestamp(6) without time zone,
    created_by_id integer,
    updated_by_id integer,
    locale character varying(255)
);


ALTER TABLE public.strapi_api_tokens OWNER TO root;

--
-- Name: strapi_api_tokens_id_seq; Type: SEQUENCE; Schema: public; Owner: root
--

CREATE SEQUENCE public.strapi_api_tokens_id_seq
    AS integer
    START WITH 1
    INCREMENT BY 1
    NO MINVALUE
    NO MAXVALUE
    CACHE 1;


ALTER SEQUENCE public.strapi_api_tokens_id_seq OWNER TO root;

--
-- Name: strapi_api_tokens_id_seq; Type: SEQUENCE OWNED BY; Schema: public; Owner: root
--

ALTER SEQUENCE public.strapi_api_tokens_id_seq OWNED BY public.strapi_api_tokens.id;


--
-- Name: strapi_core_store_settings; Type: TABLE; Schema: public; Owner: root
--

CREATE TABLE public.strapi_core_store_settings (
    id integer NOT NULL,
    key character varying(255),
    value text,
    type character varying(255),
    environment character varying(255),
    tag character varying(255)
);


ALTER TABLE public.strapi_core_store_settings OWNER TO root;

--
-- Name: strapi_core_store_settings_id_seq; Type: SEQUENCE; Schema: public; Owner: root
--

CREATE SEQUENCE public.strapi_core_store_settings_id_seq
    AS integer
    START WITH 1
    INCREMENT BY 1
    NO MINVALUE
    NO MAXVALUE
    CACHE 1;


ALTER SEQUENCE public.strapi_core_store_settings_id_seq OWNER TO root;

--
-- Name: strapi_core_store_settings_id_seq; Type: SEQUENCE OWNED BY; Schema: public; Owner: root
--

ALTER SEQUENCE public.strapi_core_store_settings_id_seq OWNED BY public.strapi_core_store_settings.id;


--
-- Name: strapi_database_schema; Type: TABLE; Schema: public; Owner: root
--

CREATE TABLE public.strapi_database_schema (
    id integer NOT NULL,
    schema json,
    "time" timestamp without time zone,
    hash character varying(255)
);


ALTER TABLE public.strapi_database_schema OWNER TO root;

--
-- Name: strapi_database_schema_id_seq; Type: SEQUENCE; Schema: public; Owner: root
--

CREATE SEQUENCE public.strapi_database_schema_id_seq
    AS integer
    START WITH 1
    INCREMENT BY 1
    NO MINVALUE
    NO MAXVALUE
    CACHE 1;


ALTER SEQUENCE public.strapi_database_schema_id_seq OWNER TO root;

--
-- Name: strapi_database_schema_id_seq; Type: SEQUENCE OWNED BY; Schema: public; Owner: root
--

ALTER SEQUENCE public.strapi_database_schema_id_seq OWNED BY public.strapi_database_schema.id;


--
-- Name: strapi_history_versions; Type: TABLE; Schema: public; Owner: root
--

CREATE TABLE public.strapi_history_versions (
    id integer NOT NULL,
    content_type character varying(255) NOT NULL,
    related_document_id character varying(255),
    locale character varying(255),
    status character varying(255),
    data jsonb,
    schema jsonb,
    created_at timestamp(6) without time zone,
    created_by_id integer
);


ALTER TABLE public.strapi_history_versions OWNER TO root;

--
-- Name: strapi_history_versions_id_seq; Type: SEQUENCE; Schema: public; Owner: root
--

CREATE SEQUENCE public.strapi_history_versions_id_seq
    AS integer
    START WITH 1
    INCREMENT BY 1
    NO MINVALUE
    NO MAXVALUE
    CACHE 1;


ALTER SEQUENCE public.strapi_history_versions_id_seq OWNER TO root;

--
-- Name: strapi_history_versions_id_seq; Type: SEQUENCE OWNED BY; Schema: public; Owner: root
--

ALTER SEQUENCE public.strapi_history_versions_id_seq OWNED BY public.strapi_history_versions.id;


--
-- Name: strapi_migrations; Type: TABLE; Schema: public; Owner: root
--

CREATE TABLE public.strapi_migrations (
    id integer NOT NULL,
    name character varying(255),
    "time" timestamp without time zone
);


ALTER TABLE public.strapi_migrations OWNER TO root;

--
-- Name: strapi_migrations_id_seq; Type: SEQUENCE; Schema: public; Owner: root
--

CREATE SEQUENCE public.strapi_migrations_id_seq
    AS integer
    START WITH 1
    INCREMENT BY 1
    NO MINVALUE
    NO MAXVALUE
    CACHE 1;


ALTER SEQUENCE public.strapi_migrations_id_seq OWNER TO root;

--
-- Name: strapi_migrations_id_seq; Type: SEQUENCE OWNED BY; Schema: public; Owner: root
--

ALTER SEQUENCE public.strapi_migrations_id_seq OWNED BY public.strapi_migrations.id;


--
-- Name: strapi_migrations_internal; Type: TABLE; Schema: public; Owner: root
--

CREATE TABLE public.strapi_migrations_internal (
    id integer NOT NULL,
    name character varying(255),
    "time" timestamp without time zone
);


ALTER TABLE public.strapi_migrations_internal OWNER TO root;

--
-- Name: strapi_migrations_internal_id_seq; Type: SEQUENCE; Schema: public; Owner: root
--

CREATE SEQUENCE public.strapi_migrations_internal_id_seq
    AS integer
    START WITH 1
    INCREMENT BY 1
    NO MINVALUE
    NO MAXVALUE
    CACHE 1;


ALTER SEQUENCE public.strapi_migrations_internal_id_seq OWNER TO root;

--
-- Name: strapi_migrations_internal_id_seq; Type: SEQUENCE OWNED BY; Schema: public; Owner: root
--

ALTER SEQUENCE public.strapi_migrations_internal_id_seq OWNED BY public.strapi_migrations_internal.id;


--
-- Name: strapi_release_actions; Type: TABLE; Schema: public; Owner: root
--

CREATE TABLE public.strapi_release_actions (
    id integer NOT NULL,
    document_id character varying(255),
    type character varying(255),
    content_type character varying(255),
    entry_document_id character varying(255),
    locale character varying(255),
    is_entry_valid boolean,
    created_at timestamp(6) without time zone,
    updated_at timestamp(6) without time zone,
    published_at timestamp(6) without time zone,
    created_by_id integer,
    updated_by_id integer
);


ALTER TABLE public.strapi_release_actions OWNER TO root;

--
-- Name: strapi_release_actions_id_seq; Type: SEQUENCE; Schema: public; Owner: root
--

CREATE SEQUENCE public.strapi_release_actions_id_seq
    AS integer
    START WITH 1
    INCREMENT BY 1
    NO MINVALUE
    NO MAXVALUE
    CACHE 1;


ALTER SEQUENCE public.strapi_release_actions_id_seq OWNER TO root;

--
-- Name: strapi_release_actions_id_seq; Type: SEQUENCE OWNED BY; Schema: public; Owner: root
--

ALTER SEQUENCE public.strapi_release_actions_id_seq OWNED BY public.strapi_release_actions.id;


--
-- Name: strapi_release_actions_release_lnk; Type: TABLE; Schema: public; Owner: root
--

CREATE TABLE public.strapi_release_actions_release_lnk (
    id integer NOT NULL,
    release_action_id integer,
    release_id integer,
    release_action_ord double precision
);


ALTER TABLE public.strapi_release_actions_release_lnk OWNER TO root;

--
-- Name: strapi_release_actions_release_lnk_id_seq; Type: SEQUENCE; Schema: public; Owner: root
--

CREATE SEQUENCE public.strapi_release_actions_release_lnk_id_seq
    AS integer
    START WITH 1
    INCREMENT BY 1
    NO MINVALUE
    NO MAXVALUE
    CACHE 1;


ALTER SEQUENCE public.strapi_release_actions_release_lnk_id_seq OWNER TO root;

--
-- Name: strapi_release_actions_release_lnk_id_seq; Type: SEQUENCE OWNED BY; Schema: public; Owner: root
--

ALTER SEQUENCE public.strapi_release_actions_release_lnk_id_seq OWNED BY public.strapi_release_actions_release_lnk.id;


--
-- Name: strapi_releases; Type: TABLE; Schema: public; Owner: root
--

CREATE TABLE public.strapi_releases (
    id integer NOT NULL,
    document_id character varying(255),
    name character varying(255),
    released_at timestamp(6) without time zone,
    scheduled_at timestamp(6) without time zone,
    timezone character varying(255),
    status character varying(255),
    created_at timestamp(6) without time zone,
    updated_at timestamp(6) without time zone,
    published_at timestamp(6) without time zone,
    created_by_id integer,
    updated_by_id integer,
    locale character varying(255)
);


ALTER TABLE public.strapi_releases OWNER TO root;

--
-- Name: strapi_releases_id_seq; Type: SEQUENCE; Schema: public; Owner: root
--

CREATE SEQUENCE public.strapi_releases_id_seq
    AS integer
    START WITH 1
    INCREMENT BY 1
    NO MINVALUE
    NO MAXVALUE
    CACHE 1;


ALTER SEQUENCE public.strapi_releases_id_seq OWNER TO root;

--
-- Name: strapi_releases_id_seq; Type: SEQUENCE OWNED BY; Schema: public; Owner: root
--

ALTER SEQUENCE public.strapi_releases_id_seq OWNED BY public.strapi_releases.id;


--
-- Name: strapi_transfer_token_permissions; Type: TABLE; Schema: public; Owner: root
--

CREATE TABLE public.strapi_transfer_token_permissions (
    id integer NOT NULL,
    document_id character varying(255),
    action character varying(255),
    created_at timestamp(6) without time zone,
    updated_at timestamp(6) without time zone,
    published_at timestamp(6) without time zone,
    created_by_id integer,
    updated_by_id integer,
    locale character varying(255)
);


ALTER TABLE public.strapi_transfer_token_permissions OWNER TO root;

--
-- Name: strapi_transfer_token_permissions_id_seq; Type: SEQUENCE; Schema: public; Owner: root
--

CREATE SEQUENCE public.strapi_transfer_token_permissions_id_seq
    AS integer
    START WITH 1
    INCREMENT BY 1
    NO MINVALUE
    NO MAXVALUE
    CACHE 1;


ALTER SEQUENCE public.strapi_transfer_token_permissions_id_seq OWNER TO root;

--
-- Name: strapi_transfer_token_permissions_id_seq; Type: SEQUENCE OWNED BY; Schema: public; Owner: root
--

ALTER SEQUENCE public.strapi_transfer_token_permissions_id_seq OWNED BY public.strapi_transfer_token_permissions.id;


--
-- Name: strapi_transfer_token_permissions_token_lnk; Type: TABLE; Schema: public; Owner: root
--

CREATE TABLE public.strapi_transfer_token_permissions_token_lnk (
    id integer NOT NULL,
    transfer_token_permission_id integer,
    transfer_token_id integer,
    transfer_token_permission_ord double precision
);


ALTER TABLE public.strapi_transfer_token_permissions_token_lnk OWNER TO root;

--
-- Name: strapi_transfer_token_permissions_token_lnk_id_seq; Type: SEQUENCE; Schema: public; Owner: root
--

CREATE SEQUENCE public.strapi_transfer_token_permissions_token_lnk_id_seq
    AS integer
    START WITH 1
    INCREMENT BY 1
    NO MINVALUE
    NO MAXVALUE
    CACHE 1;


ALTER SEQUENCE public.strapi_transfer_token_permissions_token_lnk_id_seq OWNER TO root;

--
-- Name: strapi_transfer_token_permissions_token_lnk_id_seq; Type: SEQUENCE OWNED BY; Schema: public; Owner: root
--

ALTER SEQUENCE public.strapi_transfer_token_permissions_token_lnk_id_seq OWNED BY public.strapi_transfer_token_permissions_token_lnk.id;


--
-- Name: strapi_transfer_tokens; Type: TABLE; Schema: public; Owner: root
--

CREATE TABLE public.strapi_transfer_tokens (
    id integer NOT NULL,
    document_id character varying(255),
    name character varying(255),
    description character varying(255),
    access_key character varying(255),
    last_used_at timestamp(6) without time zone,
    expires_at timestamp(6) without time zone,
    lifespan bigint,
    created_at timestamp(6) without time zone,
    updated_at timestamp(6) without time zone,
    published_at timestamp(6) without time zone,
    created_by_id integer,
    updated_by_id integer,
    locale character varying(255)
);


ALTER TABLE public.strapi_transfer_tokens OWNER TO root;

--
-- Name: strapi_transfer_tokens_id_seq; Type: SEQUENCE; Schema: public; Owner: root
--

CREATE SEQUENCE public.strapi_transfer_tokens_id_seq
    AS integer
    START WITH 1
    INCREMENT BY 1
    NO MINVALUE
    NO MAXVALUE
    CACHE 1;


ALTER SEQUENCE public.strapi_transfer_tokens_id_seq OWNER TO root;

--
-- Name: strapi_transfer_tokens_id_seq; Type: SEQUENCE OWNED BY; Schema: public; Owner: root
--

ALTER SEQUENCE public.strapi_transfer_tokens_id_seq OWNED BY public.strapi_transfer_tokens.id;


--
-- Name: strapi_webhooks; Type: TABLE; Schema: public; Owner: root
--

CREATE TABLE public.strapi_webhooks (
    id integer NOT NULL,
    name character varying(255),
    url text,
    headers jsonb,
    events jsonb,
    enabled boolean
);


ALTER TABLE public.strapi_webhooks OWNER TO root;

--
-- Name: strapi_webhooks_id_seq; Type: SEQUENCE; Schema: public; Owner: root
--

CREATE SEQUENCE public.strapi_webhooks_id_seq
    AS integer
    START WITH 1
    INCREMENT BY 1
    NO MINVALUE
    NO MAXVALUE
    CACHE 1;


ALTER SEQUENCE public.strapi_webhooks_id_seq OWNER TO root;

--
-- Name: strapi_webhooks_id_seq; Type: SEQUENCE OWNED BY; Schema: public; Owner: root
--

ALTER SEQUENCE public.strapi_webhooks_id_seq OWNED BY public.strapi_webhooks.id;


--
-- Name: strapi_workflows; Type: TABLE; Schema: public; Owner: root
--

CREATE TABLE public.strapi_workflows (
    id integer NOT NULL,
    document_id character varying(255),
    name character varying(255),
    content_types jsonb,
    created_at timestamp(6) without time zone,
    updated_at timestamp(6) without time zone,
    published_at timestamp(6) without time zone,
    created_by_id integer,
    updated_by_id integer,
    locale character varying(255)
);


ALTER TABLE public.strapi_workflows OWNER TO root;

--
-- Name: strapi_workflows_id_seq; Type: SEQUENCE; Schema: public; Owner: root
--

CREATE SEQUENCE public.strapi_workflows_id_seq
    AS integer
    START WITH 1
    INCREMENT BY 1
    NO MINVALUE
    NO MAXVALUE
    CACHE 1;


ALTER SEQUENCE public.strapi_workflows_id_seq OWNER TO root;

--
-- Name: strapi_workflows_id_seq; Type: SEQUENCE OWNED BY; Schema: public; Owner: root
--

ALTER SEQUENCE public.strapi_workflows_id_seq OWNED BY public.strapi_workflows.id;


--
-- Name: strapi_workflows_stage_required_to_publish_lnk; Type: TABLE; Schema: public; Owner: root
--

CREATE TABLE public.strapi_workflows_stage_required_to_publish_lnk (
    id integer NOT NULL,
    workflow_id integer,
    workflow_stage_id integer
);


ALTER TABLE public.strapi_workflows_stage_required_to_publish_lnk OWNER TO root;

--
-- Name: strapi_workflows_stage_required_to_publish_lnk_id_seq; Type: SEQUENCE; Schema: public; Owner: root
--

CREATE SEQUENCE public.strapi_workflows_stage_required_to_publish_lnk_id_seq
    AS integer
    START WITH 1
    INCREMENT BY 1
    NO MINVALUE
    NO MAXVALUE
    CACHE 1;


ALTER SEQUENCE public.strapi_workflows_stage_required_to_publish_lnk_id_seq OWNER TO root;

--
-- Name: strapi_workflows_stage_required_to_publish_lnk_id_seq; Type: SEQUENCE OWNED BY; Schema: public; Owner: root
--

ALTER SEQUENCE public.strapi_workflows_stage_required_to_publish_lnk_id_seq OWNED BY public.strapi_workflows_stage_required_to_publish_lnk.id;


--
-- Name: strapi_workflows_stages; Type: TABLE; Schema: public; Owner: root
--

CREATE TABLE public.strapi_workflows_stages (
    id integer NOT NULL,
    document_id character varying(255),
    name character varying(255),
    color character varying(255),
    created_at timestamp(6) without time zone,
    updated_at timestamp(6) without time zone,
    published_at timestamp(6) without time zone,
    created_by_id integer,
    updated_by_id integer,
    locale character varying(255)
);


ALTER TABLE public.strapi_workflows_stages OWNER TO root;

--
-- Name: strapi_workflows_stages_id_seq; Type: SEQUENCE; Schema: public; Owner: root
--

CREATE SEQUENCE public.strapi_workflows_stages_id_seq
    AS integer
    START WITH 1
    INCREMENT BY 1
    NO MINVALUE
    NO MAXVALUE
    CACHE 1;


ALTER SEQUENCE public.strapi_workflows_stages_id_seq OWNER TO root;

--
-- Name: strapi_workflows_stages_id_seq; Type: SEQUENCE OWNED BY; Schema: public; Owner: root
--

ALTER SEQUENCE public.strapi_workflows_stages_id_seq OWNED BY public.strapi_workflows_stages.id;


--
-- Name: strapi_workflows_stages_permissions_lnk; Type: TABLE; Schema: public; Owner: root
--

CREATE TABLE public.strapi_workflows_stages_permissions_lnk (
    id integer NOT NULL,
    workflow_stage_id integer,
    permission_id integer,
    permission_ord double precision
);


ALTER TABLE public.strapi_workflows_stages_permissions_lnk OWNER TO root;

--
-- Name: strapi_workflows_stages_permissions_lnk_id_seq; Type: SEQUENCE; Schema: public; Owner: root
--

CREATE SEQUENCE public.strapi_workflows_stages_permissions_lnk_id_seq
    AS integer
    START WITH 1
    INCREMENT BY 1
    NO MINVALUE
    NO MAXVALUE
    CACHE 1;


ALTER SEQUENCE public.strapi_workflows_stages_permissions_lnk_id_seq OWNER TO root;

--
-- Name: strapi_workflows_stages_permissions_lnk_id_seq; Type: SEQUENCE OWNED BY; Schema: public; Owner: root
--

ALTER SEQUENCE public.strapi_workflows_stages_permissions_lnk_id_seq OWNED BY public.strapi_workflows_stages_permissions_lnk.id;


--
-- Name: strapi_workflows_stages_workflow_lnk; Type: TABLE; Schema: public; Owner: root
--

CREATE TABLE public.strapi_workflows_stages_workflow_lnk (
    id integer NOT NULL,
    workflow_stage_id integer,
    workflow_id integer,
    workflow_stage_ord double precision
);


ALTER TABLE public.strapi_workflows_stages_workflow_lnk OWNER TO root;

--
-- Name: strapi_workflows_stages_workflow_lnk_id_seq; Type: SEQUENCE; Schema: public; Owner: root
--

CREATE SEQUENCE public.strapi_workflows_stages_workflow_lnk_id_seq
    AS integer
    START WITH 1
    INCREMENT BY 1
    NO MINVALUE
    NO MAXVALUE
    CACHE 1;


ALTER SEQUENCE public.strapi_workflows_stages_workflow_lnk_id_seq OWNER TO root;

--
-- Name: strapi_workflows_stages_workflow_lnk_id_seq; Type: SEQUENCE OWNED BY; Schema: public; Owner: root
--

ALTER SEQUENCE public.strapi_workflows_stages_workflow_lnk_id_seq OWNED BY public.strapi_workflows_stages_workflow_lnk.id;


--
-- Name: up_permissions; Type: TABLE; Schema: public; Owner: root
--

CREATE TABLE public.up_permissions (
    id integer NOT NULL,
    document_id character varying(255),
    action character varying(255),
    created_at timestamp(6) without time zone,
    updated_at timestamp(6) without time zone,
    published_at timestamp(6) without time zone,
    created_by_id integer,
    updated_by_id integer,
    locale character varying(255)
);


ALTER TABLE public.up_permissions OWNER TO root;

--
-- Name: up_permissions_id_seq; Type: SEQUENCE; Schema: public; Owner: root
--

CREATE SEQUENCE public.up_permissions_id_seq
    AS integer
    START WITH 1
    INCREMENT BY 1
    NO MINVALUE
    NO MAXVALUE
    CACHE 1;


ALTER SEQUENCE public.up_permissions_id_seq OWNER TO root;

--
-- Name: up_permissions_id_seq; Type: SEQUENCE OWNED BY; Schema: public; Owner: root
--

ALTER SEQUENCE public.up_permissions_id_seq OWNED BY public.up_permissions.id;


--
-- Name: up_permissions_role_lnk; Type: TABLE; Schema: public; Owner: root
--

CREATE TABLE public.up_permissions_role_lnk (
    id integer NOT NULL,
    permission_id integer,
    role_id integer,
    permission_ord double precision
);


ALTER TABLE public.up_permissions_role_lnk OWNER TO root;

--
-- Name: up_permissions_role_lnk_id_seq; Type: SEQUENCE; Schema: public; Owner: root
--

CREATE SEQUENCE public.up_permissions_role_lnk_id_seq
    AS integer
    START WITH 1
    INCREMENT BY 1
    NO MINVALUE
    NO MAXVALUE
    CACHE 1;


ALTER SEQUENCE public.up_permissions_role_lnk_id_seq OWNER TO root;

--
-- Name: up_permissions_role_lnk_id_seq; Type: SEQUENCE OWNED BY; Schema: public; Owner: root
--

ALTER SEQUENCE public.up_permissions_role_lnk_id_seq OWNED BY public.up_permissions_role_lnk.id;


--
-- Name: up_roles; Type: TABLE; Schema: public; Owner: root
--

CREATE TABLE public.up_roles (
    id integer NOT NULL,
    document_id character varying(255),
    name character varying(255),
    description character varying(255),
    type character varying(255),
    created_at timestamp(6) without time zone,
    updated_at timestamp(6) without time zone,
    published_at timestamp(6) without time zone,
    created_by_id integer,
    updated_by_id integer,
    locale character varying(255)
);


ALTER TABLE public.up_roles OWNER TO root;

--
-- Name: up_roles_id_seq; Type: SEQUENCE; Schema: public; Owner: root
--

CREATE SEQUENCE public.up_roles_id_seq
    AS integer
    START WITH 1
    INCREMENT BY 1
    NO MINVALUE
    NO MAXVALUE
    CACHE 1;


ALTER SEQUENCE public.up_roles_id_seq OWNER TO root;

--
-- Name: up_roles_id_seq; Type: SEQUENCE OWNED BY; Schema: public; Owner: root
--

ALTER SEQUENCE public.up_roles_id_seq OWNED BY public.up_roles.id;


--
-- Name: up_users; Type: TABLE; Schema: public; Owner: root
--

CREATE TABLE public.up_users (
    id integer NOT NULL,
    document_id character varying(255),
    username character varying(255),
    email character varying(255),
    provider character varying(255),
    password character varying(255),
    reset_password_token character varying(255),
    confirmation_token character varying(255),
    confirmed boolean,
    blocked boolean,
    created_at timestamp(6) without time zone,
    updated_at timestamp(6) without time zone,
    published_at timestamp(6) without time zone,
    created_by_id integer,
    updated_by_id integer,
    locale character varying(255)
);


ALTER TABLE public.up_users OWNER TO root;

--
-- Name: up_users_id_seq; Type: SEQUENCE; Schema: public; Owner: root
--

CREATE SEQUENCE public.up_users_id_seq
    AS integer
    START WITH 1
    INCREMENT BY 1
    NO MINVALUE
    NO MAXVALUE
    CACHE 1;


ALTER SEQUENCE public.up_users_id_seq OWNER TO root;

--
-- Name: up_users_id_seq; Type: SEQUENCE OWNED BY; Schema: public; Owner: root
--

ALTER SEQUENCE public.up_users_id_seq OWNED BY public.up_users.id;


--
-- Name: up_users_role_lnk; Type: TABLE; Schema: public; Owner: root
--

CREATE TABLE public.up_users_role_lnk (
    id integer NOT NULL,
    user_id integer,
    role_id integer,
    user_ord double precision
);


ALTER TABLE public.up_users_role_lnk OWNER TO root;

--
-- Name: up_users_role_lnk_id_seq; Type: SEQUENCE; Schema: public; Owner: root
--

CREATE SEQUENCE public.up_users_role_lnk_id_seq
    AS integer
    START WITH 1
    INCREMENT BY 1
    NO MINVALUE
    NO MAXVALUE
    CACHE 1;


ALTER SEQUENCE public.up_users_role_lnk_id_seq OWNER TO root;

--
-- Name: up_users_role_lnk_id_seq; Type: SEQUENCE OWNED BY; Schema: public; Owner: root
--

ALTER SEQUENCE public.up_users_role_lnk_id_seq OWNED BY public.up_users_role_lnk.id;


--
-- Name: upload_folders; Type: TABLE; Schema: public; Owner: root
--

CREATE TABLE public.upload_folders (
    id integer NOT NULL,
    document_id character varying(255),
    name character varying(255),
    path_id integer,
    path character varying(255),
    created_at timestamp(6) without time zone,
    updated_at timestamp(6) without time zone,
    published_at timestamp(6) without time zone,
    created_by_id integer,
    updated_by_id integer,
    locale character varying(255)
);


ALTER TABLE public.upload_folders OWNER TO root;

--
-- Name: upload_folders_id_seq; Type: SEQUENCE; Schema: public; Owner: root
--

CREATE SEQUENCE public.upload_folders_id_seq
    AS integer
    START WITH 1
    INCREMENT BY 1
    NO MINVALUE
    NO MAXVALUE
    CACHE 1;


ALTER SEQUENCE public.upload_folders_id_seq OWNER TO root;

--
-- Name: upload_folders_id_seq; Type: SEQUENCE OWNED BY; Schema: public; Owner: root
--

ALTER SEQUENCE public.upload_folders_id_seq OWNED BY public.upload_folders.id;


--
-- Name: upload_folders_parent_lnk; Type: TABLE; Schema: public; Owner: root
--

CREATE TABLE public.upload_folders_parent_lnk (
    id integer NOT NULL,
    folder_id integer,
    inv_folder_id integer,
    folder_ord double precision
);


ALTER TABLE public.upload_folders_parent_lnk OWNER TO root;

--
-- Name: upload_folders_parent_lnk_id_seq; Type: SEQUENCE; Schema: public; Owner: root
--

CREATE SEQUENCE public.upload_folders_parent_lnk_id_seq
    AS integer
    START WITH 1
    INCREMENT BY 1
    NO MINVALUE
    NO MAXVALUE
    CACHE 1;


ALTER SEQUENCE public.upload_folders_parent_lnk_id_seq OWNER TO root;

--
-- Name: upload_folders_parent_lnk_id_seq; Type: SEQUENCE OWNED BY; Schema: public; Owner: root
--

ALTER SEQUENCE public.upload_folders_parent_lnk_id_seq OWNED BY public.upload_folders_parent_lnk.id;


--
-- Name: abouts id; Type: DEFAULT; Schema: public; Owner: root
--

ALTER TABLE ONLY public.abouts ALTER COLUMN id SET DEFAULT nextval('public.abouts_id_seq'::regclass);


--
-- Name: abouts_cmps id; Type: DEFAULT; Schema: public; Owner: root
--

ALTER TABLE ONLY public.abouts_cmps ALTER COLUMN id SET DEFAULT nextval('public.abouts_cmps_id_seq'::regclass);


--
-- Name: admin_permissions id; Type: DEFAULT; Schema: public; Owner: root
--

ALTER TABLE ONLY public.admin_permissions ALTER COLUMN id SET DEFAULT nextval('public.admin_permissions_id_seq'::regclass);


--
-- Name: admin_permissions_role_lnk id; Type: DEFAULT; Schema: public; Owner: root
--

ALTER TABLE ONLY public.admin_permissions_role_lnk ALTER COLUMN id SET DEFAULT nextval('public.admin_permissions_role_lnk_id_seq'::regclass);


--
-- Name: admin_roles id; Type: DEFAULT; Schema: public; Owner: root
--

ALTER TABLE ONLY public.admin_roles ALTER COLUMN id SET DEFAULT nextval('public.admin_roles_id_seq'::regclass);


--
-- Name: admin_users id; Type: DEFAULT; Schema: public; Owner: root
--

ALTER TABLE ONLY public.admin_users ALTER COLUMN id SET DEFAULT nextval('public.admin_users_id_seq'::regclass);


--
-- Name: admin_users_roles_lnk id; Type: DEFAULT; Schema: public; Owner: root
--

ALTER TABLE ONLY public.admin_users_roles_lnk ALTER COLUMN id SET DEFAULT nextval('public.admin_users_roles_lnk_id_seq'::regclass);


--
-- Name: articles id; Type: DEFAULT; Schema: public; Owner: root
--

ALTER TABLE ONLY public.articles ALTER COLUMN id SET DEFAULT nextval('public.articles_id_seq'::regclass);


--
-- Name: articles_author_lnk id; Type: DEFAULT; Schema: public; Owner: root
--

ALTER TABLE ONLY public.articles_author_lnk ALTER COLUMN id SET DEFAULT nextval('public.articles_author_lnk_id_seq'::regclass);


--
-- Name: articles_category_lnk id; Type: DEFAULT; Schema: public; Owner: root
--

ALTER TABLE ONLY public.articles_category_lnk ALTER COLUMN id SET DEFAULT nextval('public.articles_category_lnk_id_seq'::regclass);


--
-- Name: articles_cmps id; Type: DEFAULT; Schema: public; Owner: root
--

ALTER TABLE ONLY public.articles_cmps ALTER COLUMN id SET DEFAULT nextval('public.articles_cmps_id_seq'::regclass);


--
-- Name: authors id; Type: DEFAULT; Schema: public; Owner: root
--

ALTER TABLE ONLY public.authors ALTER COLUMN id SET DEFAULT nextval('public.authors_id_seq'::regclass);


--
-- Name: categories id; Type: DEFAULT; Schema: public; Owner: root
--

ALTER TABLE ONLY public.categories ALTER COLUMN id SET DEFAULT nextval('public.categories_id_seq'::regclass);


--
-- Name: component_shared_post_teasers id; Type: DEFAULT; Schema: public; Owner: root
--

ALTER TABLE ONLY public.component_shared_post_teasers ALTER COLUMN id SET DEFAULT nextval('public.component_shared_post_teasers_id_seq'::regclass);


--
-- Name: components_questionnaire_color_variants id; Type: DEFAULT; Schema: public; Owner: root
--

ALTER TABLE ONLY public.components_questionnaire_color_variants ALTER COLUMN id SET DEFAULT nextval('public.components_questionnaire_color_variants_id_seq'::regclass);


--
-- Name: components_questionnaire_questionnaire_options id; Type: DEFAULT; Schema: public; Owner: root
--

ALTER TABLE ONLY public.components_questionnaire_questionnaire_options ALTER COLUMN id SET DEFAULT nextval('public.components_questionnaire_questionnaire_options_id_seq'::regclass);


--
-- Name: components_questionnaire_questionnaire_options_cmps id; Type: DEFAULT; Schema: public; Owner: root
--

ALTER TABLE ONLY public.components_questionnaire_questionnaire_options_cmps ALTER COLUMN id SET DEFAULT nextval('public.components_questionnaire_questionnaire_options_cmps_id_seq'::regclass);


--
-- Name: components_questionnaire_questions id; Type: DEFAULT; Schema: public; Owner: root
--

ALTER TABLE ONLY public.components_questionnaire_questions ALTER COLUMN id SET DEFAULT nextval('public.components_questionnaire_questions_id_seq'::regclass);


--
-- Name: components_questionnaire_questions_cmps id; Type: DEFAULT; Schema: public; Owner: root
--

ALTER TABLE ONLY public.components_questionnaire_questions_cmps ALTER COLUMN id SET DEFAULT nextval('public.components_questionnaire_questions_cmps_id_seq'::regclass);


--
-- Name: components_questionnaire_select_options id; Type: DEFAULT; Schema: public; Owner: root
--

ALTER TABLE ONLY public.components_questionnaire_select_options ALTER COLUMN id SET DEFAULT nextval('public.components_questionnaire_select_options_id_seq'::regclass);


--
-- Name: components_sections_blog_posts_teasers id; Type: DEFAULT; Schema: public; Owner: root
--

ALTER TABLE ONLY public.components_sections_blog_posts_teasers ALTER COLUMN id SET DEFAULT nextval('public.components_sections_blog_posts_teasers_id_seq'::regclass);


--
-- Name: components_sections_blog_posts_teasers_cmps id; Type: DEFAULT; Schema: public; Owner: root
--

ALTER TABLE ONLY public.components_sections_blog_posts_teasers_cmps ALTER COLUMN id SET DEFAULT nextval('public.components_sections_blog_posts_teasers_cmps_id_seq'::regclass);


--
-- Name: components_sections_category_highlights id; Type: DEFAULT; Schema: public; Owner: root
--

ALTER TABLE ONLY public.components_sections_category_highlights ALTER COLUMN id SET DEFAULT nextval('public.components_sections_category_highlights_id_seq'::regclass);


--
-- Name: components_sections_category_highlights_cmps id; Type: DEFAULT; Schema: public; Owner: root
--

ALTER TABLE ONLY public.components_sections_category_highlights_cmps ALTER COLUMN id SET DEFAULT nextval('public.components_sections_category_highlights_cmps_id_seq'::regclass);


--
-- Name: components_sections_faq_sections id; Type: DEFAULT; Schema: public; Owner: root
--

ALTER TABLE ONLY public.components_sections_faq_sections ALTER COLUMN id SET DEFAULT nextval('public.components_sections_faq_sections_id_seq'::regclass);


--
-- Name: components_sections_faq_sections_cmps id; Type: DEFAULT; Schema: public; Owner: root
--

ALTER TABLE ONLY public.components_sections_faq_sections_cmps ALTER COLUMN id SET DEFAULT nextval('public.components_sections_faq_sections_cmps_id_seq'::regclass);


--
-- Name: components_sections_feature_grids id; Type: DEFAULT; Schema: public; Owner: root
--

ALTER TABLE ONLY public.components_sections_feature_grids ALTER COLUMN id SET DEFAULT nextval('public.components_sections_feature_grids_id_seq'::regclass);


--
-- Name: components_sections_feature_grids_cmps id; Type: DEFAULT; Schema: public; Owner: root
--

ALTER TABLE ONLY public.components_sections_feature_grids_cmps ALTER COLUMN id SET DEFAULT nextval('public.components_sections_feature_grids_cmps_id_seq'::regclass);


--
-- Name: components_sections_hero_banners id; Type: DEFAULT; Schema: public; Owner: root
--

ALTER TABLE ONLY public.components_sections_hero_banners ALTER COLUMN id SET DEFAULT nextval('public.components_sections_hero_banners_id_seq'::regclass);


--
-- Name: components_sections_image_carousels id; Type: DEFAULT; Schema: public; Owner: root
--

ALTER TABLE ONLY public.components_sections_image_carousels ALTER COLUMN id SET DEFAULT nextval('public.components_sections_image_carousels_id_seq'::regclass);


--
-- Name: components_sections_product_sliders id; Type: DEFAULT; Schema: public; Owner: root
--

ALTER TABLE ONLY public.components_sections_product_sliders ALTER COLUMN id SET DEFAULT nextval('public.components_sections_product_sliders_id_seq'::regclass);


--
-- Name: components_sections_product_sliders_cmps id; Type: DEFAULT; Schema: public; Owner: root
--

ALTER TABLE ONLY public.components_sections_product_sliders_cmps ALTER COLUMN id SET DEFAULT nextval('public.components_sections_product_sliders_cmps_id_seq'::regclass);


--
-- Name: components_sections_promotional_ctas id; Type: DEFAULT; Schema: public; Owner: root
--

ALTER TABLE ONLY public.components_sections_promotional_ctas ALTER COLUMN id SET DEFAULT nextval('public.components_sections_promotional_ctas_id_seq'::regclass);


--
-- Name: components_sections_rich_text_blocks id; Type: DEFAULT; Schema: public; Owner: root
--

ALTER TABLE ONLY public.components_sections_rich_text_blocks ALTER COLUMN id SET DEFAULT nextval('public.components_sections_rich_text_blocks_id_seq'::regclass);


--
-- Name: components_sections_testimonials id; Type: DEFAULT; Schema: public; Owner: root
--

ALTER TABLE ONLY public.components_sections_testimonials ALTER COLUMN id SET DEFAULT nextval('public.components_sections_testimonials_id_seq'::regclass);


--
-- Name: components_sections_testimonials_cmps id; Type: DEFAULT; Schema: public; Owner: root
--

ALTER TABLE ONLY public.components_sections_testimonials_cmps ALTER COLUMN id SET DEFAULT nextval('public.components_sections_testimonials_cmps_id_seq'::regclass);


--
-- Name: components_shared_category_cards id; Type: DEFAULT; Schema: public; Owner: root
--

ALTER TABLE ONLY public.components_shared_category_cards ALTER COLUMN id SET DEFAULT nextval('public.components_shared_category_cards_id_seq'::regclass);


--
-- Name: components_shared_features id; Type: DEFAULT; Schema: public; Owner: root
--

ALTER TABLE ONLY public.components_shared_features ALTER COLUMN id SET DEFAULT nextval('public.components_shared_features_id_seq'::regclass);


--
-- Name: components_shared_media id; Type: DEFAULT; Schema: public; Owner: root
--

ALTER TABLE ONLY public.components_shared_media ALTER COLUMN id SET DEFAULT nextval('public.components_shared_media_id_seq'::regclass);


--
-- Name: components_shared_post_teasers id; Type: DEFAULT; Schema: public; Owner: root
--

ALTER TABLE ONLY public.components_shared_post_teasers ALTER COLUMN id SET DEFAULT nextval('public.components_shared_post_teasers_id_seq'::regclass);


--
-- Name: components_shared_product_slides id; Type: DEFAULT; Schema: public; Owner: root
--

ALTER TABLE ONLY public.components_shared_product_slides ALTER COLUMN id SET DEFAULT nextval('public.components_shared_product_slides_id_seq'::regclass);


--
-- Name: components_shared_quotes id; Type: DEFAULT; Schema: public; Owner: root
--

ALTER TABLE ONLY public.components_shared_quotes ALTER COLUMN id SET DEFAULT nextval('public.components_shared_quotes_id_seq'::regclass);


--
-- Name: components_shared_rich_texts id; Type: DEFAULT; Schema: public; Owner: root
--

ALTER TABLE ONLY public.components_shared_rich_texts ALTER COLUMN id SET DEFAULT nextval('public.components_shared_rich_texts_id_seq'::regclass);


--
-- Name: components_shared_seos id; Type: DEFAULT; Schema: public; Owner: root
--

ALTER TABLE ONLY public.components_shared_seos ALTER COLUMN id SET DEFAULT nextval('public.components_shared_seos_id_seq'::regclass);


--
-- Name: components_shared_sliders id; Type: DEFAULT; Schema: public; Owner: root
--

ALTER TABLE ONLY public.components_shared_sliders ALTER COLUMN id SET DEFAULT nextval('public.components_shared_sliders_id_seq'::regclass);


--
-- Name: components_shared_testimonials id; Type: DEFAULT; Schema: public; Owner: root
--

ALTER TABLE ONLY public.components_shared_testimonials ALTER COLUMN id SET DEFAULT nextval('public.components_shared_testimonials_id_seq'::regclass);


--
-- Name: files id; Type: DEFAULT; Schema: public; Owner: root
--

ALTER TABLE ONLY public.files ALTER COLUMN id SET DEFAULT nextval('public.files_id_seq'::regclass);


--
-- Name: files_folder_lnk id; Type: DEFAULT; Schema: public; Owner: root
--

ALTER TABLE ONLY public.files_folder_lnk ALTER COLUMN id SET DEFAULT nextval('public.files_folder_lnk_id_seq'::regclass);


--
-- Name: files_related_mph id; Type: DEFAULT; Schema: public; Owner: root
--

ALTER TABLE ONLY public.files_related_mph ALTER COLUMN id SET DEFAULT nextval('public.files_related_mph_id_seq'::regclass);


--
-- Name: globals id; Type: DEFAULT; Schema: public; Owner: root
--

ALTER TABLE ONLY public.globals ALTER COLUMN id SET DEFAULT nextval('public.globals_id_seq'::regclass);


--
-- Name: globals_cmps id; Type: DEFAULT; Schema: public; Owner: root
--

ALTER TABLE ONLY public.globals_cmps ALTER COLUMN id SET DEFAULT nextval('public.globals_cmps_id_seq'::regclass);


--
-- Name: i18n_locale id; Type: DEFAULT; Schema: public; Owner: root
--

ALTER TABLE ONLY public.i18n_locale ALTER COLUMN id SET DEFAULT nextval('public.i18n_locale_id_seq'::regclass);


--
-- Name: kitchen_estimators id; Type: DEFAULT; Schema: public; Owner: root
--

ALTER TABLE ONLY public.kitchen_estimators ALTER COLUMN id SET DEFAULT nextval('public.kitchen_estimators_id_seq'::regclass);


--
-- Name: kitchen_estimators_cmps id; Type: DEFAULT; Schema: public; Owner: root
--

ALTER TABLE ONLY public.kitchen_estimators_cmps ALTER COLUMN id SET DEFAULT nextval('public.kitchen_estimators_cmps_id_seq'::regclass);


--
-- Name: pages id; Type: DEFAULT; Schema: public; Owner: root
--

ALTER TABLE ONLY public.pages ALTER COLUMN id SET DEFAULT nextval('public.pages_id_seq'::regclass);


--
-- Name: pages_cmps id; Type: DEFAULT; Schema: public; Owner: root
--

ALTER TABLE ONLY public.pages_cmps ALTER COLUMN id SET DEFAULT nextval('public.pages_cmps_id_seq'::regclass);


--
-- Name: strapi_api_token_permissions id; Type: DEFAULT; Schema: public; Owner: root
--

ALTER TABLE ONLY public.strapi_api_token_permissions ALTER COLUMN id SET DEFAULT nextval('public.strapi_api_token_permissions_id_seq'::regclass);


--
-- Name: strapi_api_token_permissions_token_lnk id; Type: DEFAULT; Schema: public; Owner: root
--

ALTER TABLE ONLY public.strapi_api_token_permissions_token_lnk ALTER COLUMN id SET DEFAULT nextval('public.strapi_api_token_permissions_token_lnk_id_seq'::regclass);


--
-- Name: strapi_api_tokens id; Type: DEFAULT; Schema: public; Owner: root
--

ALTER TABLE ONLY public.strapi_api_tokens ALTER COLUMN id SET DEFAULT nextval('public.strapi_api_tokens_id_seq'::regclass);


--
-- Name: strapi_core_store_settings id; Type: DEFAULT; Schema: public; Owner: root
--

ALTER TABLE ONLY public.strapi_core_store_settings ALTER COLUMN id SET DEFAULT nextval('public.strapi_core_store_settings_id_seq'::regclass);


--
-- Name: strapi_database_schema id; Type: DEFAULT; Schema: public; Owner: root
--

ALTER TABLE ONLY public.strapi_database_schema ALTER COLUMN id SET DEFAULT nextval('public.strapi_database_schema_id_seq'::regclass);


--
-- Name: strapi_history_versions id; Type: DEFAULT; Schema: public; Owner: root
--

ALTER TABLE ONLY public.strapi_history_versions ALTER COLUMN id SET DEFAULT nextval('public.strapi_history_versions_id_seq'::regclass);


--
-- Name: strapi_migrations id; Type: DEFAULT; Schema: public; Owner: root
--

ALTER TABLE ONLY public.strapi_migrations ALTER COLUMN id SET DEFAULT nextval('public.strapi_migrations_id_seq'::regclass);


--
-- Name: strapi_migrations_internal id; Type: DEFAULT; Schema: public; Owner: root
--

ALTER TABLE ONLY public.strapi_migrations_internal ALTER COLUMN id SET DEFAULT nextval('public.strapi_migrations_internal_id_seq'::regclass);


--
-- Name: strapi_release_actions id; Type: DEFAULT; Schema: public; Owner: root
--

ALTER TABLE ONLY public.strapi_release_actions ALTER COLUMN id SET DEFAULT nextval('public.strapi_release_actions_id_seq'::regclass);


--
-- Name: strapi_release_actions_release_lnk id; Type: DEFAULT; Schema: public; Owner: root
--

ALTER TABLE ONLY public.strapi_release_actions_release_lnk ALTER COLUMN id SET DEFAULT nextval('public.strapi_release_actions_release_lnk_id_seq'::regclass);


--
-- Name: strapi_releases id; Type: DEFAULT; Schema: public; Owner: root
--

ALTER TABLE ONLY public.strapi_releases ALTER COLUMN id SET DEFAULT nextval('public.strapi_releases_id_seq'::regclass);


--
-- Name: strapi_transfer_token_permissions id; Type: DEFAULT; Schema: public; Owner: root
--

ALTER TABLE ONLY public.strapi_transfer_token_permissions ALTER COLUMN id SET DEFAULT nextval('public.strapi_transfer_token_permissions_id_seq'::regclass);


--
-- Name: strapi_transfer_token_permissions_token_lnk id; Type: DEFAULT; Schema: public; Owner: root
--

ALTER TABLE ONLY public.strapi_transfer_token_permissions_token_lnk ALTER COLUMN id SET DEFAULT nextval('public.strapi_transfer_token_permissions_token_lnk_id_seq'::regclass);


--
-- Name: strapi_transfer_tokens id; Type: DEFAULT; Schema: public; Owner: root
--

ALTER TABLE ONLY public.strapi_transfer_tokens ALTER COLUMN id SET DEFAULT nextval('public.strapi_transfer_tokens_id_seq'::regclass);


--
-- Name: strapi_webhooks id; Type: DEFAULT; Schema: public; Owner: root
--

ALTER TABLE ONLY public.strapi_webhooks ALTER COLUMN id SET DEFAULT nextval('public.strapi_webhooks_id_seq'::regclass);


--
-- Name: strapi_workflows id; Type: DEFAULT; Schema: public; Owner: root
--

ALTER TABLE ONLY public.strapi_workflows ALTER COLUMN id SET DEFAULT nextval('public.strapi_workflows_id_seq'::regclass);


--
-- Name: strapi_workflows_stage_required_to_publish_lnk id; Type: DEFAULT; Schema: public; Owner: root
--

ALTER TABLE ONLY public.strapi_workflows_stage_required_to_publish_lnk ALTER COLUMN id SET DEFAULT nextval('public.strapi_workflows_stage_required_to_publish_lnk_id_seq'::regclass);


--
-- Name: strapi_workflows_stages id; Type: DEFAULT; Schema: public; Owner: root
--

ALTER TABLE ONLY public.strapi_workflows_stages ALTER COLUMN id SET DEFAULT nextval('public.strapi_workflows_stages_id_seq'::regclass);


--
-- Name: strapi_workflows_stages_permissions_lnk id; Type: DEFAULT; Schema: public; Owner: root
--

ALTER TABLE ONLY public.strapi_workflows_stages_permissions_lnk ALTER COLUMN id SET DEFAULT nextval('public.strapi_workflows_stages_permissions_lnk_id_seq'::regclass);


--
-- Name: strapi_workflows_stages_workflow_lnk id; Type: DEFAULT; Schema: public; Owner: root
--

ALTER TABLE ONLY public.strapi_workflows_stages_workflow_lnk ALTER COLUMN id SET DEFAULT nextval('public.strapi_workflows_stages_workflow_lnk_id_seq'::regclass);


--
-- Name: up_permissions id; Type: DEFAULT; Schema: public; Owner: root
--

ALTER TABLE ONLY public.up_permissions ALTER COLUMN id SET DEFAULT nextval('public.up_permissions_id_seq'::regclass);


--
-- Name: up_permissions_role_lnk id; Type: DEFAULT; Schema: public; Owner: root
--

ALTER TABLE ONLY public.up_permissions_role_lnk ALTER COLUMN id SET DEFAULT nextval('public.up_permissions_role_lnk_id_seq'::regclass);


--
-- Name: up_roles id; Type: DEFAULT; Schema: public; Owner: root
--

ALTER TABLE ONLY public.up_roles ALTER COLUMN id SET DEFAULT nextval('public.up_roles_id_seq'::regclass);


--
-- Name: up_users id; Type: DEFAULT; Schema: public; Owner: root
--

ALTER TABLE ONLY public.up_users ALTER COLUMN id SET DEFAULT nextval('public.up_users_id_seq'::regclass);


--
-- Name: up_users_role_lnk id; Type: DEFAULT; Schema: public; Owner: root
--

ALTER TABLE ONLY public.up_users_role_lnk ALTER COLUMN id SET DEFAULT nextval('public.up_users_role_lnk_id_seq'::regclass);


--
-- Name: upload_folders id; Type: DEFAULT; Schema: public; Owner: root
--

ALTER TABLE ONLY public.upload_folders ALTER COLUMN id SET DEFAULT nextval('public.upload_folders_id_seq'::regclass);


--
-- Name: upload_folders_parent_lnk id; Type: DEFAULT; Schema: public; Owner: root
--

ALTER TABLE ONLY public.upload_folders_parent_lnk ALTER COLUMN id SET DEFAULT nextval('public.upload_folders_parent_lnk_id_seq'::regclass);


--
-- Data for Name: abouts; Type: TABLE DATA; Schema: public; Owner: root
--

COPY public.abouts (id, document_id, title, created_at, updated_at, published_at, created_by_id, updated_by_id, locale) FROM stdin;
1	vjwegozdutbp9kkon8adry24	About Us	2025-06-07 00:49:38.475	2025-06-07 00:49:38.475	2025-06-07 00:49:38.442	1	1	\N
\.


--
-- Data for Name: abouts_cmps; Type: TABLE DATA; Schema: public; Owner: root
--

COPY public.abouts_cmps (id, entity_id, cmp_id, component_type, field, "order") FROM stdin;
1	1	1	shared.rich-text	blocks	1
2	1	1	shared.media	blocks	2
3	1	1	shared.quote	blocks	3
4	1	1	shared.slider	blocks	4
\.


--
-- Data for Name: admin_permissions; Type: TABLE DATA; Schema: public; Owner: root
--

COPY public.admin_permissions (id, document_id, action, action_parameters, subject, properties, conditions, created_at, updated_at, published_at, created_by_id, updated_by_id, locale) FROM stdin;
1	a5pry8dijtktg1a6dk576l9e	plugin::upload.read	{}	\N	{}	[]	2025-06-06 15:55:06.534	2025-06-06 15:55:06.534	2025-06-06 15:55:06.534	\N	\N	\N
2	yqwbcucdl5i49og1yeei39c3	plugin::upload.configure-view	{}	\N	{}	[]	2025-06-06 15:55:06.54	2025-06-06 15:55:06.54	2025-06-06 15:55:06.54	\N	\N	\N
3	x3bq52e7b2yyw76q5akdkddn	plugin::upload.assets.create	{}	\N	{}	[]	2025-06-06 15:55:06.544	2025-06-06 15:55:06.544	2025-06-06 15:55:06.544	\N	\N	\N
4	hj4xrzvs3k0vp57046ar2vad	plugin::upload.assets.update	{}	\N	{}	[]	2025-06-06 15:55:06.547	2025-06-06 15:55:06.547	2025-06-06 15:55:06.547	\N	\N	\N
5	pngxjujj06qnxoknqkgitj30	plugin::upload.assets.download	{}	\N	{}	[]	2025-06-06 15:55:06.55	2025-06-06 15:55:06.55	2025-06-06 15:55:06.55	\N	\N	\N
6	qsei8ixl7e6yftlor1yd9nrw	plugin::upload.assets.copy-link	{}	\N	{}	[]	2025-06-06 15:55:06.552	2025-06-06 15:55:06.552	2025-06-06 15:55:06.552	\N	\N	\N
7	ixchzzzqm2o3bdxuwkr7xvpl	plugin::upload.read	{}	\N	{}	["admin::is-creator"]	2025-06-06 15:55:06.555	2025-06-06 15:55:06.555	2025-06-06 15:55:06.555	\N	\N	\N
8	aj7hnr8os6szfbpek1pmql63	plugin::upload.configure-view	{}	\N	{}	[]	2025-06-06 15:55:06.557	2025-06-06 15:55:06.557	2025-06-06 15:55:06.557	\N	\N	\N
9	ardui0xrwe4us32qxq7k4pp9	plugin::upload.assets.create	{}	\N	{}	[]	2025-06-06 15:55:06.559	2025-06-06 15:55:06.559	2025-06-06 15:55:06.559	\N	\N	\N
10	uuydh2nxto82tjm8i0qolt9n	plugin::upload.assets.update	{}	\N	{}	["admin::is-creator"]	2025-06-06 15:55:06.562	2025-06-06 15:55:06.562	2025-06-06 15:55:06.562	\N	\N	\N
11	c75z4er7wd76oet2htund2na	plugin::upload.assets.download	{}	\N	{}	[]	2025-06-06 15:55:06.564	2025-06-06 15:55:06.564	2025-06-06 15:55:06.564	\N	\N	\N
12	ops3pw0zrny2o9746keaz16w	plugin::upload.assets.copy-link	{}	\N	{}	[]	2025-06-06 15:55:06.566	2025-06-06 15:55:06.566	2025-06-06 15:55:06.566	\N	\N	\N
13	lhbr18qu0dipu5ltrx1sjoos	plugin::content-manager.explorer.create	{}	plugin::users-permissions.user	{"fields": ["username", "email", "provider", "password", "resetPasswordToken", "confirmationToken", "confirmed", "blocked", "role"]}	[]	2025-06-06 15:55:06.579	2025-06-06 15:55:06.579	2025-06-06 15:55:06.579	\N	\N	\N
14	m1ooc7rtx82r9g367uj2gxwl	plugin::content-manager.explorer.read	{}	plugin::users-permissions.user	{"fields": ["username", "email", "provider", "password", "resetPasswordToken", "confirmationToken", "confirmed", "blocked", "role"]}	[]	2025-06-06 15:55:06.582	2025-06-06 15:55:06.582	2025-06-06 15:55:06.582	\N	\N	\N
15	friu0tzpo0wp5nccxdvziibc	plugin::content-manager.explorer.update	{}	plugin::users-permissions.user	{"fields": ["username", "email", "provider", "password", "resetPasswordToken", "confirmationToken", "confirmed", "blocked", "role"]}	[]	2025-06-06 15:55:06.585	2025-06-06 15:55:06.585	2025-06-06 15:55:06.585	\N	\N	\N
16	orf2i2g1osh6vfn1qcqny8co	plugin::content-manager.explorer.delete	{}	plugin::users-permissions.user	{}	[]	2025-06-06 15:55:06.587	2025-06-06 15:55:06.587	2025-06-06 15:55:06.587	\N	\N	\N
17	q8w81lwx5pwv2r0959yqvf74	plugin::content-manager.explorer.publish	{}	plugin::users-permissions.user	{}	[]	2025-06-06 15:55:06.589	2025-06-06 15:55:06.589	2025-06-06 15:55:06.589	\N	\N	\N
18	uh8cttkjw4hqip45hndw4oqa	plugin::content-manager.single-types.configure-view	{}	\N	{}	[]	2025-06-06 15:55:06.591	2025-06-06 15:55:06.591	2025-06-06 15:55:06.591	\N	\N	\N
19	ekkex1vr3s9r3gqy4xm2cpfs	plugin::content-manager.collection-types.configure-view	{}	\N	{}	[]	2025-06-06 15:55:06.593	2025-06-06 15:55:06.593	2025-06-06 15:55:06.593	\N	\N	\N
20	wx3ps3lw12dgf9e6sh9pr2wz	plugin::content-manager.components.configure-layout	{}	\N	{}	[]	2025-06-06 15:55:06.596	2025-06-06 15:55:06.596	2025-06-06 15:55:06.596	\N	\N	\N
21	vgsvoh5bpcfaw0sjmfxbvbnk	plugin::content-type-builder.read	{}	\N	{}	[]	2025-06-06 15:55:06.598	2025-06-06 15:55:06.598	2025-06-06 15:55:06.598	\N	\N	\N
22	dxl1hhk3ohysz5m2zunz9xu6	plugin::email.settings.read	{}	\N	{}	[]	2025-06-06 15:55:06.6	2025-06-06 15:55:06.6	2025-06-06 15:55:06.6	\N	\N	\N
23	ximc8hswdau2v0dmacflxvna	plugin::upload.read	{}	\N	{}	[]	2025-06-06 15:55:06.602	2025-06-06 15:55:06.602	2025-06-06 15:55:06.602	\N	\N	\N
24	o623xz0lgnh7rl9szzj7luy3	plugin::upload.assets.create	{}	\N	{}	[]	2025-06-06 15:55:06.604	2025-06-06 15:55:06.604	2025-06-06 15:55:06.604	\N	\N	\N
25	za756iwlhtqg2yhe54dury85	plugin::upload.assets.update	{}	\N	{}	[]	2025-06-06 15:55:06.607	2025-06-06 15:55:06.607	2025-06-06 15:55:06.607	\N	\N	\N
26	fq3btntp8t1dqg53wblnewyp	plugin::upload.assets.download	{}	\N	{}	[]	2025-06-06 15:55:06.609	2025-06-06 15:55:06.609	2025-06-06 15:55:06.609	\N	\N	\N
27	hnp6euv7uwm4gv8pinnifn7z	plugin::upload.assets.copy-link	{}	\N	{}	[]	2025-06-06 15:55:06.611	2025-06-06 15:55:06.611	2025-06-06 15:55:06.611	\N	\N	\N
28	xm4ekq7gbrksaaa3gvqp5iox	plugin::upload.configure-view	{}	\N	{}	[]	2025-06-06 15:55:06.613	2025-06-06 15:55:06.613	2025-06-06 15:55:06.613	\N	\N	\N
29	h4vyniq28hvuc3l81vzox422	plugin::upload.settings.read	{}	\N	{}	[]	2025-06-06 15:55:06.617	2025-06-06 15:55:06.617	2025-06-06 15:55:06.617	\N	\N	\N
30	pftf2gbj5r7pbprfomtqvtu4	plugin::i18n.locale.create	{}	\N	{}	[]	2025-06-06 15:55:06.619	2025-06-06 15:55:06.619	2025-06-06 15:55:06.619	\N	\N	\N
31	o8ovx0742lvqbqxtjassx9x4	plugin::i18n.locale.read	{}	\N	{}	[]	2025-06-06 15:55:06.621	2025-06-06 15:55:06.621	2025-06-06 15:55:06.622	\N	\N	\N
32	zq5a8dqmw3nwy284pdsa3yos	plugin::i18n.locale.update	{}	\N	{}	[]	2025-06-06 15:55:06.624	2025-06-06 15:55:06.624	2025-06-06 15:55:06.624	\N	\N	\N
33	cds7kam0mba36rvfrol1ippv	plugin::i18n.locale.delete	{}	\N	{}	[]	2025-06-06 15:55:06.626	2025-06-06 15:55:06.626	2025-06-06 15:55:06.626	\N	\N	\N
34	z49u1qq3lla6wwklkv4zlr6h	plugin::users-permissions.roles.create	{}	\N	{}	[]	2025-06-06 15:55:06.629	2025-06-06 15:55:06.629	2025-06-06 15:55:06.629	\N	\N	\N
35	kvupefg8aqy053n7b5psxvx0	plugin::users-permissions.roles.read	{}	\N	{}	[]	2025-06-06 15:55:06.631	2025-06-06 15:55:06.631	2025-06-06 15:55:06.631	\N	\N	\N
36	j2x67vatdvuj6yoy1sll9518	plugin::users-permissions.roles.update	{}	\N	{}	[]	2025-06-06 15:55:06.633	2025-06-06 15:55:06.633	2025-06-06 15:55:06.633	\N	\N	\N
37	haawp1osjyx0oobmf8b8xdoo	plugin::users-permissions.roles.delete	{}	\N	{}	[]	2025-06-06 15:55:06.635	2025-06-06 15:55:06.635	2025-06-06 15:55:06.635	\N	\N	\N
38	azaxf0e3lxj3kuf2hq3wxoy8	plugin::users-permissions.providers.read	{}	\N	{}	[]	2025-06-06 15:55:06.637	2025-06-06 15:55:06.637	2025-06-06 15:55:06.637	\N	\N	\N
39	qzn7n9pun15ktv5bd9esq0ro	plugin::users-permissions.providers.update	{}	\N	{}	[]	2025-06-06 15:55:06.64	2025-06-06 15:55:06.64	2025-06-06 15:55:06.64	\N	\N	\N
40	xx184a4hguaxb1b68d1988jk	plugin::users-permissions.email-templates.read	{}	\N	{}	[]	2025-06-06 15:55:06.642	2025-06-06 15:55:06.642	2025-06-06 15:55:06.643	\N	\N	\N
41	diytiyi4u3q0x70b8cgmwu1p	plugin::users-permissions.email-templates.update	{}	\N	{}	[]	2025-06-06 15:55:06.645	2025-06-06 15:55:06.645	2025-06-06 15:55:06.645	\N	\N	\N
42	jzmmn3yhueo5q36l5p71erh2	plugin::users-permissions.advanced-settings.read	{}	\N	{}	[]	2025-06-06 15:55:06.647	2025-06-06 15:55:06.647	2025-06-06 15:55:06.647	\N	\N	\N
43	xzqkpzvii5jipx4eg2ymzu1h	plugin::users-permissions.advanced-settings.update	{}	\N	{}	[]	2025-06-06 15:55:06.65	2025-06-06 15:55:06.65	2025-06-06 15:55:06.65	\N	\N	\N
44	epacx152v2j36gx6yxsvqq39	admin::marketplace.read	{}	\N	{}	[]	2025-06-06 15:55:06.653	2025-06-06 15:55:06.653	2025-06-06 15:55:06.653	\N	\N	\N
45	ii2bz8wtuyldcymcs943k7la	admin::webhooks.create	{}	\N	{}	[]	2025-06-06 15:55:06.655	2025-06-06 15:55:06.655	2025-06-06 15:55:06.655	\N	\N	\N
46	i3owzzi9a1gykdvhhu21alf7	admin::webhooks.read	{}	\N	{}	[]	2025-06-06 15:55:06.657	2025-06-06 15:55:06.657	2025-06-06 15:55:06.657	\N	\N	\N
47	shte9v2vjh264rzhcn3bmm6z	admin::webhooks.update	{}	\N	{}	[]	2025-06-06 15:55:06.66	2025-06-06 15:55:06.66	2025-06-06 15:55:06.66	\N	\N	\N
48	sxau80lpl5nr65ptqp8jgam0	admin::webhooks.delete	{}	\N	{}	[]	2025-06-06 15:55:06.662	2025-06-06 15:55:06.662	2025-06-06 15:55:06.662	\N	\N	\N
49	y23aemrgvtg7yi940tu0wcp0	admin::users.create	{}	\N	{}	[]	2025-06-06 15:55:06.664	2025-06-06 15:55:06.664	2025-06-06 15:55:06.664	\N	\N	\N
50	gdh91banjjr4w3fbuh7ywng5	admin::users.read	{}	\N	{}	[]	2025-06-06 15:55:06.666	2025-06-06 15:55:06.666	2025-06-06 15:55:06.666	\N	\N	\N
51	xnln1q1e7dqy0vl9hfi1pkdx	admin::users.update	{}	\N	{}	[]	2025-06-06 15:55:06.669	2025-06-06 15:55:06.669	2025-06-06 15:55:06.669	\N	\N	\N
52	aacq1hxefr1sz1c2x0s1rukq	admin::users.delete	{}	\N	{}	[]	2025-06-06 15:55:06.671	2025-06-06 15:55:06.671	2025-06-06 15:55:06.671	\N	\N	\N
53	jlbv6mlnqvlitvj54izks0uz	admin::roles.create	{}	\N	{}	[]	2025-06-06 15:55:06.673	2025-06-06 15:55:06.673	2025-06-06 15:55:06.673	\N	\N	\N
54	ghr6y960jyrmqhiwmtjnzf5r	admin::roles.read	{}	\N	{}	[]	2025-06-06 15:55:06.675	2025-06-06 15:55:06.675	2025-06-06 15:55:06.675	\N	\N	\N
55	ad2273z4wd6g1akhgw3upwd1	admin::roles.update	{}	\N	{}	[]	2025-06-06 15:55:06.679	2025-06-06 15:55:06.679	2025-06-06 15:55:06.679	\N	\N	\N
56	mrj7mg1eca95w3qk5f0wvh1q	admin::roles.delete	{}	\N	{}	[]	2025-06-06 15:55:06.682	2025-06-06 15:55:06.682	2025-06-06 15:55:06.682	\N	\N	\N
57	j8tbpu7131mq02kaycom5fco	admin::api-tokens.access	{}	\N	{}	[]	2025-06-06 15:55:06.685	2025-06-06 15:55:06.685	2025-06-06 15:55:06.685	\N	\N	\N
58	njyl14spv0dhot15ag0izym5	admin::api-tokens.create	{}	\N	{}	[]	2025-06-06 15:55:06.687	2025-06-06 15:55:06.687	2025-06-06 15:55:06.687	\N	\N	\N
59	qamnd6v5lzl3rkzr6j189nqi	admin::api-tokens.read	{}	\N	{}	[]	2025-06-06 15:55:06.691	2025-06-06 15:55:06.691	2025-06-06 15:55:06.691	\N	\N	\N
60	lrm04ceiz59uyui6eej92zms	admin::api-tokens.update	{}	\N	{}	[]	2025-06-06 15:55:06.693	2025-06-06 15:55:06.693	2025-06-06 15:55:06.693	\N	\N	\N
61	d7p14keco7vq84ojaqwndpc5	admin::api-tokens.regenerate	{}	\N	{}	[]	2025-06-06 15:55:06.695	2025-06-06 15:55:06.695	2025-06-06 15:55:06.695	\N	\N	\N
62	c7ise5s2vz0wh0mbvx678yo9	admin::api-tokens.delete	{}	\N	{}	[]	2025-06-06 15:55:06.697	2025-06-06 15:55:06.697	2025-06-06 15:55:06.697	\N	\N	\N
63	znvoxul6iziur408uzgaymw4	admin::project-settings.update	{}	\N	{}	[]	2025-06-06 15:55:06.699	2025-06-06 15:55:06.699	2025-06-06 15:55:06.699	\N	\N	\N
64	ac998bomhafcc7mar3rv5w5a	admin::project-settings.read	{}	\N	{}	[]	2025-06-06 15:55:06.701	2025-06-06 15:55:06.701	2025-06-06 15:55:06.701	\N	\N	\N
65	ke2eclh6uac56vrmyo4cja00	admin::transfer.tokens.access	{}	\N	{}	[]	2025-06-06 15:55:06.704	2025-06-06 15:55:06.704	2025-06-06 15:55:06.704	\N	\N	\N
66	b6kpa02qfo7ynyoml55o1sgl	admin::transfer.tokens.create	{}	\N	{}	[]	2025-06-06 15:55:06.706	2025-06-06 15:55:06.706	2025-06-06 15:55:06.706	\N	\N	\N
67	njq7b3vcf4a9cr5xk2y2yh6t	admin::transfer.tokens.read	{}	\N	{}	[]	2025-06-06 15:55:06.708	2025-06-06 15:55:06.708	2025-06-06 15:55:06.708	\N	\N	\N
68	vl8lcvfl6vsrhu3fd5pfqv4w	admin::transfer.tokens.update	{}	\N	{}	[]	2025-06-06 15:55:06.71	2025-06-06 15:55:06.71	2025-06-06 15:55:06.71	\N	\N	\N
69	w8a4p2upfcot57o7gle9j30r	admin::transfer.tokens.regenerate	{}	\N	{}	[]	2025-06-06 15:55:06.712	2025-06-06 15:55:06.712	2025-06-06 15:55:06.712	\N	\N	\N
70	jq6hux675kt7fpgb6335nhqs	admin::transfer.tokens.delete	{}	\N	{}	[]	2025-06-06 15:55:06.714	2025-06-06 15:55:06.714	2025-06-06 15:55:06.714	\N	\N	\N
71	s7of7ghql2rgsmsslzdga42z	plugin::content-manager.explorer.create	{}	api::about.about	{"fields": ["title", "blocks"]}	[]	2025-06-06 16:38:44.553	2025-06-06 16:38:44.553	2025-06-06 16:38:44.553	\N	\N	\N
72	a7lb7isq422oi3mqsdw44w31	plugin::content-manager.explorer.create	{}	api::article.article	{"fields": ["title", "description", "slug", "cover", "author", "category", "blocks"]}	[]	2025-06-06 16:38:44.56	2025-06-06 16:38:44.56	2025-06-06 16:38:44.56	\N	\N	\N
73	b9ggs8hdrajh780g9i03pl72	plugin::content-manager.explorer.create	{}	api::author.author	{"fields": ["name", "avatar", "email", "articles"]}	[]	2025-06-06 16:38:44.564	2025-06-06 16:38:44.564	2025-06-06 16:38:44.564	\N	\N	\N
74	uu0nfah0d6ocklodwpkn8e5s	plugin::content-manager.explorer.create	{}	api::category.category	{"fields": ["name", "slug", "articles", "description"]}	[]	2025-06-06 16:38:44.567	2025-06-06 16:38:44.567	2025-06-06 16:38:44.567	\N	\N	\N
75	wopzjyazgjpgvgkhqlk856x4	plugin::content-manager.explorer.create	{}	api::global.global	{"fields": ["siteName", "favicon", "siteDescription", "defaultSeo.metaTitle", "defaultSeo.metaDescription", "defaultSeo.shareImage"]}	[]	2025-06-06 16:38:44.57	2025-06-06 16:38:44.57	2025-06-06 16:38:44.57	\N	\N	\N
77	aos09t2dmh7r5uyfrn06s7p4	plugin::content-manager.explorer.read	{}	api::about.about	{"fields": ["title", "blocks"]}	[]	2025-06-06 16:38:44.575	2025-06-06 16:38:44.575	2025-06-06 16:38:44.575	\N	\N	\N
78	hckppbli78yuwmbpezj3x422	plugin::content-manager.explorer.read	{}	api::article.article	{"fields": ["title", "description", "slug", "cover", "author", "category", "blocks"]}	[]	2025-06-06 16:38:44.577	2025-06-06 16:38:44.577	2025-06-06 16:38:44.577	\N	\N	\N
79	usvj9qj1s23k2g5lllqfqxa5	plugin::content-manager.explorer.read	{}	api::author.author	{"fields": ["name", "avatar", "email", "articles"]}	[]	2025-06-06 16:38:44.579	2025-06-06 16:38:44.579	2025-06-06 16:38:44.579	\N	\N	\N
80	h3a90apt339lxr344m0zsy3j	plugin::content-manager.explorer.read	{}	api::category.category	{"fields": ["name", "slug", "articles", "description"]}	[]	2025-06-06 16:38:44.581	2025-06-06 16:38:44.581	2025-06-06 16:38:44.581	\N	\N	\N
81	qs3sbhohuxtoxc6cd966t1m1	plugin::content-manager.explorer.read	{}	api::global.global	{"fields": ["siteName", "favicon", "siteDescription", "defaultSeo.metaTitle", "defaultSeo.metaDescription", "defaultSeo.shareImage"]}	[]	2025-06-06 16:38:44.584	2025-06-06 16:38:44.584	2025-06-06 16:38:44.584	\N	\N	\N
83	ztwrpk95glmnygcc8gl0lanl	plugin::content-manager.explorer.update	{}	api::about.about	{"fields": ["title", "blocks"]}	[]	2025-06-06 16:38:44.589	2025-06-06 16:38:44.589	2025-06-06 16:38:44.589	\N	\N	\N
84	f49ashwcgyuak8mepw8e1hqd	plugin::content-manager.explorer.update	{}	api::article.article	{"fields": ["title", "description", "slug", "cover", "author", "category", "blocks"]}	[]	2025-06-06 16:38:44.591	2025-06-06 16:38:44.591	2025-06-06 16:38:44.591	\N	\N	\N
85	ry5dexwm6km1na31r72ymm7v	plugin::content-manager.explorer.update	{}	api::author.author	{"fields": ["name", "avatar", "email", "articles"]}	[]	2025-06-06 16:38:44.593	2025-06-06 16:38:44.593	2025-06-06 16:38:44.593	\N	\N	\N
86	au8sneg5pe7w1m6247zrzy69	plugin::content-manager.explorer.update	{}	api::category.category	{"fields": ["name", "slug", "articles", "description"]}	[]	2025-06-06 16:38:44.596	2025-06-06 16:38:44.596	2025-06-06 16:38:44.596	\N	\N	\N
87	yv07todz82vkelip152onqyv	plugin::content-manager.explorer.update	{}	api::global.global	{"fields": ["siteName", "favicon", "siteDescription", "defaultSeo.metaTitle", "defaultSeo.metaDescription", "defaultSeo.shareImage"]}	[]	2025-06-06 16:38:44.598	2025-06-06 16:38:44.598	2025-06-06 16:38:44.598	\N	\N	\N
89	mwmun54gk9rqmcepoet3lls3	plugin::content-manager.explorer.delete	{}	api::about.about	{}	[]	2025-06-06 16:38:44.602	2025-06-06 16:38:44.602	2025-06-06 16:38:44.602	\N	\N	\N
90	udbkpgecjtvlu8p2a71joyc9	plugin::content-manager.explorer.delete	{}	api::article.article	{}	[]	2025-06-06 16:38:44.605	2025-06-06 16:38:44.605	2025-06-06 16:38:44.605	\N	\N	\N
91	dzwpcuujd8qwj67pjxcl6a3c	plugin::content-manager.explorer.delete	{}	api::author.author	{}	[]	2025-06-06 16:38:44.607	2025-06-06 16:38:44.607	2025-06-06 16:38:44.607	\N	\N	\N
92	g8rajmms0271t4fsfhixd1uu	plugin::content-manager.explorer.delete	{}	api::category.category	{}	[]	2025-06-06 16:38:44.61	2025-06-06 16:38:44.61	2025-06-06 16:38:44.61	\N	\N	\N
93	np9trqofy1dunbbmsuwp9rrv	plugin::content-manager.explorer.delete	{}	api::global.global	{}	[]	2025-06-06 16:38:44.612	2025-06-06 16:38:44.612	2025-06-06 16:38:44.612	\N	\N	\N
94	n1pihbk1nejbys7n2lp31ibm	plugin::content-manager.explorer.delete	{}	api::page.page	{"locales": ["en"]}	[]	2025-06-06 16:38:44.615	2025-06-06 16:38:44.615	2025-06-06 16:38:44.615	\N	\N	\N
95	kkvqcqoglfo6qft9ywx73dy5	plugin::content-manager.explorer.publish	{}	api::about.about	{}	[]	2025-06-06 16:38:44.617	2025-06-06 16:38:44.617	2025-06-06 16:38:44.617	\N	\N	\N
96	kvibbnhbmfh2rkliu5g53amy	plugin::content-manager.explorer.publish	{}	api::article.article	{}	[]	2025-06-06 16:38:44.619	2025-06-06 16:38:44.619	2025-06-06 16:38:44.619	\N	\N	\N
97	zet617m45d5aj2cx82y6rahh	plugin::content-manager.explorer.publish	{}	api::author.author	{}	[]	2025-06-06 16:38:44.622	2025-06-06 16:38:44.622	2025-06-06 16:38:44.622	\N	\N	\N
98	rpyi0k0p6tcm387up9ahqbm0	plugin::content-manager.explorer.publish	{}	api::category.category	{}	[]	2025-06-06 16:38:44.624	2025-06-06 16:38:44.624	2025-06-06 16:38:44.624	\N	\N	\N
99	e9wtt1jz137yvfxj5ib7rtu8	plugin::content-manager.explorer.publish	{}	api::global.global	{}	[]	2025-06-06 16:38:44.627	2025-06-06 16:38:44.627	2025-06-06 16:38:44.627	\N	\N	\N
100	bqi922zr7aaial335i14f5ac	plugin::content-manager.explorer.publish	{}	api::page.page	{"locales": ["en"]}	[]	2025-06-06 16:38:44.629	2025-06-06 16:38:44.629	2025-06-06 16:38:44.629	\N	\N	\N
128	tdqgx6g0zuyrtr4gom7lrod2	plugin::content-manager.explorer.create	{}	api::page.page	{"fields": ["title", "slug", "seo.metaTitle", "seo.metaDescription", "seo.shareImage", "publishAt", "contentSections"], "locales": ["en"]}	[]	2025-07-24 21:02:25.457	2025-07-24 21:02:25.457	2025-07-24 21:02:25.457	\N	\N	\N
129	uirhkqz5uovxexruojt38246	plugin::content-manager.explorer.read	{}	api::page.page	{"fields": ["title", "slug", "seo.metaTitle", "seo.metaDescription", "seo.shareImage", "publishAt", "contentSections"], "locales": ["en"]}	[]	2025-07-24 21:02:25.461	2025-07-24 21:02:25.461	2025-07-24 21:02:25.461	\N	\N	\N
130	w5toke2w3w3y59608hgqghzf	plugin::content-manager.explorer.update	{}	api::page.page	{"fields": ["title", "slug", "seo.metaTitle", "seo.metaDescription", "seo.shareImage", "publishAt", "contentSections"], "locales": ["en"]}	[]	2025-07-24 21:02:25.464	2025-07-24 21:02:25.464	2025-07-24 21:02:25.464	\N	\N	\N
131	o315lt9cwev7w19aqt9f6fsn	plugin::content-manager.explorer.create	{}	api::kitchen-estimator.kitchen-estimator	{"fields": ["title", "questions"]}	[]	2025-07-25 01:47:47.076	2025-07-25 01:47:47.076	2025-07-25 01:47:47.076	\N	\N	\N
132	phx67rla5gpjgrs85gxcu6yr	plugin::content-manager.explorer.read	{}	api::kitchen-estimator.kitchen-estimator	{"fields": ["title", "questions"]}	[]	2025-07-25 01:47:47.097	2025-07-25 01:47:47.097	2025-07-25 01:47:47.097	\N	\N	\N
133	jq4bry0ky1nx7ytks9i1torj	plugin::content-manager.explorer.update	{}	api::kitchen-estimator.kitchen-estimator	{"fields": ["title", "questions"]}	[]	2025-07-25 01:47:47.102	2025-07-25 01:47:47.102	2025-07-25 01:47:47.102	\N	\N	\N
134	uilclm4082isxbfrgsahhcqg	plugin::content-manager.explorer.delete	{}	api::kitchen-estimator.kitchen-estimator	{}	[]	2025-07-25 01:47:47.109	2025-07-25 01:47:47.109	2025-07-25 01:47:47.109	\N	\N	\N
135	cm1wqpnnbjxf109drrqgq7pr	plugin::content-manager.explorer.publish	{}	api::kitchen-estimator.kitchen-estimator	{}	[]	2025-07-25 01:47:47.115	2025-07-25 01:47:47.115	2025-07-25 01:47:47.115	\N	\N	\N
\.


--
-- Data for Name: admin_permissions_role_lnk; Type: TABLE DATA; Schema: public; Owner: root
--

COPY public.admin_permissions_role_lnk (id, permission_id, role_id, permission_ord) FROM stdin;
1	1	2	1
2	2	2	2
3	3	2	3
4	4	2	4
5	5	2	5
6	6	2	6
7	7	3	1
8	8	3	2
9	9	3	3
10	10	3	4
11	11	3	5
12	12	3	6
13	13	1	1
14	14	1	2
15	15	1	3
16	16	1	4
17	17	1	5
18	18	1	6
19	19	1	7
20	20	1	8
21	21	1	9
22	22	1	10
23	23	1	11
24	24	1	12
25	25	1	13
26	26	1	14
27	27	1	15
28	28	1	16
29	29	1	17
30	30	1	18
31	31	1	19
32	32	1	20
33	33	1	21
34	34	1	22
35	35	1	23
36	36	1	24
37	37	1	25
38	38	1	26
39	39	1	27
40	40	1	28
41	41	1	29
42	42	1	30
43	43	1	31
44	44	1	32
45	45	1	33
46	46	1	34
47	47	1	35
48	48	1	36
49	49	1	37
50	50	1	38
51	51	1	39
52	52	1	40
53	53	1	41
54	54	1	42
55	55	1	43
56	56	1	44
57	57	1	45
58	58	1	46
59	59	1	47
60	60	1	48
61	61	1	49
62	62	1	50
63	63	1	51
64	64	1	52
65	65	1	53
66	66	1	54
67	67	1	55
68	68	1	56
69	69	1	57
70	70	1	58
71	71	1	59
72	72	1	60
73	73	1	61
74	74	1	62
75	75	1	63
77	77	1	65
78	78	1	66
79	79	1	67
80	80	1	68
81	81	1	69
83	83	1	71
84	84	1	72
85	85	1	73
86	86	1	74
87	87	1	75
89	89	1	77
90	90	1	78
91	91	1	79
92	92	1	80
93	93	1	81
94	94	1	82
95	95	1	83
96	96	1	84
97	97	1	85
98	98	1	86
99	99	1	87
100	100	1	88
128	128	1	89
129	129	1	90
130	130	1	91
131	131	1	92
132	132	1	93
133	133	1	94
134	134	1	95
135	135	1	96
\.


--
-- Data for Name: admin_roles; Type: TABLE DATA; Schema: public; Owner: root
--

COPY public.admin_roles (id, document_id, name, code, description, created_at, updated_at, published_at, created_by_id, updated_by_id, locale) FROM stdin;
1	qn0e8as60acv5qqcigfvxems	Super Admin	strapi-super-admin	Super Admins can access and manage all features and settings.	2025-06-06 15:55:06.523	2025-06-06 15:55:06.523	2025-06-06 15:55:06.523	\N	\N	\N
2	gswem6fp68lhcvdjlivzo6yc	Editor	strapi-editor	Editors can manage and publish contents including those of other users.	2025-06-06 15:55:06.528	2025-06-06 15:55:06.528	2025-06-06 15:55:06.529	\N	\N	\N
3	d0mfjixeo8v1x9r79sqni9of	Author	strapi-author	Authors can manage the content they have created.	2025-06-06 15:55:06.531	2025-06-06 15:55:06.531	2025-06-06 15:55:06.531	\N	\N	\N
\.


--
-- Data for Name: admin_users; Type: TABLE DATA; Schema: public; Owner: root
--

COPY public.admin_users (id, document_id, firstname, lastname, username, email, password, reset_password_token, registration_token, is_active, blocked, prefered_language, created_at, updated_at, published_at, created_by_id, updated_by_id, locale) FROM stdin;
1	afam1i69ha9pbsf9hhw0puua	ritesh	tailor	\N	ritesh.tailor@axelerant.com	$2a$10$fcqy0TAnJKsA9/D1UxUWgup6GCs9KLIDq0H6jIwhWjGe6keUHnc6K	\N	\N	t	f	\N	2025-06-06 15:57:33.792	2025-06-06 15:57:33.792	2025-06-06 15:57:33.793	\N	\N	\N
\.


--
-- Data for Name: admin_users_roles_lnk; Type: TABLE DATA; Schema: public; Owner: root
--

COPY public.admin_users_roles_lnk (id, user_id, role_id, role_ord, user_ord) FROM stdin;
1	1	1	1	1
\.


--
-- Data for Name: articles; Type: TABLE DATA; Schema: public; Owner: root
--

COPY public.articles (id, document_id, title, description, slug, created_at, updated_at, published_at, created_by_id, updated_by_id, locale) FROM stdin;
1	ldprz8suxd3qayuj6zrtx69u	Love the nature	Lorem ipsum dolor sit amet, consectetur adipiscing elit	love-the-nature	2025-06-07 00:55:11.611	2025-06-07 00:57:47.369	\N	1	1	\N
4	ldprz8suxd3qayuj6zrtx69u	Love the nature	Lorem ipsum dolor sit amet, consectetur adipiscing elit	love-the-nature	2025-06-07 00:55:11.611	2025-06-07 00:57:47.369	2025-06-07 00:57:47.411	1	1	\N
5	yfujlzr63lcn4qk7hzkwjyyr	Mother Earth	Nam libero tempore, cum soluta nobis est	mother-earth	2025-06-07 01:00:24.233	2025-06-07 01:00:24.233	\N	1	1	\N
6	yfujlzr63lcn4qk7hzkwjyyr	Mother Earth	Nam libero tempore, cum soluta nobis est	mother-earth	2025-06-07 01:00:24.233	2025-06-07 01:00:24.233	2025-06-07 01:00:24.308	1	1	\N
7	b0g1mxr59fy1wtl17sptbjt9	Top places to visit	tempora incidunt ut labore	top-places-to-visit	2025-06-07 01:03:14.131	2025-06-07 01:03:14.131	\N	1	1	\N
8	b0g1mxr59fy1wtl17sptbjt9	Top places to visit	tempora incidunt ut labore	top-places-to-visit	2025-06-07 01:03:14.131	2025-06-07 01:03:14.131	2025-06-07 01:03:14.222	1	1	\N
\.


--
-- Data for Name: articles_author_lnk; Type: TABLE DATA; Schema: public; Owner: root
--

COPY public.articles_author_lnk (id, article_id, author_id, article_ord) FROM stdin;
1	1	1	1
4	4	1	2
5	5	1	3
6	6	1	4
7	7	1	5
8	8	1	6
\.


--
-- Data for Name: articles_category_lnk; Type: TABLE DATA; Schema: public; Owner: root
--

COPY public.articles_category_lnk (id, article_id, category_id, article_ord) FROM stdin;
1	1	1	1
4	4	1	2
5	5	2	1
6	6	2	2
7	7	2	3
8	8	2	4
\.


--
-- Data for Name: articles_cmps; Type: TABLE DATA; Schema: public; Owner: root
--

COPY public.articles_cmps (id, entity_id, cmp_id, component_type, field, "order") FROM stdin;
1	1	2	shared.rich-text	blocks	1
2	1	2	shared.quote	blocks	2
3	1	3	shared.quote	blocks	3
4	1	4	shared.quote	blocks	4
5	1	2	shared.slider	blocks	5
6	4	3	shared.rich-text	blocks	1
7	4	5	shared.quote	blocks	2
8	4	6	shared.quote	blocks	3
9	4	7	shared.quote	blocks	4
10	4	3	shared.slider	blocks	5
11	5	4	shared.rich-text	blocks	1
12	5	4	shared.slider	blocks	2
13	6	5	shared.rich-text	blocks	1
14	6	5	shared.slider	blocks	2
15	7	6	shared.rich-text	blocks	1
16	7	6	shared.slider	blocks	2
17	7	8	shared.quote	blocks	3
18	7	9	shared.quote	blocks	4
19	8	7	shared.rich-text	blocks	1
20	8	7	shared.slider	blocks	2
21	8	10	shared.quote	blocks	3
22	8	11	shared.quote	blocks	4
\.


--
-- Data for Name: authors; Type: TABLE DATA; Schema: public; Owner: root
--

COPY public.authors (id, document_id, name, email, created_at, updated_at, published_at, created_by_id, updated_by_id, locale) FROM stdin;
1	c776hsdu4ztvqyh3iyapjc3m	John Doe	johndoe@mailinator.com	2025-06-07 00:52:42.605	2025-06-07 00:52:42.605	2025-06-07 00:52:42.598	1	1	\N
\.


--
-- Data for Name: categories; Type: TABLE DATA; Schema: public; Owner: root
--

COPY public.categories (id, document_id, name, slug, description, created_at, updated_at, published_at, created_by_id, updated_by_id, locale) FROM stdin;
1	m7013koqgdxbh8u9akeinw0u	Latest News	category	Here we have latest news	2025-06-07 00:53:05.287	2025-06-17 02:52:08.104	2025-06-17 02:52:08.084	1	1	\N
2	nzaua8knl5f2152bcr2e4l4j	Popular Blog	category-1	Here we have popular blog.	2025-06-07 00:53:42.471	2025-06-17 02:52:14.129	2025-06-17 02:52:14.108	1	1	\N
\.


--
-- Data for Name: component_shared_post_teasers; Type: TABLE DATA; Schema: public; Owner: root
--

COPY public.component_shared_post_teasers (id, title, summary, link) FROM stdin;
7	Hey this is first blog	At vero eos et accusamus et iusto odio dignissimos ducimus qui blanditiis praesentium voluptatum deleniti atque corrupti quos dolores et quas molestias excepturi sint occaecati cupiditate non provident,	\N
8	Hey Second blog	At vero eos et accusamus et iusto odio dignissimos ducimus qui blanditiis praesentium voluptatum deleniti atque corrupti quos dolores et quas molestias excepturi sint occaecati cupiditate non provident,	\N
9	Hey third blog	At vero eos et accusamus et iusto odio dignissimos ducimus qui blanditiis praesentium voluptatum deleniti atque corrupti quos dolores et quas molestias excepturi sint occaecati cupiditate non provident,	\N
10	Hey this is first blog	At vero eos et accusamus et iusto odio dignissimos ducimus qui blanditiis praesentium voluptatum deleniti atque corrupti quos dolores et quas molestias excepturi sint occaecati cupiditate non provident,	\N
11	Hey Second blog	At vero eos et accusamus et iusto odio dignissimos ducimus qui blanditiis praesentium voluptatum deleniti atque corrupti quos dolores et quas molestias excepturi sint occaecati cupiditate non provident,	\N
12	Hey third blog	At vero eos et accusamus et iusto odio dignissimos ducimus qui blanditiis praesentium voluptatum deleniti atque corrupti quos dolores et quas molestias excepturi sint occaecati cupiditate non provident,	\N
13	Hey this is first blog	At vero eos et accusamus et iusto odio dignissimos ducimus qui blanditiis praesentium voluptatum deleniti atque corrupti quos dolores et quas molestias excepturi sint occaecati cupiditate non provident,	\N
14	Hey Second blog	At vero eos et accusamus et iusto odio dignissimos ducimus qui blanditiis praesentium voluptatum deleniti atque corrupti quos dolores et quas molestias excepturi sint occaecati cupiditate non provident,	\N
15	Hey third blog	At vero eos et accusamus et iusto odio dignissimos ducimus qui blanditiis praesentium voluptatum deleniti atque corrupti quos dolores et quas molestias excepturi sint occaecati cupiditate non provident,	\N
1	Hey this is first blog	At vero eos et accusamus et iusto odio dignissimos ducimus qui blanditiis praesentium voluptatum deleniti atque corrupti quos dolores et quas molestias excepturi sint occaecati cupiditate non provident,	http://localhost:1337/
2	Hey Second blog	At vero eos et accusamus et iusto odio dignissimos ducimus qui blanditiis praesentium voluptatum deleniti atque corrupti quos dolores et quas molestias excepturi sint occaecati cupiditate non provident,	http://localhost:1337/
3	Hey third blog	At vero eos et accusamus et iusto odio dignissimos ducimus qui blanditiis praesentium voluptatum deleniti atque corrupti quos dolores et quas molestias excepturi sint occaecati cupiditate non provident,	http://localhost:1337/
22	Hey this is first blog	At vero eos et accusamus et iusto odio dignissimos ducimus qui blanditiis praesentium voluptatum deleniti atque corrupti quos dolores et quas molestias excepturi sint occaecati cupiditate non provident,	http://localhost:1337/
23	Hey Second blog	At vero eos et accusamus et iusto odio dignissimos ducimus qui blanditiis praesentium voluptatum deleniti atque corrupti quos dolores et quas molestias excepturi sint occaecati cupiditate non provident,	http://localhost:1337/
24	Hey third blog	At vero eos et accusamus et iusto odio dignissimos ducimus qui blanditiis praesentium voluptatum deleniti atque corrupti quos dolores et quas molestias excepturi sint occaecati cupiditate non provident,	http://localhost:1337/
31	Hey this is first blog	At vero eos et accusamus et iusto odio dignissimos ducimus qui blanditiis praesentium voluptatum deleniti atque corrupti quos dolores et quas molestias excepturi sint occaecati cupiditate non provident,	\N
32	Hey Second blog	At vero eos et accusamus et iusto odio dignissimos ducimus qui blanditiis praesentium voluptatum deleniti atque corrupti quos dolores et quas molestias excepturi sint occaecati cupiditate non provident,	\N
33	Hey third blog	At vero eos et accusamus et iusto odio dignissimos ducimus qui blanditiis praesentium voluptatum deleniti atque corrupti quos dolores et quas molestias excepturi sint occaecati cupiditate non provident,	\N
\.


--
-- Data for Name: components_questionnaire_color_variants; Type: TABLE DATA; Schema: public; Owner: root
--

COPY public.components_questionnaire_color_variants (id, color_name, color_code, price) FROM stdin;
1	Black	#000000	5000.00
2	White	#ffffff	5500.00
3	Red	#dedede	5700.00
4	Black	#000000	6000.00
5	White	#ffffff	6250.00
6	Red	#d2d2d2	6502.00
13	Black	#000000	5000.00
14	White	#ffffff	5500.00
15	Red	#dedede	5700.00
16	Black	#000000	6000.00
17	White	#ffffff	6250.00
18	Red	#d2d2d2	6502.00
\.


--
-- Data for Name: components_questionnaire_questionnaire_options; Type: TABLE DATA; Schema: public; Owner: root
--

COPY public.components_questionnaire_questionnaire_options (id, title, description, price, has_quantity, units) FROM stdin;
1	Small	For kitchens around 10m	3281.00	f	8
2	Meduim	For kitchens around 15m	5078.00	f	12
3	Large	For kitchens around 20m	6985.00	f	16
4	No worktop	If you arent looking for your kitchen worktop right now, select this option.	0.00	f	\N
5	Bull nosed laminate	Soften your kitchens edges with smooth rounded corners to your laminate worktops.	120.00	f	\N
6	Timber	Invite warm tones and organic woodgrain texture into your kitchen. 	659.00	f	\N
7	Traditional larder	Add a traditional larder to your kitchen project and youll wonder how you ever lived without one.	10395.00	t	\N
8	Tower pull out	Add a traditional larder to your kitchen project and youll wonder how you ever lived without one.	3339.00	t	\N
9	Cutlery tray	Elevate every detail with a timber cutlery tray that keeps utensils beautifully organised.	168.00	t	\N
10	Franke Ascona	The Ascona from Franke is a classic stainless steel sink with a practical recessed drainer, and Slimfix system which removes the need for clamps, screws or fixing rails.	\N	f	\N
11	Square	A timeless design to match any style of kitchen. Add a square sink to your project and choose from a wide range of materials.	\N	f	\N
12	Tatton	Traditional Shaker style doors in a contemporary design, featuring a smooth, matt-effect finish with style.	\N	f	\N
13	Ambleside	With a woodgrain texture thats perfectly offset by a choice of five versatile colours.	\N	f	\N
14	Reed	A contemporary fluted design with a smooth reverse, offering a striking textured finish that can be used across full kitchens or as a feature.	\N	f	\N
29	Small	For kitchens around 10m	3281.00	f	8
30	Meduim	For kitchens around 15m	5078.00	f	12
31	Large	For kitchens around 20m	6985.00	f	16
32	No worktop	If you arent looking for your kitchen worktop right now, select this option.	0.00	f	\N
33	Bull nosed laminate	Soften your kitchens edges with smooth rounded corners to your laminate worktops.	120.00	f	\N
34	Timber	Invite warm tones and organic woodgrain texture into your kitchen. 	659.00	f	\N
35	Traditional larder	Add a traditional larder to your kitchen project and youll wonder how you ever lived without one.	10395.00	t	\N
36	Tower pull out	Add a traditional larder to your kitchen project and youll wonder how you ever lived without one.	3339.00	t	\N
37	Cutlery tray	Elevate every detail with a timber cutlery tray that keeps utensils beautifully organised.	168.00	t	\N
38	Franke Ascona	The Ascona from Franke is a classic stainless steel sink with a practical recessed drainer, and Slimfix system which removes the need for clamps, screws or fixing rails.	\N	f	\N
39	Square	A timeless design to match any style of kitchen. Add a square sink to your project and choose from a wide range of materials.	\N	f	\N
40	Tatton	Traditional Shaker style doors in a contemporary design, featuring a smooth, matt-effect finish with style.	\N	f	\N
41	Ambleside	With a woodgrain texture thats perfectly offset by a choice of five versatile colours.	\N	f	\N
42	Reed	A contemporary fluted design with a smooth reverse, offering a striking textured finish that can be used across full kitchens or as a feature.	\N	f	\N
\.


--
-- Data for Name: components_questionnaire_questionnaire_options_cmps; Type: TABLE DATA; Schema: public; Owner: root
--

COPY public.components_questionnaire_questionnaire_options_cmps (id, entity_id, cmp_id, component_type, field, "order") FROM stdin;
1	10	7	questionnaire.select-option	selectOptions	1
2	10	8	questionnaire.select-option	selectOptions	2
3	11	9	questionnaire.select-option	selectOptions	1
4	11	10	questionnaire.select-option	selectOptions	2
5	12	1	questionnaire.select-option	selectOptions	2
6	12	2	questionnaire.select-option	selectOptions	3
7	13	3	questionnaire.select-option	selectOptions	1
8	13	4	questionnaire.select-option	selectOptions	3
9	14	5	questionnaire.select-option	selectOptions	1
10	14	6	questionnaire.select-option	selectOptions	3
11	12	1	questionnaire.color-variant	colorVariants	1
12	12	2	questionnaire.color-variant	colorVariants	2
13	12	3	questionnaire.color-variant	colorVariants	3
14	13	4	questionnaire.color-variant	colorVariants	1
15	13	5	questionnaire.color-variant	colorVariants	2
16	14	6	questionnaire.color-variant	colorVariants	1
49	38	27	questionnaire.select-option	selectOptions	1
50	38	28	questionnaire.select-option	selectOptions	2
51	39	29	questionnaire.select-option	selectOptions	1
52	39	30	questionnaire.select-option	selectOptions	2
53	40	21	questionnaire.select-option	selectOptions	1
54	40	22	questionnaire.select-option	selectOptions	2
55	41	23	questionnaire.select-option	selectOptions	1
56	41	24	questionnaire.select-option	selectOptions	2
57	42	25	questionnaire.select-option	selectOptions	1
58	42	26	questionnaire.select-option	selectOptions	2
59	40	13	questionnaire.color-variant	colorVariants	1
60	40	14	questionnaire.color-variant	colorVariants	2
61	40	15	questionnaire.color-variant	colorVariants	3
62	41	16	questionnaire.color-variant	colorVariants	1
63	41	17	questionnaire.color-variant	colorVariants	2
64	42	18	questionnaire.color-variant	colorVariants	1
\.


--
-- Data for Name: components_questionnaire_questions; Type: TABLE DATA; Schema: public; Owner: root
--

COPY public.components_questionnaire_questions (id, title, question_type, description, tool_tip) FROM stdin;
1	How many kitchen units do you need?	units	Select your approximate number of units  price includes panels and plinths.	What do we mean by kitchen units?\n1. A unit is a cabinet, either a base or a wall cabinet.\n2. Small kitchen: around 8 to 10 units, ideal for galley or compact spaces.\n
2	Which worktop style would you like?	worktop-style	Pick the style of worktop youd like.	Pick the style of worktop youd like.
3	Would you like to add any kitchen storage?	storage-type	Make your kitchen work for you with smart storage solutions that maximise space.\n\n	Make your kitchen work for you with smart storage solutions that maximise space.\n\n
4	What style of kitchen sink would you like?	sink-type	Choose the sink youd like to add to your project.	Choose the sink youd like to add to your project.
5	Which kitchen range do you prefer?	range	Choose your dream kitchen range from the list below.	Choose your dream kitchen range from the list below.
11	How many kitchen units do you need?	units	Select your approximate number of units  price includes panels and plinths.	What do we mean by kitchen units?\n1. A unit is a cabinet, either a base or a wall cabinet.\n2. Small kitchen: around 8 to 10 units, ideal for galley or compact spaces.\n
12	Which worktop style would you like?	worktop-style	Pick the style of worktop youd like.	Pick the style of worktop youd like.
13	Would you like to add any kitchen storage?	storage-type	Make your kitchen work for you with smart storage solutions that maximise space.\n\n	Make your kitchen work for you with smart storage solutions that maximise space.\n\n
14	What style of kitchen sink would you like?	sink-type	Choose the sink youd like to add to your project.	Choose the sink youd like to add to your project.
15	Which kitchen range do you prefer?	range	Choose your dream kitchen range from the list below.	Choose your dream kitchen range from the list below.
\.


--
-- Data for Name: components_questionnaire_questions_cmps; Type: TABLE DATA; Schema: public; Owner: root
--

COPY public.components_questionnaire_questions_cmps (id, entity_id, cmp_id, component_type, field, "order") FROM stdin;
1	1	1	questionnaire.questionnaire-options	questionOptions	1
2	1	2	questionnaire.questionnaire-options	questionOptions	2
3	1	3	questionnaire.questionnaire-options	questionOptions	3
4	2	4	questionnaire.questionnaire-options	questionOptions	1
5	2	5	questionnaire.questionnaire-options	questionOptions	2
6	2	6	questionnaire.questionnaire-options	questionOptions	3
7	3	7	questionnaire.questionnaire-options	questionOptions	1
8	3	8	questionnaire.questionnaire-options	questionOptions	2
9	3	9	questionnaire.questionnaire-options	questionOptions	3
10	4	10	questionnaire.questionnaire-options	questionOptions	1
11	4	11	questionnaire.questionnaire-options	questionOptions	2
12	5	12	questionnaire.questionnaire-options	questionOptions	1
13	5	13	questionnaire.questionnaire-options	questionOptions	2
14	5	14	questionnaire.questionnaire-options	questionOptions	3
43	11	29	questionnaire.questionnaire-options	questionOptions	1
44	11	30	questionnaire.questionnaire-options	questionOptions	2
45	11	31	questionnaire.questionnaire-options	questionOptions	3
46	12	32	questionnaire.questionnaire-options	questionOptions	1
47	12	33	questionnaire.questionnaire-options	questionOptions	2
48	12	34	questionnaire.questionnaire-options	questionOptions	3
49	13	35	questionnaire.questionnaire-options	questionOptions	1
50	13	36	questionnaire.questionnaire-options	questionOptions	2
51	13	37	questionnaire.questionnaire-options	questionOptions	3
52	14	38	questionnaire.questionnaire-options	questionOptions	1
53	14	39	questionnaire.questionnaire-options	questionOptions	2
54	15	40	questionnaire.questionnaire-options	questionOptions	1
55	15	41	questionnaire.questionnaire-options	questionOptions	2
56	15	42	questionnaire.questionnaire-options	questionOptions	3
\.


--
-- Data for Name: components_questionnaire_select_options; Type: TABLE DATA; Schema: public; Owner: root
--

COPY public.components_questionnaire_select_options (id, label, value, price) FROM stdin;
1	With Handle	with-handle	1500.00
2	Without Handle	without-handle	1000.00
3	With Handle	with-handle	1500.00
4	Without Handle	without-handle	1000.00
5	With Handle	with-handle	1500.00
6	Without Handle	without-handle	1000.00
7	1 Bowl	1-bowl	500.00
8	1.5 Bowl	1.5-bowl	550.00
9	1 Bowl	1-bowl	550.00
10	1.5 Bowl	1.5-bowl	570.00
21	With Handle	with-handle	1500.00
22	Without Handle	without-handle	1000.00
23	With Handle	with-handle	1500.00
24	Without Handle	without-handle	1000.00
25	With Handle	with-handle	1500.00
26	Without Handle	without-handle	1000.00
27	1 Bowl	1-bowl	500.00
28	1.5 Bowl	1.5-bowl	550.00
29	1 Bowl	1-bowl	550.00
30	1.5 Bowl	1.5-bowl	570.00
\.


--
-- Data for Name: components_sections_blog_posts_teasers; Type: TABLE DATA; Schema: public; Owner: root
--

COPY public.components_sections_blog_posts_teasers (id, section_title) FROM stdin;
3	Our Blog
4	Our Blog
1	Our Blog
8	Our Blog
5	Our Blog
11	Our Blog
\.


--
-- Data for Name: components_sections_blog_posts_teasers_cmps; Type: TABLE DATA; Schema: public; Owner: root
--

COPY public.components_sections_blog_posts_teasers_cmps (id, entity_id, cmp_id, component_type, field, "order") FROM stdin;
7	3	7	shared.post-teaser	posts	1
8	3	8	shared.post-teaser	posts	2
9	3	9	shared.post-teaser	posts	3
13	4	10	shared.post-teaser	posts	1
14	4	11	shared.post-teaser	posts	2
15	4	12	shared.post-teaser	posts	3
1	1	1	shared.post-teaser	posts	1
2	1	2	shared.post-teaser	posts	2
3	1	3	shared.post-teaser	posts	3
34	8	22	shared.post-teaser	posts	1
35	8	23	shared.post-teaser	posts	2
36	8	24	shared.post-teaser	posts	3
16	5	13	shared.post-teaser	posts	1
17	5	14	shared.post-teaser	posts	2
18	5	15	shared.post-teaser	posts	3
52	11	31	shared.post-teaser	posts	1
53	11	32	shared.post-teaser	posts	2
54	11	33	shared.post-teaser	posts	3
\.


--
-- Data for Name: components_sections_category_highlights; Type: TABLE DATA; Schema: public; Owner: root
--

COPY public.components_sections_category_highlights (id, section_title) FROM stdin;
3	Trending Categories
4	Trending Categories
1	Trending Categories
8	Trending Categories
5	Trending Categories
11	Trending Categories
\.


--
-- Data for Name: components_sections_category_highlights_cmps; Type: TABLE DATA; Schema: public; Owner: root
--

COPY public.components_sections_category_highlights_cmps (id, entity_id, cmp_id, component_type, field, "order") FROM stdin;
9	3	9	shared.category-card	categories	1
10	3	10	shared.category-card	categories	2
11	3	11	shared.category-card	categories	3
12	3	12	shared.category-card	categories	4
17	4	13	shared.category-card	categories	1
18	4	14	shared.category-card	categories	2
19	4	15	shared.category-card	categories	3
20	4	16	shared.category-card	categories	4
21	5	17	shared.category-card	categories	1
22	5	18	shared.category-card	categories	2
23	5	19	shared.category-card	categories	3
24	5	20	shared.category-card	categories	4
69	11	41	shared.category-card	categories	1
70	11	42	shared.category-card	categories	2
71	11	43	shared.category-card	categories	3
72	11	44	shared.category-card	categories	4
1	1	1	shared.category-card	categories	1
2	1	2	shared.category-card	categories	2
3	1	3	shared.category-card	categories	3
4	1	4	shared.category-card	categories	4
45	8	29	shared.category-card	categories	1
46	8	30	shared.category-card	categories	2
47	8	31	shared.category-card	categories	3
48	8	32	shared.category-card	categories	4
\.


--
-- Data for Name: components_sections_faq_sections; Type: TABLE DATA; Schema: public; Owner: root
--

COPY public.components_sections_faq_sections (id, section_title) FROM stdin;
3	Frequently Asked Questions
4	Frequently Asked Questions
1	Frequently Asked Questions
8	Frequently Asked Questions
5	Frequently Asked Questions
11	Frequently Asked Questions
\.


--
-- Data for Name: components_sections_faq_sections_cmps; Type: TABLE DATA; Schema: public; Owner: root
--

COPY public.components_sections_faq_sections_cmps (id, entity_id, cmp_id, component_type, field, "order") FROM stdin;
7	3	7	shared.faq-item	faqs	1
8	3	8	shared.faq-item	faqs	2
9	3	9	shared.faq-item	faqs	3
13	4	10	shared.faq-item	faqs	1
14	4	11	shared.faq-item	faqs	2
15	4	12	shared.faq-item	faqs	3
1	1	1	shared.faq-item	faqs	1
2	1	2	shared.faq-item	faqs	2
3	1	3	shared.faq-item	faqs	3
34	8	22	shared.faq-item	faqs	1
35	8	23	shared.faq-item	faqs	2
36	8	24	shared.faq-item	faqs	3
16	5	13	shared.faq-item	faqs	1
17	5	14	shared.faq-item	faqs	2
18	5	15	shared.faq-item	faqs	3
52	11	31	shared.faq-item	faqs	1
53	11	32	shared.faq-item	faqs	2
54	11	33	shared.faq-item	faqs	3
\.


--
-- Data for Name: components_sections_feature_grids; Type: TABLE DATA; Schema: public; Owner: root
--

COPY public.components_sections_feature_grids (id, section_title) FROM stdin;
3	Featured Section
4	Featured Section
1	Featured Section
8	Featured Section
5	Featured Section
11	Featured Section
\.


--
-- Data for Name: components_sections_feature_grids_cmps; Type: TABLE DATA; Schema: public; Owner: root
--

COPY public.components_sections_feature_grids_cmps (id, entity_id, cmp_id, component_type, field, "order") FROM stdin;
7	3	7	shared.feature	features	1
8	3	8	shared.feature	features	2
9	3	9	shared.feature	features	3
13	4	10	shared.feature	features	1
14	4	11	shared.feature	features	2
15	4	12	shared.feature	features	3
1	1	1	shared.feature	features	1
2	1	2	shared.feature	features	2
3	1	3	shared.feature	features	3
34	8	22	shared.feature	features	1
35	8	23	shared.feature	features	2
36	8	24	shared.feature	features	3
16	5	13	shared.feature	features	1
17	5	14	shared.feature	features	2
18	5	15	shared.feature	features	3
52	11	31	shared.feature	features	1
53	11	32	shared.feature	features	2
54	11	33	shared.feature	features	3
\.


--
-- Data for Name: components_sections_hero_banners; Type: TABLE DATA; Schema: public; Owner: root
--

COPY public.components_sections_hero_banners (id, title, subtitle, button_text, button_url) FROM stdin;
3	Colorful summer dresses are already in stores	Hurry Up!	Contact Us	http://localhost:1337/
4	Colorful summer dresses are already in stores	Hurry Up!	Contact Us	http://localhost:1337/
1	Colorful summer dresses are already in stores	Hurry Up!	Contact Us	http://localhost:1337/
8	Colorful summer dresses are already in stores	Hurry Up!	Contact Us	http://localhost:1337/
5	Colorful summer dresses are already in stores	Hurry Up!	Contact Us	http://localhost:1337/
11	Colorful summer dresses are already in stores	Hurry Up!	Contact Us	http://localhost:1337/
\.


--
-- Data for Name: components_sections_image_carousels; Type: TABLE DATA; Schema: public; Owner: root
--

COPY public.components_sections_image_carousels (id) FROM stdin;
3
4
1
8
5
11
\.


--
-- Data for Name: components_sections_product_sliders; Type: TABLE DATA; Schema: public; Owner: root
--

COPY public.components_sections_product_sliders (id, title) FROM stdin;
3	Find your article
4	Find your article
1	Find your article
8	Find your article
5	Find your article
11	Find your article
\.


--
-- Data for Name: components_sections_product_sliders_cmps; Type: TABLE DATA; Schema: public; Owner: root
--

COPY public.components_sections_product_sliders_cmps (id, entity_id, cmp_id, component_type, field, "order") FROM stdin;
7	3	7	shared.product-slide	slides	1
8	3	8	shared.product-slide	slides	2
9	3	9	shared.product-slide	slides	3
13	4	10	shared.product-slide	slides	1
14	4	11	shared.product-slide	slides	2
15	4	12	shared.product-slide	slides	3
1	1	1	shared.product-slide	slides	1
2	1	2	shared.product-slide	slides	2
3	1	3	shared.product-slide	slides	3
34	8	22	shared.product-slide	slides	1
35	8	23	shared.product-slide	slides	2
36	8	24	shared.product-slide	slides	3
16	5	13	shared.product-slide	slides	1
17	5	14	shared.product-slide	slides	2
18	5	15	shared.product-slide	slides	3
52	11	31	shared.product-slide	slides	1
53	11	32	shared.product-slide	slides	2
54	11	33	shared.product-slide	slides	3
\.


--
-- Data for Name: components_sections_promotional_ctas; Type: TABLE DATA; Schema: public; Owner: root
--

COPY public.components_sections_promotional_ctas (id, title, body, button_text, button_url) FROM stdin;
3	Know the real power	At vero eos et accusamus et iusto odio dignissimos ducimus qui blanditiis praesentium voluptatum deleniti atque corrupti quos dolores et quas molestias excepturi sint occaecati cupiditate non provident,	Click here	http://localhost:1337/
4	Know the real power	At vero eos et accusamus et iusto odio dignissimos ducimus qui blanditiis praesentium voluptatum deleniti atque corrupti quos dolores et quas molestias excepturi sint occaecati cupiditate non provident,	Click here	http://localhost:1337/
1	Know the real power	At vero eos et accusamus et iusto odio dignissimos ducimus qui blanditiis praesentium voluptatum deleniti atque corrupti quos dolores et quas molestias excepturi sint occaecati cupiditate non provident,	Click here	http://localhost:1337/
8	Know the real power	At vero eos et accusamus et iusto odio dignissimos ducimus qui blanditiis praesentium voluptatum deleniti atque corrupti quos dolores et quas molestias excepturi sint occaecati cupiditate non provident,	Click here	http://localhost:1337/
5	Know the real power	At vero eos et accusamus et iusto odio dignissimos ducimus qui blanditiis praesentium voluptatum deleniti atque corrupti quos dolores et quas molestias excepturi sint occaecati cupiditate non provident,	Click here	http://localhost:1337/
11	Know the real power	At vero eos et accusamus et iusto odio dignissimos ducimus qui blanditiis praesentium voluptatum deleniti atque corrupti quos dolores et quas molestias excepturi sint occaecati cupiditate non provident,	Click here	http://localhost:1337/
\.


--
-- Data for Name: components_sections_rich_text_blocks; Type: TABLE DATA; Schema: public; Owner: root
--

COPY public.components_sections_rich_text_blocks (id, content) FROM stdin;
3	![112.jpg](http://localhost:1337/uploads/112_8e9f68d575.jpg)\nAt vero eos et accusamus et iusto odio dignissimos ducimus qui blanditiis praesentium voluptatum deleniti atque corrupti quos dolores et quas molestias excepturi sint occaecati cupiditate non provident, At vero eos et accusamus.\nEt iusto odio dignissimos ducimus qui blanditiis praesentium voluptatum deleniti atque corrupti quos dolores et quas molestias excepturi sint occaecati cupiditate non provident, At vero eos et accusamus et iusto odio dignissimos ducimus qui blanditiis praesentium voluptatum deleniti atque corrupti quos dolores et quas molestias excepturi sint occaecati cupiditate non provident,
4	![112.jpg](http://localhost:1337/uploads/112_8e9f68d575.jpg)\nAt vero eos et accusamus et iusto odio dignissimos ducimus qui blanditiis praesentium voluptatum deleniti atque corrupti quos dolores et quas molestias excepturi sint occaecati cupiditate non provident, At vero eos et accusamus.\nEt iusto odio dignissimos ducimus qui blanditiis praesentium voluptatum deleniti atque corrupti quos dolores et quas molestias excepturi sint occaecati cupiditate non provident, At vero eos et accusamus et iusto odio dignissimos ducimus qui blanditiis praesentium voluptatum deleniti atque corrupti quos dolores et quas molestias excepturi sint occaecati cupiditate non provident,
5	![112.jpg](http://localhost:1337/uploads/112_8e9f68d575.jpg)\nAt vero eos et accusamus et iusto odio dignissimos ducimus qui blanditiis praesentium voluptatum deleniti atque corrupti quos dolores et quas molestias excepturi sint occaecati cupiditate non provident, At vero eos et accusamus.\nEt iusto odio dignissimos ducimus qui blanditiis praesentium voluptatum deleniti atque corrupti quos dolores et quas molestias excepturi sint occaecati cupiditate non provident, At vero eos et accusamus et iusto odio dignissimos ducimus qui blanditiis praesentium voluptatum deleniti atque corrupti quos dolores et quas molestias excepturi sint occaecati cupiditate non provident,
1	![112.jpg](http://localhost:1337/uploads/112_8e9f68d575.jpg)\nAt vero eos et accusamus et iusto odio dignissimos ducimus qui blanditiis praesentium voluptatum deleniti atque corrupti quos dolores et quas molestias excepturi sint occaecati cupiditate non provident, At vero eos et accusamus.\nEt iusto odio dignissimos ducimus qui blanditiis praesentium voluptatum deleniti atque corrupti quos dolores et quas molestias excepturi sint occaecati cupiditate non provident, At vero eos et accusamus et iusto odio dignissimos ducimus qui blanditiis praesentium voluptatum deleniti atque corrupti quos dolores et quas molestias excepturi sint occaecati cupiditate non provident,
8	![112.jpg](http://localhost:1337/uploads/112_8e9f68d575.jpg)\nAt vero eos et accusamus et iusto odio dignissimos ducimus qui blanditiis praesentium voluptatum deleniti atque corrupti quos dolores et quas molestias excepturi sint occaecati cupiditate non provident, At vero eos et accusamus.\nEt iusto odio dignissimos ducimus qui blanditiis praesentium voluptatum deleniti atque corrupti quos dolores et quas molestias excepturi sint occaecati cupiditate non provident, At vero eos et accusamus et iusto odio dignissimos ducimus qui blanditiis praesentium voluptatum deleniti atque corrupti quos dolores et quas molestias excepturi sint occaecati cupiditate non provident,
11	![112.jpg](http://localhost:1337/uploads/112_8e9f68d575.jpg)\nAt vero eos et accusamus et iusto odio dignissimos ducimus qui blanditiis praesentium voluptatum deleniti atque corrupti quos dolores et quas molestias excepturi sint occaecati cupiditate non provident, At vero eos et accusamus.\nEt iusto odio dignissimos ducimus qui blanditiis praesentium voluptatum deleniti atque corrupti quos dolores et quas molestias excepturi sint occaecati cupiditate non provident, At vero eos et accusamus et iusto odio dignissimos ducimus qui blanditiis praesentium voluptatum deleniti atque corrupti quos dolores et quas molestias excepturi sint occaecati cupiditate non provident,
\.


--
-- Data for Name: components_sections_testimonials; Type: TABLE DATA; Schema: public; Owner: root
--

COPY public.components_sections_testimonials (id, section_title) FROM stdin;
3	Testimonials
4	Testimonials
1	Testimonials
8	Testimonials
5	Testimonials
11	Testimonials
\.


--
-- Data for Name: components_sections_testimonials_cmps; Type: TABLE DATA; Schema: public; Owner: root
--

COPY public.components_sections_testimonials_cmps (id, entity_id, cmp_id, component_type, field, "order") FROM stdin;
7	3	7	shared.testimonial	items	1
8	3	8	shared.testimonial	items	2
9	3	9	shared.testimonial	items	3
13	4	10	shared.testimonial	items	1
14	4	11	shared.testimonial	items	2
15	4	12	shared.testimonial	items	3
1	1	1	shared.testimonial	items	1
2	1	2	shared.testimonial	items	2
3	1	3	shared.testimonial	items	3
34	8	22	shared.testimonial	items	1
35	8	23	shared.testimonial	items	2
36	8	24	shared.testimonial	items	3
16	5	13	shared.testimonial	items	1
17	5	14	shared.testimonial	items	2
18	5	15	shared.testimonial	items	3
52	11	31	shared.testimonial	items	1
53	11	32	shared.testimonial	items	2
54	11	33	shared.testimonial	items	3
\.


--
-- Data for Name: components_shared_category_cards; Type: TABLE DATA; Schema: public; Owner: root
--

COPY public.components_shared_category_cards (id, name, description, link) FROM stdin;
9	Category 1	Itaque earum rerum hic tenetur a sapiente delectus, ut aut reiciendis voluptatibus maiores alias consequatur aut perferendis doloribus asperiores repellat.	\N
10	Category 2	Itaque earum rerum hic tenetur a sapiente delectus, ut aut reiciendis voluptatibus maiores alias consequatur aut perferendis doloribus asperiores repellat.	\N
11	Category 3	Itaque earum rerum hic tenetur a sapiente delectus, ut aut reiciendis voluptatibus maiores alias consequatur aut perferendis doloribus asperiores repellat.	\N
12	Category 4	Itaque earum rerum hic tenetur a sapiente delectus, ut aut reiciendis voluptatibus maiores alias consequatur aut perferendis doloribus asperiores repellat.	\N
13	Category 1	Itaque earum rerum hic tenetur a sapiente delectus, ut aut reiciendis voluptatibus maiores alias consequatur aut perferendis doloribus asperiores repellat.	\N
14	Category 2	Itaque earum rerum hic tenetur a sapiente delectus, ut aut reiciendis voluptatibus maiores alias consequatur aut perferendis doloribus asperiores repellat.	\N
15	Category 3	Itaque earum rerum hic tenetur a sapiente delectus, ut aut reiciendis voluptatibus maiores alias consequatur aut perferendis doloribus asperiores repellat.	\N
16	Category 4	Itaque earum rerum hic tenetur a sapiente delectus, ut aut reiciendis voluptatibus maiores alias consequatur aut perferendis doloribus asperiores repellat.	\N
1	Category 1	Itaque earum rerum hic tenetur a sapiente delectus, ut aut reiciendis voluptatibus maiores alias consequatur aut perferendis doloribus asperiores repellat.	\N
2	Category 2	Itaque earum rerum hic tenetur a sapiente delectus, ut aut reiciendis voluptatibus maiores alias consequatur aut perferendis doloribus asperiores repellat.	\N
3	Category 3	Itaque earum rerum hic tenetur a sapiente delectus, ut aut reiciendis voluptatibus maiores alias consequatur aut perferendis doloribus asperiores repellat.	\N
4	Category 4	Itaque earum rerum hic tenetur a sapiente delectus, ut aut reiciendis voluptatibus maiores alias consequatur aut perferendis doloribus asperiores repellat.	\N
29	Category 1	Itaque earum rerum hic tenetur a sapiente delectus, ut aut reiciendis voluptatibus maiores alias consequatur aut perferendis doloribus asperiores repellat.	\N
30	Category 2	Itaque earum rerum hic tenetur a sapiente delectus, ut aut reiciendis voluptatibus maiores alias consequatur aut perferendis doloribus asperiores repellat.	\N
31	Category 3	Itaque earum rerum hic tenetur a sapiente delectus, ut aut reiciendis voluptatibus maiores alias consequatur aut perferendis doloribus asperiores repellat.	\N
32	Category 4	Itaque earum rerum hic tenetur a sapiente delectus, ut aut reiciendis voluptatibus maiores alias consequatur aut perferendis doloribus asperiores repellat.	\N
41	Category 1	Itaque earum rerum hic tenetur a sapiente delectus, ut aut reiciendis voluptatibus maiores alias consequatur aut perferendis doloribus asperiores repellat.	\N
42	Category 2	Itaque earum rerum hic tenetur a sapiente delectus, ut aut reiciendis voluptatibus maiores alias consequatur aut perferendis doloribus asperiores repellat.	\N
43	Category 3	Itaque earum rerum hic tenetur a sapiente delectus, ut aut reiciendis voluptatibus maiores alias consequatur aut perferendis doloribus asperiores repellat.	\N
44	Category 4	Itaque earum rerum hic tenetur a sapiente delectus, ut aut reiciendis voluptatibus maiores alias consequatur aut perferendis doloribus asperiores repellat.	\N
17	Category 1	Itaque earum rerum hic tenetur a sapiente delectus, ut aut reiciendis voluptatibus maiores alias consequatur aut perferendis doloribus asperiores repellat.	\N
18	Category 2	Itaque earum rerum hic tenetur a sapiente delectus, ut aut reiciendis voluptatibus maiores alias consequatur aut perferendis doloribus asperiores repellat.	\N
19	Category 3	Itaque earum rerum hic tenetur a sapiente delectus, ut aut reiciendis voluptatibus maiores alias consequatur aut perferendis doloribus asperiores repellat.	\N
20	Category 4	Itaque earum rerum hic tenetur a sapiente delectus, ut aut reiciendis voluptatibus maiores alias consequatur aut perferendis doloribus asperiores repellat.	\N
\.


--
-- Data for Name: components_shared_features; Type: TABLE DATA; Schema: public; Owner: root
--

COPY public.components_shared_features (id, title, description) FROM stdin;
7	sapiente delectus	Itaque earum rerum hic tenetur a sapiente delectus, ut aut reiciendis voluptatibus maiores alias consequatur aut perferendis doloribus asperiores repellat.
8	dolorem ipsum quia	 quia consequuntur magni dolores eos qui ratione voluptatem sequi nesciunt. Neque porro quisquam est, qui dolorem ipsum quia dolor sit amet, consectetur, adipisci velit, sed quia non numquam eius modi tempora incidunt ut labore et dolore magnam aliquam quaerat voluptatem.
9	consequuntur magni	 quia consequuntur magni dolores eos qui ratione voluptatem sequi nesciunt. Neque porro quisquam est, qui dolorem ipsum quia dolor sit amet, consectetur, adipisci velit, sed quia non numquam eius modi tempora incidunt ut labore et dolore magnam aliquam quaerat voluptatem.
10	sapiente delectus	Itaque earum rerum hic tenetur a sapiente delectus, ut aut reiciendis voluptatibus maiores alias consequatur aut perferendis doloribus asperiores repellat.
11	dolorem ipsum quia	 quia consequuntur magni dolores eos qui ratione voluptatem sequi nesciunt. Neque porro quisquam est, qui dolorem ipsum quia dolor sit amet, consectetur, adipisci velit, sed quia non numquam eius modi tempora incidunt ut labore et dolore magnam aliquam quaerat voluptatem.
12	consequuntur magni	 quia consequuntur magni dolores eos qui ratione voluptatem sequi nesciunt. Neque porro quisquam est, qui dolorem ipsum quia dolor sit amet, consectetur, adipisci velit, sed quia non numquam eius modi tempora incidunt ut labore et dolore magnam aliquam quaerat voluptatem.
15	consequuntur magni	 quia consequuntur magni dolores eos qui ratione voluptatem sequi nesciunt. Neque porro quisquam est, qui dolorem ipsum quia dolor sit amet, consectetur, adipisci velit, sed quia non numquam eius modi tempora incidunt ut labore et dolore magnam aliquam quaerat voluptatem.
1	sapiente delectus	Itaque earum rerum hic tenetur a sapiente delectus, ut aut reiciendis voluptatibus maiores alias consequatur aut perferendis doloribus asperiores repellat.
2	dolorem ipsum quia	 quia consequuntur magni dolores eos qui ratione voluptatem sequi nesciunt. Neque porro quisquam est, qui dolorem ipsum quia dolor sit amet, consectetur, adipisci velit, sed quia non numquam eius modi tempora incidunt ut labore et dolore magnam aliquam quaerat voluptatem.
3	consequuntur magni	 quia consequuntur magni dolores eos qui ratione voluptatem sequi nesciunt. Neque porro quisquam est, qui dolorem ipsum quia dolor sit amet, consectetur, adipisci velit, sed quia non numquam eius modi tempora incidunt ut labore et dolore magnam aliquam quaerat voluptatem.
22	sapiente delectus	Itaque earum rerum hic tenetur a sapiente delectus, ut aut reiciendis voluptatibus maiores alias consequatur aut perferendis doloribus asperiores repellat.
23	dolorem ipsum quia	 quia consequuntur magni dolores eos qui ratione voluptatem sequi nesciunt. Neque porro quisquam est, qui dolorem ipsum quia dolor sit amet, consectetur, adipisci velit, sed quia non numquam eius modi tempora incidunt ut labore et dolore magnam aliquam quaerat voluptatem.
24	consequuntur magni	 quia consequuntur magni dolores eos qui ratione voluptatem sequi nesciunt. Neque porro quisquam est, qui dolorem ipsum quia dolor sit amet, consectetur, adipisci velit, sed quia non numquam eius modi tempora incidunt ut labore et dolore magnam aliquam quaerat voluptatem.
31	sapiente delectus	Itaque earum rerum hic tenetur a sapiente delectus, ut aut reiciendis voluptatibus maiores alias consequatur aut perferendis doloribus asperiores repellat.
32	dolorem ipsum quia	 quia consequuntur magni dolores eos qui ratione voluptatem sequi nesciunt. Neque porro quisquam est, qui dolorem ipsum quia dolor sit amet, consectetur, adipisci velit, sed quia non numquam eius modi tempora incidunt ut labore et dolore magnam aliquam quaerat voluptatem.
13	sapiente delectus	Itaque earum rerum hic tenetur a sapiente delectus, ut aut reiciendis voluptatibus maiores alias consequatur aut perferendis doloribus asperiores repellat.
14	dolorem ipsum quia	 quia consequuntur magni dolores eos qui ratione voluptatem sequi nesciunt. Neque porro quisquam est, qui dolorem ipsum quia dolor sit amet, consectetur, adipisci velit, sed quia non numquam eius modi tempora incidunt ut labore et dolore magnam aliquam quaerat voluptatem.
33	consequuntur magni	 quia consequuntur magni dolores eos qui ratione voluptatem sequi nesciunt. Neque porro quisquam est, qui dolorem ipsum quia dolor sit amet, consectetur, adipisci velit, sed quia non numquam eius modi tempora incidunt ut labore et dolore magnam aliquam quaerat voluptatem.
\.


--
-- Data for Name: components_shared_media; Type: TABLE DATA; Schema: public; Owner: root
--

COPY public.components_shared_media (id) FROM stdin;
1
\.


--
-- Data for Name: components_shared_post_teasers; Type: TABLE DATA; Schema: public; Owner: root
--

COPY public.components_shared_post_teasers (id, title, summary, link) FROM stdin;
7	Who we are ?	At vero eos et accusamus et iusto odio dignissimos ducimus qui blanditiis praesentium voluptatum deleniti atque corrupti quos dolores et quas molestias excepturi sint occaecati cupiditate non provident,	\N
8	What we do?	At vero eos et accusamus et iusto odio dignissimos ducimus qui blanditiis praesentium voluptatum deleniti atque corrupti quos dolores et quas molestias excepturi sint occaecati cupiditate non provident,	\N
9	How it will cost?	At vero eos et accusamus et iusto odio dignissimos ducimus qui blanditiis praesentium voluptatum deleniti atque corrupti quos dolores et quas molestias excepturi sint occaecati cupiditate non provident,	\N
10	Who we are ?	At vero eos et accusamus et iusto odio dignissimos ducimus qui blanditiis praesentium voluptatum deleniti atque corrupti quos dolores et quas molestias excepturi sint occaecati cupiditate non provident,	\N
11	What we do?	At vero eos et accusamus et iusto odio dignissimos ducimus qui blanditiis praesentium voluptatum deleniti atque corrupti quos dolores et quas molestias excepturi sint occaecati cupiditate non provident,	\N
12	How it will cost?	At vero eos et accusamus et iusto odio dignissimos ducimus qui blanditiis praesentium voluptatum deleniti atque corrupti quos dolores et quas molestias excepturi sint occaecati cupiditate non provident,	\N
13	Who we are ?	At vero eos et accusamus et iusto odio dignissimos ducimus qui blanditiis praesentium voluptatum deleniti atque corrupti quos dolores et quas molestias excepturi sint occaecati cupiditate non provident,	\N
14	What we do?	At vero eos et accusamus et iusto odio dignissimos ducimus qui blanditiis praesentium voluptatum deleniti atque corrupti quos dolores et quas molestias excepturi sint occaecati cupiditate non provident,	\N
15	How it will cost?	At vero eos et accusamus et iusto odio dignissimos ducimus qui blanditiis praesentium voluptatum deleniti atque corrupti quos dolores et quas molestias excepturi sint occaecati cupiditate non provident,	\N
1	Who we are ?	At vero eos et accusamus et iusto odio dignissimos ducimus qui blanditiis praesentium voluptatum deleniti atque corrupti quos dolores et quas molestias excepturi sint occaecati cupiditate non provident,	\N
2	What we do?	At vero eos et accusamus et iusto odio dignissimos ducimus qui blanditiis praesentium voluptatum deleniti atque corrupti quos dolores et quas molestias excepturi sint occaecati cupiditate non provident,	\N
3	How it will cost?	At vero eos et accusamus et iusto odio dignissimos ducimus qui blanditiis praesentium voluptatum deleniti atque corrupti quos dolores et quas molestias excepturi sint occaecati cupiditate non provident,	\N
22	Who we are ?	At vero eos et accusamus et iusto odio dignissimos ducimus qui blanditiis praesentium voluptatum deleniti atque corrupti quos dolores et quas molestias excepturi sint occaecati cupiditate non provident,	\N
23	What we do?	At vero eos et accusamus et iusto odio dignissimos ducimus qui blanditiis praesentium voluptatum deleniti atque corrupti quos dolores et quas molestias excepturi sint occaecati cupiditate non provident,	\N
24	How it will cost?	At vero eos et accusamus et iusto odio dignissimos ducimus qui blanditiis praesentium voluptatum deleniti atque corrupti quos dolores et quas molestias excepturi sint occaecati cupiditate non provident,	\N
31	Who we are ?	At vero eos et accusamus et iusto odio dignissimos ducimus qui blanditiis praesentium voluptatum deleniti atque corrupti quos dolores et quas molestias excepturi sint occaecati cupiditate non provident,	\N
32	What we do?	At vero eos et accusamus et iusto odio dignissimos ducimus qui blanditiis praesentium voluptatum deleniti atque corrupti quos dolores et quas molestias excepturi sint occaecati cupiditate non provident,	\N
33	How it will cost?	At vero eos et accusamus et iusto odio dignissimos ducimus qui blanditiis praesentium voluptatum deleniti atque corrupti quos dolores et quas molestias excepturi sint occaecati cupiditate non provident,	\N
\.


--
-- Data for Name: components_shared_product_slides; Type: TABLE DATA; Schema: public; Owner: root
--

COPY public.components_shared_product_slides (id, name, description, link) FROM stdin;
7	Summer T-Shirts	Et harum quidem rerum facilis est et expedita distinctio.	http://localhost:1337/
8	Winter Collection	Et harum quidem rerum facilis est et expedita.	http://localhost:1337/
9	Trending	Itaque earum rerum hic tenetur a sapiente delectus	http://localhost:1337/
10	Summer T-Shirts	Et harum quidem rerum facilis est et expedita distinctio.	http://localhost:1337/
11	Winter Collection	Et harum quidem rerum facilis est et expedita.	http://localhost:1337/
12	Trending	Itaque earum rerum hic tenetur a sapiente delectus	http://localhost:1337/
1	Summer T-Shirts	Et harum quidem rerum facilis est et expedita distinctio.	http://localhost:1337/
2	Winter Collection	Et harum quidem rerum facilis est et expedita.	http://localhost:1337/
3	Trending	Itaque earum rerum hic tenetur a sapiente delectus	http://localhost:1337/
22	Summer T-Shirts	Et harum quidem rerum facilis est et expedita distinctio.	http://localhost:1337/
23	Winter Collection	Et harum quidem rerum facilis est et expedita.	http://localhost:1337/
24	Trending	Itaque earum rerum hic tenetur a sapiente delectus	http://localhost:1337/
13	Summer T-Shirts	Et harum quidem rerum facilis est et expedita distinctio.	http://localhost:1337/
14	Winter Collection	Et harum quidem rerum facilis est et expedita.	http://localhost:1337/
15	Trending	Itaque earum rerum hic tenetur a sapiente delectus	http://localhost:1337/
31	Summer T-Shirts	Et harum quidem rerum facilis est et expedita distinctio.	http://localhost:1337/
32	Winter Collection	Et harum quidem rerum facilis est et expedita.	http://localhost:1337/
33	Trending	Itaque earum rerum hic tenetur a sapiente delectus	http://localhost:1337/
\.


--
-- Data for Name: components_shared_quotes; Type: TABLE DATA; Schema: public; Owner: root
--

COPY public.components_shared_quotes (id, title, body) FROM stdin;
1	Lorem Ipsum quote	magni dolores eos qui ratione voluptatem sequi nesciunt.
2	Quote 1	Nam libero tempore, cum soluta nobis est eligendi optio cumque nihil impedit quo minus id quod maxime placeat facere possimus, omnis voluptas assumenda est, omnis dolor repellendus.
3	Quote 2	Nam libero tempore, cum soluta nobis est eligendi optio cumque nihil impedit quo minus id quod maxime placeat facere possimus, omnis voluptas assumenda est, omnis dolor repellendus.
4	Quote 3	Nam libero tempore, cum soluta nobis est eligendi optio cumque nihil impedit quo minus id quod maxime placeat facere possimus, omnis voluptas assumenda est, omnis dolor repellendus.
5	Quote 1	Nam libero tempore, cum soluta nobis est eligendi optio cumque nihil impedit quo minus id quod maxime placeat facere possimus, omnis voluptas assumenda est, omnis dolor repellendus.
6	Quote 2	Nam libero tempore, cum soluta nobis est eligendi optio cumque nihil impedit quo minus id quod maxime placeat facere possimus, omnis voluptas assumenda est, omnis dolor repellendus.
7	Quote 3	Nam libero tempore, cum soluta nobis est eligendi optio cumque nihil impedit quo minus id quod maxime placeat facere possimus, omnis voluptas assumenda est, omnis dolor repellendus.
8	At vero eos et 	At vero eos et accusamus et iusto odio dignissimos ducimus qui blanditiis praesentium voluptatum deleniti atque corrupti quos dolores et quas molestias excepturi sint occaecati cupiditate non provident, similique 
9	quas molestias excepturi	At vero eos et accusamus et iusto odio dignissimos ducimus qui blanditiis praesentium voluptatum deleniti atque corrupti quos dolores et quas molestias excepturi sint occaecati cupiditate non provident, similique 
10	At vero eos et 	At vero eos et accusamus et iusto odio dignissimos ducimus qui blanditiis praesentium voluptatum deleniti atque corrupti quos dolores et quas molestias excepturi sint occaecati cupiditate non provident, similique 
11	quas molestias excepturi	At vero eos et accusamus et iusto odio dignissimos ducimus qui blanditiis praesentium voluptatum deleniti atque corrupti quos dolores et quas molestias excepturi sint occaecati cupiditate non provident, similique 
\.


--
-- Data for Name: components_shared_rich_texts; Type: TABLE DATA; Schema: public; Owner: root
--

COPY public.components_shared_rich_texts (id, body) FROM stdin;
1	Sed ut perspiciatis unde omnis iste natus error sit voluptatem accusantium doloremque laudantium, totam rem aperiam, eaque ipsa quae ab illo inventore veritatis et quasi architecto beatae vitae dicta sunt explicabo. Nemo enim ipsam voluptatem quia voluptas sit aspernatur aut odit aut fugit, sed quia consequuntur magni dolores eos qui ratione voluptatem sequi nesciunt. Neque porro quisquam est, qui dolorem ipsum quia dolor sit amet, consectetur, adipisci velit, sed quia non numquam eius modi tempora incidunt ut labore et dolore magnam aliquam quaerat voluptatem. Ut enim ad minima veniam, quis nostrum exercitationem ullam corporis suscipit laboriosam, nisi ut aliquid ex ea commodi consequatur? Quis autem vel eum iure reprehenderit qui in ea voluptate velit esse quam nihil molestiae consequatur, vel illum qui dolorem eum fugiat quo voluptas nulla pariatur?\n\nSed ut perspiciatis unde omnis iste natus error sit voluptatem accusantium doloremque laudantium, totam rem aperiam, eaque ipsa quae ab illo inventore veritatis et quasi architecto beatae vitae dicta sunt explicabo. Nemo enim ipsam voluptatem quia voluptas sit aspernatur aut odit aut fugit, sed quia consequuntur magni dolores eos qui ratione voluptatem sequi nesciunt. Neque porro quisquam est, qui dolorem ipsum quia dolor sit amet, consectetur, adipisci velit, sed quia non numquam eius modi tempora incidunt ut labore et dolore magnam aliquam quaerat voluptatem. Ut enim ad minima veniam, quis nostrum exercitationem ullam corporis suscipit laboriosam, nisi ut aliquid ex ea commodi consequatur? Quis autem vel eum iure reprehenderit qui in ea voluptate velit esse quam nihil molestiae consequatur, vel illum qui dolorem eum fugiat quo voluptas nulla pariatur?\n\nSed ut perspiciatis unde omnis iste natus error sit voluptatem accusantium doloremque laudantium, totam rem aperiam, eaque ipsa quae ab illo inventore veritatis et quasi architecto beatae vitae dicta sunt explicabo. Nemo enim ipsam voluptatem quia voluptas sit aspernatur aut odit aut fugit, sed quia consequuntur magni dolores eos qui ratione voluptatem sequi nesciunt. Neque porro quisquam est, qui dolorem ipsum quia dolor sit amet, consectetur, adipisci velit, sed quia non numquam eius modi tempora incidunt ut labore et dolore magnam aliquam quaerat voluptatem. Ut enim ad minima veniam, quis nostrum exercitationem ullam corporis suscipit laboriosam, nisi ut aliquid ex ea commodi consequatur? Quis autem vel eum iure reprehenderit qui in ea voluptate velit esse quam nihil molestiae consequatur, vel illum qui dolorem eum fugiat quo voluptas nulla pariatur?
2	Lorem ipsum dolor sit amet, consectetur adipiscing elit, sed do eiusmod tempor incididunt ut labore et dolore magna aliqua. Ut enim ad minim veniam, quis nostrud exercitation ullamco laboris nisi ut aliquip ex ea commodo consequat. Duis aute irure dolor in reprehenderit in voluptate velit esse cillum dolore eu fugiat nulla pariatur. Excepteur sint occaecat cupidatat non proident, sunt in culpa qui officia deserunt mollit anim id est laborum.\n\n### At vero eos et accusamus et iusto:\nodio dignissimos ducimus qui blanditiis praesentium voluptatum deleniti atque corrupti quos dolores et quas molestias excepturi sint occaecati cupiditate non provident, similique sunt in culpa qui officia deserunt mollitia animi, id est laborum et dolorum fuga. Et harum quidem rerum facilis est et expedita distinctio. Nam libero tempore, cum soluta nobis est eligendi optio cumque nihil impedit quo minus id quod maxime placeat facere possimus, omnis voluptas assumenda est, omnis dolor repellendus. Temporibus autem quibusdam et aut officiis debitis aut rerum necessitatibus saepe eveniet ut et voluptates repudiandae sint et molestiae non recusandae. Itaque earum rerum hic tenetur a sapiente delectus, ut aut reiciendis voluptatibus maiores alias consequatur aut perferendis doloribus asperiores repellat.\n\n**Itaque earum rerum hic tenetur a sapiente delectus, ut aut reiciendis voluptatibus maiores alias consequatur aut perferendis doloribus asperiores repellat.**\n\n![noel-sign-2137462.jpg](http://localhost:1337/uploads/noel_sign_2137462_f58679a518.jpg)
3	Lorem ipsum dolor sit amet, consectetur adipiscing elit, sed do eiusmod tempor incididunt ut labore et dolore magna aliqua. Ut enim ad minim veniam, quis nostrud exercitation ullamco laboris nisi ut aliquip ex ea commodo consequat. Duis aute irure dolor in reprehenderit in voluptate velit esse cillum dolore eu fugiat nulla pariatur. Excepteur sint occaecat cupidatat non proident, sunt in culpa qui officia deserunt mollit anim id est laborum.\n\n### At vero eos et accusamus et iusto:\nodio dignissimos ducimus qui blanditiis praesentium voluptatum deleniti atque corrupti quos dolores et quas molestias excepturi sint occaecati cupiditate non provident, similique sunt in culpa qui officia deserunt mollitia animi, id est laborum et dolorum fuga. Et harum quidem rerum facilis est et expedita distinctio. Nam libero tempore, cum soluta nobis est eligendi optio cumque nihil impedit quo minus id quod maxime placeat facere possimus, omnis voluptas assumenda est, omnis dolor repellendus. Temporibus autem quibusdam et aut officiis debitis aut rerum necessitatibus saepe eveniet ut et voluptates repudiandae sint et molestiae non recusandae. Itaque earum rerum hic tenetur a sapiente delectus, ut aut reiciendis voluptatibus maiores alias consequatur aut perferendis doloribus asperiores repellat.\n\n**Itaque earum rerum hic tenetur a sapiente delectus, ut aut reiciendis voluptatibus maiores alias consequatur aut perferendis doloribus asperiores repellat.**\n\n![noel-sign-2137462.jpg](http://localhost:1337/uploads/noel_sign_2137462_f58679a518.jpg)
4	Sed ut perspiciatis unde omnis iste natus error sit voluptatem accusantium doloremque laudantium, totam rem aperiam, eaque ipsa quae ab illo inventore veritatis et quasi architecto beatae vitae dicta sunt explicabo. Nemo enim ipsam voluptatem quia voluptas sit aspernatur aut odit aut fugit, sed quia consequuntur magni dolores eos qui ratione voluptatem sequi nesciunt. Neque porro quisquam est, qui dolorem ipsum quia dolor sit amet, consectetur, adipisci velit, sed quia non numquam eius modi tempora incidunt ut labore et dolore magnam aliquam quaerat voluptatem. Ut enim ad minima veniam, quis nostrum exercitationem ullam corporis suscipit laboriosam, nisi ut aliquid ex ea commodi consequatur? Quis autem vel eum iure reprehenderit qui in ea voluptate velit esse quam nihil molestiae consequatur, vel illum qui dolorem eum fugiat quo voluptas nulla pariatur?\n\nSed ut perspiciatis unde omnis iste natus error sit voluptatem accusantium doloremque laudantium, totam rem aperiam, eaque ipsa quae ab illo inventore veritatis et quasi architecto beatae vitae dicta sunt explicabo. Nemo enim ipsam voluptatem quia voluptas sit aspernatur aut odit aut fugit, sed quia consequuntur magni dolores eos qui ratione voluptatem sequi nesciunt. Neque porro quisquam est, qui dolorem ipsum quia dolor sit amet, consectetur, adipisci velit, sed quia non numquam eius modi tempora incidunt ut labore et dolore magnam aliquam quaerat voluptatem. Ut enim ad minima veniam, quis nostrum exercitationem ullam corporis suscipit laboriosam, nisi ut aliquid ex ea commodi consequatur? Quis autem vel eum iure reprehenderit qui in ea voluptate velit esse quam nihil molestiae consequatur, vel illum qui dolorem eum fugiat quo voluptas nulla pariatur?\n\n![234123.webp](http://localhost:1337/uploads/234123_aff61cac14.webp)\n\n\n>voluptatem sequi nesciunt. Neque porro quisquam est, qui dolorem ipsum quia dolor sit amet, consectetur, adipisci velit, sed quia non numquam eius modi tempora incidunt ut labore et dolore magnam aliquam\n\n\n```\nullam corporis suscipit laboriosam\n\n```\n1. tempora incidunt ut labore\n2. tempora incidunt ut labore\n3. tempora incidunt ut labore\n
5	Sed ut perspiciatis unde omnis iste natus error sit voluptatem accusantium doloremque laudantium, totam rem aperiam, eaque ipsa quae ab illo inventore veritatis et quasi architecto beatae vitae dicta sunt explicabo. Nemo enim ipsam voluptatem quia voluptas sit aspernatur aut odit aut fugit, sed quia consequuntur magni dolores eos qui ratione voluptatem sequi nesciunt. Neque porro quisquam est, qui dolorem ipsum quia dolor sit amet, consectetur, adipisci velit, sed quia non numquam eius modi tempora incidunt ut labore et dolore magnam aliquam quaerat voluptatem. Ut enim ad minima veniam, quis nostrum exercitationem ullam corporis suscipit laboriosam, nisi ut aliquid ex ea commodi consequatur? Quis autem vel eum iure reprehenderit qui in ea voluptate velit esse quam nihil molestiae consequatur, vel illum qui dolorem eum fugiat quo voluptas nulla pariatur?\n\nSed ut perspiciatis unde omnis iste natus error sit voluptatem accusantium doloremque laudantium, totam rem aperiam, eaque ipsa quae ab illo inventore veritatis et quasi architecto beatae vitae dicta sunt explicabo. Nemo enim ipsam voluptatem quia voluptas sit aspernatur aut odit aut fugit, sed quia consequuntur magni dolores eos qui ratione voluptatem sequi nesciunt. Neque porro quisquam est, qui dolorem ipsum quia dolor sit amet, consectetur, adipisci velit, sed quia non numquam eius modi tempora incidunt ut labore et dolore magnam aliquam quaerat voluptatem. Ut enim ad minima veniam, quis nostrum exercitationem ullam corporis suscipit laboriosam, nisi ut aliquid ex ea commodi consequatur? Quis autem vel eum iure reprehenderit qui in ea voluptate velit esse quam nihil molestiae consequatur, vel illum qui dolorem eum fugiat quo voluptas nulla pariatur?\n\n![234123.webp](http://localhost:1337/uploads/234123_aff61cac14.webp)\n\n\n>voluptatem sequi nesciunt. Neque porro quisquam est, qui dolorem ipsum quia dolor sit amet, consectetur, adipisci velit, sed quia non numquam eius modi tempora incidunt ut labore et dolore magnam aliquam\n\n\n```\nullam corporis suscipit laboriosam\n\n```\n1. tempora incidunt ut labore\n2. tempora incidunt ut labore\n3. tempora incidunt ut labore\n
6	At vero eos et accusamus et iusto odio dignissimos ducimus qui blanditiis praesentium voluptatum deleniti atque corrupti quos dolores et quas molestias excepturi sint occaecati cupiditate non provident, similique sunt in culpa qui officia deserunt mollitia animi, id est laborum et dolorum fuga. Et harum quidem rerum facilis est et expedita distinctio. Nam libero tempore, cum soluta nobis est eligendi optio cumque nihil impedit quo minus id quod maxime placeat facere possimus, omnis voluptas assumenda est, omnis dolor repellendus. Temporibus autem quibusdam et aut officiis debitis aut rerum necessitatibus saepe eveniet ut et voluptates repudiandae sint et molestiae non recusandae. Itaque earum rerum hic tenetur a sapiente delectus, ut aut reiciendis voluptatibus maiores alias consequatur aut perferendis doloribus asperiores repellat.\n\n### At vero eos et accusamus et iusto odio dignissimos\n\nducimus qui blanditiis praesentium voluptatum deleniti atque corrupti quos dolores et quas molestias excepturi sint occaecati cupiditate non provident, similique sunt in culpa qui officia deserunt mollitia animi, id est laborum et dolorum fuga. Et harum quidem rerum facilis est et expedita distinctio. Nam libero tempore, cum soluta nobis est eligendi optio cumque nihil impedit quo minus id quod maxime placeat facere possimus, omnis voluptas assumenda est, omnis dolor repellendus. Temporibus autem quibusdam et aut officiis debitis aut rerum necessitatibus saepe eveniet ut et voluptates repudiandae sint et molestiae non recusandae. Itaque earum rerum hic tenetur a sapiente delectus, ut aut reiciendis voluptatibus maiores alias consequatur aut perferendis doloribus asperiores repellat.\n\nAt vero eos et accusamus et iusto odio dignissimos ducimus qui blanditiis praesentium voluptatum deleniti atque corrupti quos dolores et quas molestias excepturi sint occaecati cupiditate non provident, similique sunt in culpa qui officia deserunt mollitia animi, id est laborum et dolorum fuga. Et harum quidem rerum facilis est et expedita distinctio. Nam libero tempore, cum soluta nobis est eligendi optio cumque nihil impedit quo minus id quod maxime placeat facere possimus, omnis voluptas assumenda est, omnis dolor repellendus. Temporibus autem quibusdam et aut officiis debitis aut rerum necessitatibus saepe eveniet ut et voluptates repudiandae sint et molestiae non recusandae. Itaque earum rerum hic tenetur a sapiente delectus, ut aut reiciendis voluptatibus maiores alias consequatur aut perferendis doloribus asperiores repellat.
7	At vero eos et accusamus et iusto odio dignissimos ducimus qui blanditiis praesentium voluptatum deleniti atque corrupti quos dolores et quas molestias excepturi sint occaecati cupiditate non provident, similique sunt in culpa qui officia deserunt mollitia animi, id est laborum et dolorum fuga. Et harum quidem rerum facilis est et expedita distinctio. Nam libero tempore, cum soluta nobis est eligendi optio cumque nihil impedit quo minus id quod maxime placeat facere possimus, omnis voluptas assumenda est, omnis dolor repellendus. Temporibus autem quibusdam et aut officiis debitis aut rerum necessitatibus saepe eveniet ut et voluptates repudiandae sint et molestiae non recusandae. Itaque earum rerum hic tenetur a sapiente delectus, ut aut reiciendis voluptatibus maiores alias consequatur aut perferendis doloribus asperiores repellat.\n\n### At vero eos et accusamus et iusto odio dignissimos\n\nducimus qui blanditiis praesentium voluptatum deleniti atque corrupti quos dolores et quas molestias excepturi sint occaecati cupiditate non provident, similique sunt in culpa qui officia deserunt mollitia animi, id est laborum et dolorum fuga. Et harum quidem rerum facilis est et expedita distinctio. Nam libero tempore, cum soluta nobis est eligendi optio cumque nihil impedit quo minus id quod maxime placeat facere possimus, omnis voluptas assumenda est, omnis dolor repellendus. Temporibus autem quibusdam et aut officiis debitis aut rerum necessitatibus saepe eveniet ut et voluptates repudiandae sint et molestiae non recusandae. Itaque earum rerum hic tenetur a sapiente delectus, ut aut reiciendis voluptatibus maiores alias consequatur aut perferendis doloribus asperiores repellat.\n\nAt vero eos et accusamus et iusto odio dignissimos ducimus qui blanditiis praesentium voluptatum deleniti atque corrupti quos dolores et quas molestias excepturi sint occaecati cupiditate non provident, similique sunt in culpa qui officia deserunt mollitia animi, id est laborum et dolorum fuga. Et harum quidem rerum facilis est et expedita distinctio. Nam libero tempore, cum soluta nobis est eligendi optio cumque nihil impedit quo minus id quod maxime placeat facere possimus, omnis voluptas assumenda est, omnis dolor repellendus. Temporibus autem quibusdam et aut officiis debitis aut rerum necessitatibus saepe eveniet ut et voluptates repudiandae sint et molestiae non recusandae. Itaque earum rerum hic tenetur a sapiente delectus, ut aut reiciendis voluptatibus maiores alias consequatur aut perferendis doloribus asperiores repellat.
\.


--
-- Data for Name: components_shared_seos; Type: TABLE DATA; Schema: public; Owner: root
--

COPY public.components_shared_seos (id, meta_title, meta_description) FROM stdin;
1	VSF test site	This is test description
4	Trending in Womens	Description about Trending in Mens
5	Trending in Womens	Description about Trending in Mens
2	Trending in Mens	Description about Trending in Mens
9	Trending in Mens	Description about Trending in Mens
6	Our Specials	Description about Our Specials
12	Our Specials	Description about Our Specials
\.


--
-- Data for Name: components_shared_sliders; Type: TABLE DATA; Schema: public; Owner: root
--

COPY public.components_shared_sliders (id) FROM stdin;
1
2
3
4
5
6
7
\.


--
-- Data for Name: components_shared_testimonials; Type: TABLE DATA; Schema: public; Owner: root
--

COPY public.components_shared_testimonials (id, quote, author_name, author_title) FROM stdin;
7	At vero eos et accusamus et iusto odio dignissimos ducimus qui blanditiis praesentium voluptatum deleniti atque corrupti quos dolores et quas molestias excepturi sint occaecati cupiditate non provident,	John Doe	Director
8	At vero eos et accusamus et iusto odio dignissimos ducimus qui blanditiis praesentium voluptatum deleniti atque corrupti quos dolores et quas molestias excepturi sint occaecati cupiditate non provident,	Maria Joe	Influencer
9	At vero eos et accusamus et iusto odio dignissimos ducimus qui blanditiis praesentium voluptatum deleniti atque corrupti quos dolores et quas molestias excepturi sint occaecati cupiditate non provident,	Mark Harry	Social Worker
10	At vero eos et accusamus et iusto odio dignissimos ducimus qui blanditiis praesentium voluptatum deleniti atque corrupti quos dolores et quas molestias excepturi sint occaecati cupiditate non provident,	John Doe	Director
11	At vero eos et accusamus et iusto odio dignissimos ducimus qui blanditiis praesentium voluptatum deleniti atque corrupti quos dolores et quas molestias excepturi sint occaecati cupiditate non provident,	Maria Joe	Influencer
12	At vero eos et accusamus et iusto odio dignissimos ducimus qui blanditiis praesentium voluptatum deleniti atque corrupti quos dolores et quas molestias excepturi sint occaecati cupiditate non provident,	Mark Harry	Social Worker
13	At vero eos et accusamus et iusto odio dignissimos ducimus qui blanditiis praesentium voluptatum deleniti atque corrupti quos dolores et quas molestias excepturi sint occaecati cupiditate non provident,	John Doe	Director
14	At vero eos et accusamus et iusto odio dignissimos ducimus qui blanditiis praesentium voluptatum deleniti atque corrupti quos dolores et quas molestias excepturi sint occaecati cupiditate non provident,	Maria Joe	Influencer
15	At vero eos et accusamus et iusto odio dignissimos ducimus qui blanditiis praesentium voluptatum deleniti atque corrupti quos dolores et quas molestias excepturi sint occaecati cupiditate non provident,	Mark Harry	Social Worker
1	At vero eos et accusamus et iusto odio dignissimos ducimus qui blanditiis praesentium voluptatum deleniti atque corrupti quos dolores et quas molestias excepturi sint occaecati cupiditate non provident,	John Doe	Director
2	At vero eos et accusamus et iusto odio dignissimos ducimus qui blanditiis praesentium voluptatum deleniti atque corrupti quos dolores et quas molestias excepturi sint occaecati cupiditate non provident,	Maria Joe	Influencer
3	At vero eos et accusamus et iusto odio dignissimos ducimus qui blanditiis praesentium voluptatum deleniti atque corrupti quos dolores et quas molestias excepturi sint occaecati cupiditate non provident,	Mark Harry	Social Worker
22	At vero eos et accusamus et iusto odio dignissimos ducimus qui blanditiis praesentium voluptatum deleniti atque corrupti quos dolores et quas molestias excepturi sint occaecati cupiditate non provident,	John Doe	Director
23	At vero eos et accusamus et iusto odio dignissimos ducimus qui blanditiis praesentium voluptatum deleniti atque corrupti quos dolores et quas molestias excepturi sint occaecati cupiditate non provident,	Maria Joe	Influencer
24	At vero eos et accusamus et iusto odio dignissimos ducimus qui blanditiis praesentium voluptatum deleniti atque corrupti quos dolores et quas molestias excepturi sint occaecati cupiditate non provident,	Mark Harry	Social Worker
31	At vero eos et accusamus et iusto odio dignissimos ducimus qui blanditiis praesentium voluptatum deleniti atque corrupti quos dolores et quas molestias excepturi sint occaecati cupiditate non provident,	John Doe	Director
32	At vero eos et accusamus et iusto odio dignissimos ducimus qui blanditiis praesentium voluptatum deleniti atque corrupti quos dolores et quas molestias excepturi sint occaecati cupiditate non provident,	Maria Joe	Influencer
33	At vero eos et accusamus et iusto odio dignissimos ducimus qui blanditiis praesentium voluptatum deleniti atque corrupti quos dolores et quas molestias excepturi sint occaecati cupiditate non provident,	Mark Harry	Social Worker
\.


--
-- Data for Name: files; Type: TABLE DATA; Schema: public; Owner: root
--

COPY public.files (id, document_id, name, alternative_text, caption, width, height, formats, hash, ext, mime, size, url, preview_url, provider, provider_metadata, folder_path, created_at, updated_at, published_at, created_by_id, updated_by_id, locale) FROM stdin;
1	l60bhscg5ik11wi5dwdn82cc	VSF.png	\N	\N	1080	1080	{"large": {"ext": ".png", "url": "/uploads/large_VSF_c87c0a64af.png", "hash": "large_VSF_c87c0a64af", "mime": "image/png", "name": "large_VSF.png", "path": null, "size": 203.51, "width": 1000, "height": 1000, "sizeInBytes": 203514}, "small": {"ext": ".png", "url": "/uploads/small_VSF_c87c0a64af.png", "hash": "small_VSF_c87c0a64af", "mime": "image/png", "name": "small_VSF.png", "path": null, "size": 56.57, "width": 500, "height": 500, "sizeInBytes": 56573}, "medium": {"ext": ".png", "url": "/uploads/medium_VSF_c87c0a64af.png", "hash": "medium_VSF_c87c0a64af", "mime": "image/png", "name": "medium_VSF.png", "path": null, "size": 114.57, "width": 750, "height": 750, "sizeInBytes": 114565}, "thumbnail": {"ext": ".png", "url": "/uploads/thumbnail_VSF_c87c0a64af.png", "hash": "thumbnail_VSF_c87c0a64af", "mime": "image/png", "name": "thumbnail_VSF.png", "path": null, "size": 9.8, "width": 156, "height": 156, "sizeInBytes": 9801}}	VSF_c87c0a64af	.png	image/png	47.48	/uploads/VSF_c87c0a64af.png	\N	local	\N	/	2025-06-07 00:38:30.418	2025-06-07 00:38:30.418	2025-06-07 00:38:30.42	1	1	\N
2	rhk16dcnijo2nzg4bfmcujrs	banner-1.jpg	\N	\N	1024	576	{"large": {"ext": ".jpg", "url": "/uploads/large_banner_1_25275ae4f8.jpg", "hash": "large_banner_1_25275ae4f8", "mime": "image/jpeg", "name": "large_banner-1.jpg", "path": null, "size": 70.93, "width": 1000, "height": 563, "sizeInBytes": 70926}, "small": {"ext": ".jpg", "url": "/uploads/small_banner_1_25275ae4f8.jpg", "hash": "small_banner_1_25275ae4f8", "mime": "image/jpeg", "name": "small_banner-1.jpg", "path": null, "size": 26.31, "width": 500, "height": 281, "sizeInBytes": 26305}, "medium": {"ext": ".jpg", "url": "/uploads/medium_banner_1_25275ae4f8.jpg", "hash": "medium_banner_1_25275ae4f8", "mime": "image/jpeg", "name": "medium_banner-1.jpg", "path": null, "size": 47, "width": 750, "height": 422, "sizeInBytes": 46999}, "thumbnail": {"ext": ".jpg", "url": "/uploads/thumbnail_banner_1_25275ae4f8.jpg", "hash": "thumbnail_banner_1_25275ae4f8", "mime": "image/jpeg", "name": "thumbnail_banner-1.jpg", "path": null, "size": 9.39, "width": 245, "height": 138, "sizeInBytes": 9385}}	banner_1_25275ae4f8	.jpg	image/jpeg	72.58	/uploads/banner_1_25275ae4f8.jpg	\N	local	\N	/	2025-06-07 00:42:17.678	2025-06-07 00:42:17.678	2025-06-07 00:42:17.678	1	1	\N
3	sj86y192j30q83gkpj056hog	112.jpg	\N	\N	2048	1365	{"large": {"ext": ".jpg", "url": "/uploads/large_112_8e9f68d575.jpg", "hash": "large_112_8e9f68d575", "mime": "image/jpeg", "name": "large_112.jpg", "path": null, "size": 100.91, "width": 1000, "height": 667, "sizeInBytes": 100908}, "small": {"ext": ".jpg", "url": "/uploads/small_112_8e9f68d575.jpg", "hash": "small_112_8e9f68d575", "mime": "image/jpeg", "name": "small_112.jpg", "path": null, "size": 30.2, "width": 500, "height": 333, "sizeInBytes": 30196}, "medium": {"ext": ".jpg", "url": "/uploads/medium_112_8e9f68d575.jpg", "hash": "medium_112_8e9f68d575", "mime": "image/jpeg", "name": "medium_112.jpg", "path": null, "size": 62.09, "width": 750, "height": 500, "sizeInBytes": 62085}, "thumbnail": {"ext": ".jpg", "url": "/uploads/thumbnail_112_8e9f68d575.jpg", "hash": "thumbnail_112_8e9f68d575", "mime": "image/jpeg", "name": "thumbnail_112.jpg", "path": null, "size": 8.06, "width": 234, "height": 156, "sizeInBytes": 8058}}	112_8e9f68d575	.jpg	image/jpeg	317.07	/uploads/112_8e9f68d575.jpg	\N	local	\N	/	2025-06-07 00:48:32.051	2025-06-07 00:48:32.051	2025-06-07 00:48:32.053	1	1	\N
4	u6vpm7gqpl6o487lelf5gcuc	232.jpg	\N	\N	2048	1180	{"large": {"ext": ".jpg", "url": "/uploads/large_232_222daffe9f.jpg", "hash": "large_232_222daffe9f", "mime": "image/jpeg", "name": "large_232.jpg", "path": null, "size": 96.37, "width": 1000, "height": 576, "sizeInBytes": 96366}, "small": {"ext": ".jpg", "url": "/uploads/small_232_222daffe9f.jpg", "hash": "small_232_222daffe9f", "mime": "image/jpeg", "name": "small_232.jpg", "path": null, "size": 28.86, "width": 500, "height": 288, "sizeInBytes": 28859}, "medium": {"ext": ".jpg", "url": "/uploads/medium_232_222daffe9f.jpg", "hash": "medium_232_222daffe9f", "mime": "image/jpeg", "name": "medium_232.jpg", "path": null, "size": 58.96, "width": 750, "height": 432, "sizeInBytes": 58961}, "thumbnail": {"ext": ".jpg", "url": "/uploads/thumbnail_232_222daffe9f.jpg", "hash": "thumbnail_232_222daffe9f", "mime": "image/jpeg", "name": "thumbnail_232.jpg", "path": null, "size": 8.32, "width": 245, "height": 141, "sizeInBytes": 8320}}	232_222daffe9f	.jpg	image/jpeg	312.96	/uploads/232_222daffe9f.jpg	\N	local	\N	/	2025-06-07 00:48:32.103	2025-06-07 00:48:32.103	2025-06-07 00:48:32.104	1	1	\N
6	lybe8wfy3c3uj1qhvvidkyuu	45.jpg	\N	\N	2048	1367	{"large": {"ext": ".jpg", "url": "/uploads/large_45_a6216d68dc.jpg", "hash": "large_45_a6216d68dc", "mime": "image/jpeg", "name": "large_45.jpg", "path": null, "size": 61.07, "width": 1000, "height": 667, "sizeInBytes": 61072}, "small": {"ext": ".jpg", "url": "/uploads/small_45_a6216d68dc.jpg", "hash": "small_45_a6216d68dc", "mime": "image/jpeg", "name": "small_45.jpg", "path": null, "size": 22.1, "width": 500, "height": 333, "sizeInBytes": 22097}, "medium": {"ext": ".jpg", "url": "/uploads/medium_45_a6216d68dc.jpg", "hash": "medium_45_a6216d68dc", "mime": "image/jpeg", "name": "medium_45.jpg", "path": null, "size": 40.08, "width": 750, "height": 501, "sizeInBytes": 40083}, "thumbnail": {"ext": ".jpg", "url": "/uploads/thumbnail_45_a6216d68dc.jpg", "hash": "thumbnail_45_a6216d68dc", "mime": "image/jpeg", "name": "thumbnail_45.jpg", "path": null, "size": 7.4, "width": 234, "height": 156, "sizeInBytes": 7403}}	45_a6216d68dc	.jpg	image/jpeg	180.01	/uploads/45_a6216d68dc.jpg	\N	local	\N	/	2025-06-07 00:48:32.105	2025-06-07 00:48:32.105	2025-06-07 00:48:32.106	1	1	\N
7	j45w4dssh07kn2pl0l7pb6nb	123.jpg	\N	\N	2048	1362	{"large": {"ext": ".jpg", "url": "/uploads/large_123_3dd4a0df5d.jpg", "hash": "large_123_3dd4a0df5d", "mime": "image/jpeg", "name": "large_123.jpg", "path": null, "size": 102.71, "width": 1000, "height": 665, "sizeInBytes": 102711}, "small": {"ext": ".jpg", "url": "/uploads/small_123_3dd4a0df5d.jpg", "hash": "small_123_3dd4a0df5d", "mime": "image/jpeg", "name": "small_123.jpg", "path": null, "size": 36.52, "width": 500, "height": 333, "sizeInBytes": 36524}, "medium": {"ext": ".jpg", "url": "/uploads/medium_123_3dd4a0df5d.jpg", "hash": "medium_123_3dd4a0df5d", "mime": "image/jpeg", "name": "medium_123.jpg", "path": null, "size": 67.24, "width": 750, "height": 499, "sizeInBytes": 67240}, "thumbnail": {"ext": ".jpg", "url": "/uploads/thumbnail_123_3dd4a0df5d.jpg", "hash": "thumbnail_123_3dd4a0df5d", "mime": "image/jpeg", "name": "thumbnail_123.jpg", "path": null, "size": 11.37, "width": 235, "height": 156, "sizeInBytes": 11369}}	123_3dd4a0df5d	.jpg	image/jpeg	291.98	/uploads/123_3dd4a0df5d.jpg	\N	local	\N	/	2025-06-07 00:48:32.123	2025-06-07 00:48:32.123	2025-06-07 00:48:32.123	1	1	\N
11	jjbbxsxq5p6ikbd1osjnh1by	2334.jpg	\N	\N	2048	1152	{"large": {"ext": ".jpg", "url": "/uploads/large_2334_3c1ef48b18.jpg", "hash": "large_2334_3c1ef48b18", "mime": "image/jpeg", "name": "large_2334.jpg", "path": null, "size": 112.08, "width": 1000, "height": 563, "sizeInBytes": 112083}, "small": {"ext": ".jpg", "url": "/uploads/small_2334_3c1ef48b18.jpg", "hash": "small_2334_3c1ef48b18", "mime": "image/jpeg", "name": "small_2334.jpg", "path": null, "size": 32.59, "width": 500, "height": 281, "sizeInBytes": 32592}, "medium": {"ext": ".jpg", "url": "/uploads/medium_2334_3c1ef48b18.jpg", "hash": "medium_2334_3c1ef48b18", "mime": "image/jpeg", "name": "medium_2334.jpg", "path": null, "size": 67.36, "width": 750, "height": 422, "sizeInBytes": 67363}, "thumbnail": {"ext": ".jpg", "url": "/uploads/thumbnail_2334_3c1ef48b18.jpg", "hash": "thumbnail_2334_3c1ef48b18", "mime": "image/jpeg", "name": "thumbnail_2334.jpg", "path": null, "size": 9.46, "width": 245, "height": 138, "sizeInBytes": 9460}}	2334_3c1ef48b18	.jpg	image/jpeg	384.30	/uploads/2334_3c1ef48b18.jpg	\N	local	\N	/	2025-06-07 00:48:32.561	2025-06-07 00:48:32.561	2025-06-07 00:48:32.561	1	1	\N
13	ql93qymit1vfapiq1ae1h3pk	banner-1.jpg	\N	\N	1024	576	{"large": {"ext": ".jpg", "url": "/uploads/large_banner_1_fe251b5b51.jpg", "hash": "large_banner_1_fe251b5b51", "mime": "image/jpeg", "name": "large_banner-1.jpg", "path": null, "size": 70.93, "width": 1000, "height": 563, "sizeInBytes": 70926}, "small": {"ext": ".jpg", "url": "/uploads/small_banner_1_fe251b5b51.jpg", "hash": "small_banner_1_fe251b5b51", "mime": "image/jpeg", "name": "small_banner-1.jpg", "path": null, "size": 26.31, "width": 500, "height": 281, "sizeInBytes": 26305}, "medium": {"ext": ".jpg", "url": "/uploads/medium_banner_1_fe251b5b51.jpg", "hash": "medium_banner_1_fe251b5b51", "mime": "image/jpeg", "name": "medium_banner-1.jpg", "path": null, "size": 47, "width": 750, "height": 422, "sizeInBytes": 46999}, "thumbnail": {"ext": ".jpg", "url": "/uploads/thumbnail_banner_1_fe251b5b51.jpg", "hash": "thumbnail_banner_1_fe251b5b51", "mime": "image/jpeg", "name": "thumbnail_banner-1.jpg", "path": null, "size": 9.39, "width": 245, "height": 138, "sizeInBytes": 9385}}	banner_1_fe251b5b51	.jpg	image/jpeg	72.58	/uploads/banner_1_fe251b5b51.jpg	\N	local	\N	/	2025-06-07 00:48:32.601	2025-06-07 00:48:32.601	2025-06-07 00:48:32.601	1	1	\N
14	epdm9e5pbbd5f65nxo5txj9l	wer.jpg	\N	\N	2048	1152	{"large": {"ext": ".jpg", "url": "/uploads/large_wer_e296708a28.jpg", "hash": "large_wer_e296708a28", "mime": "image/jpeg", "name": "large_wer.jpg", "path": null, "size": 52.21, "width": 1000, "height": 563, "sizeInBytes": 52212}, "small": {"ext": ".jpg", "url": "/uploads/small_wer_e296708a28.jpg", "hash": "small_wer_e296708a28", "mime": "image/jpeg", "name": "small_wer.jpg", "path": null, "size": 16.83, "width": 500, "height": 281, "sizeInBytes": 16831}, "medium": {"ext": ".jpg", "url": "/uploads/medium_wer_e296708a28.jpg", "hash": "medium_wer_e296708a28", "mime": "image/jpeg", "name": "medium_wer.jpg", "path": null, "size": 32.83, "width": 750, "height": 422, "sizeInBytes": 32830}, "thumbnail": {"ext": ".jpg", "url": "/uploads/thumbnail_wer_e296708a28.jpg", "hash": "thumbnail_wer_e296708a28", "mime": "image/jpeg", "name": "thumbnail_wer.jpg", "path": null, "size": 5.14, "width": 245, "height": 138, "sizeInBytes": 5136}}	wer_e296708a28	.jpg	image/jpeg	156.21	/uploads/wer_e296708a28.jpg	\N	local	\N	/	2025-06-07 00:48:32.702	2025-06-07 00:48:32.702	2025-06-07 00:48:32.702	1	1	\N
15	m9no2m2ujvgpivthojlrq13n	noel-sign-2137462.jpg	\N	\N	6271	4180	{"large": {"ext": ".jpg", "url": "/uploads/large_noel_sign_2137462_f58679a518.jpg", "hash": "large_noel_sign_2137462_f58679a518", "mime": "image/jpeg", "name": "large_noel-sign-2137462.jpg", "path": null, "size": 109.79, "width": 1000, "height": 667, "sizeInBytes": 109788}, "small": {"ext": ".jpg", "url": "/uploads/small_noel_sign_2137462_f58679a518.jpg", "hash": "small_noel_sign_2137462_f58679a518", "mime": "image/jpeg", "name": "small_noel-sign-2137462.jpg", "path": null, "size": 31.11, "width": 500, "height": 333, "sizeInBytes": 31114}, "medium": {"ext": ".jpg", "url": "/uploads/medium_noel_sign_2137462_f58679a518.jpg", "hash": "medium_noel_sign_2137462_f58679a518", "mime": "image/jpeg", "name": "medium_noel-sign-2137462.jpg", "path": null, "size": 64.44, "width": 750, "height": 500, "sizeInBytes": 64445}, "thumbnail": {"ext": ".jpg", "url": "/uploads/thumbnail_noel_sign_2137462_f58679a518.jpg", "hash": "thumbnail_noel_sign_2137462_f58679a518", "mime": "image/jpeg", "name": "thumbnail_noel-sign-2137462.jpg", "path": null, "size": 8.77, "width": 234, "height": 156, "sizeInBytes": 8766}}	noel_sign_2137462_f58679a518	.jpg	image/jpeg	3896.37	/uploads/noel_sign_2137462_f58679a518.jpg	\N	local	\N	/	2025-06-07 00:48:33.373	2025-06-07 00:48:33.373	2025-06-07 00:48:33.373	1	1	\N
8	c6xlaey7i4kkbaje5nii1z0b	231.jpg	\N	\N	2048	1365	{"large": {"ext": ".jpg", "url": "/uploads/large_231_8b73886f91.jpg", "hash": "large_231_8b73886f91", "mime": "image/jpeg", "name": "large_231.jpg", "path": null, "size": 98.22, "width": 1000, "height": 667, "sizeInBytes": 98220}, "small": {"ext": ".jpg", "url": "/uploads/small_231_8b73886f91.jpg", "hash": "small_231_8b73886f91", "mime": "image/jpeg", "name": "small_231.jpg", "path": null, "size": 28.75, "width": 500, "height": 333, "sizeInBytes": 28746}, "medium": {"ext": ".jpg", "url": "/uploads/medium_231_8b73886f91.jpg", "hash": "medium_231_8b73886f91", "mime": "image/jpeg", "name": "medium_231.jpg", "path": null, "size": 58.74, "width": 750, "height": 500, "sizeInBytes": 58742}, "thumbnail": {"ext": ".jpg", "url": "/uploads/thumbnail_231_8b73886f91.jpg", "hash": "thumbnail_231_8b73886f91", "mime": "image/jpeg", "name": "thumbnail_231.jpg", "path": null, "size": 7.64, "width": 234, "height": 156, "sizeInBytes": 7635}}	231_8b73886f91	.jpg	image/jpeg	353.94	/uploads/231_8b73886f91.jpg	\N	local	\N	/	2025-06-07 00:48:32.355	2025-06-07 00:48:32.355	2025-06-07 00:48:32.355	1	1	\N
10	rs9fz33cvzrscg0dw4sqbn5j	234123.webp	\N	\N	541	350	{"small": {"ext": ".webp", "url": "/uploads/small_234123_aff61cac14.webp", "hash": "small_234123_aff61cac14", "mime": "image/webp", "name": "small_234123.webp", "path": null, "size": 18.12, "width": 500, "height": 323, "sizeInBytes": 18116}, "thumbnail": {"ext": ".webp", "url": "/uploads/thumbnail_234123_aff61cac14.webp", "hash": "thumbnail_234123_aff61cac14", "mime": "image/webp", "name": "thumbnail_234123.webp", "path": null, "size": 5.71, "width": 241, "height": 156, "sizeInBytes": 5714}}	234123_aff61cac14	.webp	image/webp	26.51	/uploads/234123_aff61cac14.webp	\N	local	\N	/	2025-06-07 00:48:32.553	2025-06-07 00:48:32.553	2025-06-07 00:48:32.553	1	1	\N
12	u32y6msfzrgrj2ri2qckh90c	23454.jpg	\N	\N	2048	1463	{"large": {"ext": ".jpg", "url": "/uploads/large_23454_09d4f3c585.jpg", "hash": "large_23454_09d4f3c585", "mime": "image/jpeg", "name": "large_23454.jpg", "path": null, "size": 84.02, "width": 1000, "height": 714, "sizeInBytes": 84020}, "small": {"ext": ".jpg", "url": "/uploads/small_23454_09d4f3c585.jpg", "hash": "small_23454_09d4f3c585", "mime": "image/jpeg", "name": "small_23454.jpg", "path": null, "size": 28.58, "width": 500, "height": 357, "sizeInBytes": 28581}, "medium": {"ext": ".jpg", "url": "/uploads/medium_23454_09d4f3c585.jpg", "hash": "medium_23454_09d4f3c585", "mime": "image/jpeg", "name": "medium_23454.jpg", "path": null, "size": 53.49, "width": 750, "height": 536, "sizeInBytes": 53493}, "thumbnail": {"ext": ".jpg", "url": "/uploads/thumbnail_23454_09d4f3c585.jpg", "hash": "thumbnail_23454_09d4f3c585", "mime": "image/jpeg", "name": "thumbnail_23454.jpg", "path": null, "size": 7.84, "width": 219, "height": 156, "sizeInBytes": 7835}}	23454_09d4f3c585	.jpg	image/jpeg	257.15	/uploads/23454_09d4f3c585.jpg	\N	local	\N	/	2025-06-07 00:48:32.593	2025-06-07 00:48:32.593	2025-06-07 00:48:32.593	1	1	\N
16	uioa2b02lywftbdtrjt3kuk0	men.jpg	\N	\N	1767	2048	{"large": {"ext": ".jpg", "url": "/uploads/large_men_456b28bbcb.jpg", "hash": "large_men_456b28bbcb", "mime": "image/jpeg", "name": "large_men.jpg", "path": null, "size": 62.86, "width": 863, "height": 1000, "sizeInBytes": 62862}, "small": {"ext": ".jpg", "url": "/uploads/small_men_456b28bbcb.jpg", "hash": "small_men_456b28bbcb", "mime": "image/jpeg", "name": "small_men.jpg", "path": null, "size": 20.31, "width": 431, "height": 500, "sizeInBytes": 20309}, "medium": {"ext": ".jpg", "url": "/uploads/medium_men_456b28bbcb.jpg", "hash": "medium_men_456b28bbcb", "mime": "image/jpeg", "name": "medium_men.jpg", "path": null, "size": 38.67, "width": 647, "height": 750, "sizeInBytes": 38668}, "thumbnail": {"ext": ".jpg", "url": "/uploads/thumbnail_men_456b28bbcb.jpg", "hash": "thumbnail_men_456b28bbcb", "mime": "image/jpeg", "name": "thumbnail_men.jpg", "path": null, "size": 3.89, "width": 134, "height": 156, "sizeInBytes": 3891}}	men_456b28bbcb	.jpg	image/jpeg	223.55	/uploads/men_456b28bbcb.jpg	\N	local	\N	/	2025-06-07 00:52:37.591	2025-06-07 00:52:37.591	2025-06-07 00:52:37.591	1	1	\N
17	jadt8ubl6sjcrs4qy289h6jm	women.jpg	\N	\N	2048	1366	{"large": {"ext": ".jpg", "url": "/uploads/large_women_19190af5ae.jpg", "hash": "large_women_19190af5ae", "mime": "image/jpeg", "name": "large_women.jpg", "path": null, "size": 53.74, "width": 1000, "height": 667, "sizeInBytes": 53740}, "small": {"ext": ".jpg", "url": "/uploads/small_women_19190af5ae.jpg", "hash": "small_women_19190af5ae", "mime": "image/jpeg", "name": "small_women.jpg", "path": null, "size": 19, "width": 500, "height": 333, "sizeInBytes": 19003}, "medium": {"ext": ".jpg", "url": "/uploads/medium_women_19190af5ae.jpg", "hash": "medium_women_19190af5ae", "mime": "image/jpeg", "name": "medium_women.jpg", "path": null, "size": 35.06, "width": 750, "height": 500, "sizeInBytes": 35060}, "thumbnail": {"ext": ".jpg", "url": "/uploads/thumbnail_women_19190af5ae.jpg", "hash": "thumbnail_women_19190af5ae", "mime": "image/jpeg", "name": "thumbnail_women.jpg", "path": null, "size": 6.28, "width": 234, "height": 156, "sizeInBytes": 6279}}	women_19190af5ae	.jpg	image/jpeg	157.07	/uploads/women_19190af5ae.jpg	\N	local	\N	/	2025-06-07 00:52:37.602	2025-06-07 00:52:37.602	2025-06-07 00:52:37.602	1	1	\N
9	rk9a7dupqjwtnox2c3cyrd2o	233.jpg	\N	\N	2048	1300	{"large": {"ext": ".jpg", "url": "/uploads/large_233_ac48c34f4d.jpg", "hash": "large_233_ac48c34f4d", "mime": "image/jpeg", "name": "large_233.jpg", "path": null, "size": 143.67, "width": 1000, "height": 635, "sizeInBytes": 143667}, "small": {"ext": ".jpg", "url": "/uploads/small_233_ac48c34f4d.jpg", "hash": "small_233_ac48c34f4d", "mime": "image/jpeg", "name": "small_233.jpg", "path": null, "size": 38.92, "width": 500, "height": 317, "sizeInBytes": 38920}, "medium": {"ext": ".jpg", "url": "/uploads/medium_233_ac48c34f4d.jpg", "hash": "medium_233_ac48c34f4d", "mime": "image/jpeg", "name": "medium_233.jpg", "path": null, "size": 83.65, "width": 750, "height": 476, "sizeInBytes": 83651}, "thumbnail": {"ext": ".jpg", "url": "/uploads/thumbnail_233_ac48c34f4d.jpg", "hash": "thumbnail_233_ac48c34f4d", "mime": "image/jpeg", "name": "thumbnail_233.jpg", "path": null, "size": 10.8, "width": 245, "height": 156, "sizeInBytes": 10795}}	233_ac48c34f4d	.jpg	image/jpeg	536.37	/uploads/233_ac48c34f4d.jpg	\N	local	\N	/	2025-06-07 00:48:32.504	2025-06-07 02:37:27.643	2025-06-07 00:48:32.505	1	1	\N
5	by7qijntxtwhefxykyk8qhig	56.jpg	\N	\N	2048	1152	{"large": {"ext": ".jpg", "url": "/uploads/large_56_24647dff5e.jpg", "hash": "large_56_24647dff5e", "mime": "image/jpeg", "name": "large_56.jpg", "path": null, "size": 70.52, "width": 1000, "height": 563, "sizeInBytes": 70521}, "small": {"ext": ".jpg", "url": "/uploads/small_56_24647dff5e.jpg", "hash": "small_56_24647dff5e", "mime": "image/jpeg", "name": "small_56.jpg", "path": null, "size": 18.93, "width": 500, "height": 281, "sizeInBytes": 18935}, "medium": {"ext": ".jpg", "url": "/uploads/medium_56_24647dff5e.jpg", "hash": "medium_56_24647dff5e", "mime": "image/jpeg", "name": "medium_56.jpg", "path": null, "size": 41.83, "width": 750, "height": 422, "sizeInBytes": 41828}, "thumbnail": {"ext": ".jpg", "url": "/uploads/thumbnail_56_24647dff5e.jpg", "hash": "thumbnail_56_24647dff5e", "mime": "image/jpeg", "name": "thumbnail_56.jpg", "path": null, "size": 4.92, "width": 245, "height": 138, "sizeInBytes": 4918}}	56_24647dff5e	.jpg	image/jpeg	212.42	/uploads/56_24647dff5e.jpg	\N	local	\N	/	2025-06-07 00:48:32.106	2025-07-25 01:57:00.974	2025-06-07 00:48:32.106	1	1	\N
\.


--
-- Data for Name: files_folder_lnk; Type: TABLE DATA; Schema: public; Owner: root
--

COPY public.files_folder_lnk (id, file_id, folder_id, file_ord) FROM stdin;
\.


--
-- Data for Name: files_related_mph; Type: TABLE DATA; Schema: public; Owner: root
--

COPY public.files_related_mph (id, file_id, related_id, related_type, field, "order") FROM stdin;
1	1	1	shared.seo	shareImage	1
2	1	1	api::global.global	favicon	1
3	2	1	shared.media	file	1
4	14	1	shared.slider	files	1
5	15	1	shared.slider	files	2
6	9	1	shared.slider	files	3
7	7	1	shared.slider	files	4
8	16	1	api::author.author	avatar	1
305	12	2	shared.seo	shareImage	1
306	5	1	sections.hero-banner	backgroundImage	1
307	14	1	sections.image-carousel	images	1
308	10	1	sections.image-carousel	images	2
13	11	2	shared.slider	files	1
14	13	2	shared.slider	files	2
15	8	2	shared.slider	files	3
16	9	2	shared.slider	files	4
17	4	1	api::article.article	cover	1
18	11	3	shared.slider	files	1
19	13	3	shared.slider	files	2
20	8	3	shared.slider	files	3
21	9	3	shared.slider	files	4
22	4	4	api::article.article	cover	1
23	11	4	shared.slider	files	1
24	4	4	shared.slider	files	2
25	6	4	shared.slider	files	3
26	5	4	shared.slider	files	4
27	9	5	api::article.article	cover	1
28	11	5	shared.slider	files	1
29	4	5	shared.slider	files	2
30	6	5	shared.slider	files	3
31	5	5	shared.slider	files	4
32	9	6	api::article.article	cover	1
33	14	6	shared.slider	files	1
34	10	6	shared.slider	files	2
35	6	6	shared.slider	files	3
36	5	6	shared.slider	files	4
37	7	6	shared.slider	files	5
38	13	7	api::article.article	cover	1
39	14	7	shared.slider	files	1
40	10	7	shared.slider	files	2
41	6	7	shared.slider	files	3
42	5	7	shared.slider	files	4
43	7	7	shared.slider	files	5
44	13	8	api::article.article	cover	1
309	9	1	sections.image-carousel	images	3
310	5	1	sections.image-carousel	images	4
311	4	1	sections.image-carousel	images	5
312	8	1	shared.product-slide	image	1
313	13	2	shared.product-slide	image	1
314	9	3	shared.product-slide	image	1
315	13	1	shared.faq-item	image	1
316	12	2	shared.faq-item	image	1
317	15	3	shared.faq-item	image	1
318	16	1	shared.testimonial	authorImage	1
319	17	2	shared.testimonial	authorImage	1
320	16	3	shared.testimonial	authorImage	1
321	10	1	shared.post-teaser	image	1
322	8	2	shared.post-teaser	image	1
323	5	3	shared.post-teaser	image	1
324	6	1	shared.category-card	image	1
325	3	2	shared.category-card	image	1
326	12	3	shared.category-card	image	1
327	11	4	shared.category-card	image	1
328	10	1	shared.feature	icon	1
329	8	2	shared.feature	icon	1
330	13	3	shared.feature	icon	1
331	12	9	shared.seo	shareImage	1
332	5	8	sections.hero-banner	backgroundImage	1
333	14	8	sections.image-carousel	images	1
334	10	8	sections.image-carousel	images	2
335	9	8	sections.image-carousel	images	3
336	5	8	sections.image-carousel	images	4
337	4	8	sections.image-carousel	images	5
338	8	22	shared.product-slide	image	1
339	13	23	shared.product-slide	image	1
340	9	24	shared.product-slide	image	1
341	13	22	shared.faq-item	image	1
342	12	23	shared.faq-item	image	1
343	15	24	shared.faq-item	image	1
344	16	22	shared.testimonial	authorImage	1
345	17	23	shared.testimonial	authorImage	1
346	16	24	shared.testimonial	authorImage	1
347	10	22	shared.post-teaser	image	1
348	8	23	shared.post-teaser	image	1
349	5	24	shared.post-teaser	image	1
350	6	29	shared.category-card	image	1
351	3	30	shared.category-card	image	1
352	12	31	shared.category-card	image	1
353	11	32	shared.category-card	image	1
354	10	22	shared.feature	icon	1
355	8	23	shared.feature	icon	1
356	13	24	shared.feature	icon	1
123	9	4	shared.seo	shareImage	1
124	5	3	sections.hero-banner	backgroundImage	1
125	14	3	sections.image-carousel	images	1
126	10	3	sections.image-carousel	images	2
127	9	3	sections.image-carousel	images	3
128	5	3	sections.image-carousel	images	4
129	4	3	sections.image-carousel	images	5
130	8	7	shared.product-slide	image	1
131	13	8	shared.product-slide	image	1
132	9	9	shared.product-slide	image	1
133	16	7	shared.testimonial	authorImage	1
134	17	8	shared.testimonial	authorImage	1
135	16	9	shared.testimonial	authorImage	1
136	13	7	shared.faq-item	image	1
137	12	8	shared.faq-item	image	1
138	15	9	shared.faq-item	image	1
139	10	7	shared.post-teaser	image	1
140	8	8	shared.post-teaser	image	1
141	5	9	shared.post-teaser	image	1
142	6	9	shared.category-card	image	1
143	3	10	shared.category-card	image	1
144	12	11	shared.category-card	image	1
145	11	12	shared.category-card	image	1
146	10	7	shared.feature	icon	1
147	8	8	shared.feature	icon	1
148	13	9	shared.feature	icon	1
149	9	5	shared.seo	shareImage	1
150	5	4	sections.hero-banner	backgroundImage	1
151	14	4	sections.image-carousel	images	1
152	10	4	sections.image-carousel	images	2
153	9	4	sections.image-carousel	images	3
154	5	4	sections.image-carousel	images	4
155	4	4	sections.image-carousel	images	5
156	8	10	shared.product-slide	image	1
157	13	11	shared.product-slide	image	1
158	9	12	shared.product-slide	image	1
159	16	10	shared.testimonial	authorImage	1
160	17	11	shared.testimonial	authorImage	1
161	16	12	shared.testimonial	authorImage	1
162	13	10	shared.faq-item	image	1
163	12	11	shared.faq-item	image	1
164	15	12	shared.faq-item	image	1
165	10	10	shared.post-teaser	image	1
166	8	11	shared.post-teaser	image	1
167	5	12	shared.post-teaser	image	1
168	6	13	shared.category-card	image	1
169	3	14	shared.category-card	image	1
170	12	15	shared.category-card	image	1
171	11	16	shared.category-card	image	1
172	10	10	shared.feature	icon	1
173	8	11	shared.feature	icon	1
174	13	12	shared.feature	icon	1
541	17	4	questionnaire.questionnaire-options	qImage	1
542	14	5	questionnaire.questionnaire-options	qImage	1
543	9	6	questionnaire.questionnaire-options	qImage	1
544	13	7	questionnaire.questionnaire-options	qImage	1
545	15	8	questionnaire.questionnaire-options	qImage	1
546	12	9	questionnaire.questionnaire-options	qImage	1
547	8	1	questionnaire.color-variant	variationImage	1
548	12	2	questionnaire.color-variant	variationImage	1
549	13	3	questionnaire.color-variant	variationImage	1
550	5	4	questionnaire.color-variant	variationImage	1
551	10	5	questionnaire.color-variant	variationImage	1
552	15	6	questionnaire.color-variant	variationImage	1
553	6	10	questionnaire.questionnaire-options	qImage	1
554	4	11	questionnaire.questionnaire-options	qImage	1
555	17	32	questionnaire.questionnaire-options	qImage	1
556	14	33	questionnaire.questionnaire-options	qImage	1
557	9	34	questionnaire.questionnaire-options	qImage	1
558	13	35	questionnaire.questionnaire-options	qImage	1
559	15	36	questionnaire.questionnaire-options	qImage	1
560	12	37	questionnaire.questionnaire-options	qImage	1
561	8	13	questionnaire.color-variant	variationImage	1
562	12	14	questionnaire.color-variant	variationImage	1
563	13	15	questionnaire.color-variant	variationImage	1
564	5	16	questionnaire.color-variant	variationImage	1
565	10	17	questionnaire.color-variant	variationImage	1
566	15	18	questionnaire.color-variant	variationImage	1
461	6	6	shared.seo	shareImage	1
462	5	5	sections.hero-banner	backgroundImage	1
463	14	5	sections.image-carousel	images	1
464	10	5	sections.image-carousel	images	2
465	9	5	sections.image-carousel	images	3
466	5	5	sections.image-carousel	images	4
467	4	5	sections.image-carousel	images	5
468	8	13	shared.product-slide	image	1
469	13	14	shared.product-slide	image	1
470	9	15	shared.product-slide	image	1
471	16	13	shared.testimonial	authorImage	1
472	17	14	shared.testimonial	authorImage	1
473	16	15	shared.testimonial	authorImage	1
474	13	13	shared.faq-item	image	1
475	12	14	shared.faq-item	image	1
476	15	15	shared.faq-item	image	1
477	10	13	shared.post-teaser	image	1
478	8	14	shared.post-teaser	image	1
479	5	15	shared.post-teaser	image	1
480	6	17	shared.category-card	image	1
481	3	18	shared.category-card	image	1
482	12	19	shared.category-card	image	1
483	11	20	shared.category-card	image	1
484	10	13	shared.feature	icon	1
485	8	14	shared.feature	icon	1
486	13	15	shared.feature	icon	1
487	6	12	shared.seo	shareImage	1
488	5	11	sections.hero-banner	backgroundImage	1
489	14	11	sections.image-carousel	images	1
490	10	11	sections.image-carousel	images	2
491	9	11	sections.image-carousel	images	3
492	5	11	sections.image-carousel	images	4
493	4	11	sections.image-carousel	images	5
494	8	31	shared.product-slide	image	1
495	13	32	shared.product-slide	image	1
496	9	33	shared.product-slide	image	1
497	16	31	shared.testimonial	authorImage	1
498	17	32	shared.testimonial	authorImage	1
499	16	33	shared.testimonial	authorImage	1
500	13	31	shared.faq-item	image	1
501	12	32	shared.faq-item	image	1
502	15	33	shared.faq-item	image	1
503	10	31	shared.post-teaser	image	1
504	8	32	shared.post-teaser	image	1
505	5	33	shared.post-teaser	image	1
506	6	41	shared.category-card	image	1
507	3	42	shared.category-card	image	1
508	12	43	shared.category-card	image	1
509	11	44	shared.category-card	image	1
510	10	31	shared.feature	icon	1
511	8	32	shared.feature	icon	1
512	13	33	shared.feature	icon	1
567	6	38	questionnaire.questionnaire-options	qImage	1
568	4	39	questionnaire.questionnaire-options	qImage	1
\.


--
-- Data for Name: globals; Type: TABLE DATA; Schema: public; Owner: root
--

COPY public.globals (id, document_id, site_name, site_description, created_at, updated_at, published_at, created_by_id, updated_by_id, locale) FROM stdin;
1	to1q9n3y5l1at04gxn25us8g	MyVSF	This is my description	2025-06-07 00:39:06.087	2025-06-07 00:39:06.087	2025-06-07 00:39:06.053	1	1	\N
\.


--
-- Data for Name: globals_cmps; Type: TABLE DATA; Schema: public; Owner: root
--

COPY public.globals_cmps (id, entity_id, cmp_id, component_type, field, "order") FROM stdin;
1	1	1	shared.seo	defaultSeo	\N
\.


--
-- Data for Name: i18n_locale; Type: TABLE DATA; Schema: public; Owner: root
--

COPY public.i18n_locale (id, document_id, name, code, created_at, updated_at, published_at, created_by_id, updated_by_id, locale) FROM stdin;
1	ecg280fyn6fd8btbonx3txm7	English (en)	en	2025-06-06 15:55:06.466	2025-06-06 15:55:06.466	2025-06-06 15:55:06.466	\N	\N	\N
\.


--
-- Data for Name: kitchen_estimators; Type: TABLE DATA; Schema: public; Owner: root
--

COPY public.kitchen_estimators (id, document_id, title, created_at, updated_at, published_at, created_by_id, updated_by_id, locale) FROM stdin;
1	dq6j5zf68yd9t8t738su1joy	Kitchen Estimator	2025-07-25 02:10:07.267	2025-07-25 02:33:28.127	\N	1	1	\N
3	dq6j5zf68yd9t8t738su1joy	Kitchen Estimator	2025-07-25 02:10:07.267	2025-07-25 02:33:28.127	2025-07-25 02:33:28.19	1	1	\N
\.


--
-- Data for Name: kitchen_estimators_cmps; Type: TABLE DATA; Schema: public; Owner: root
--

COPY public.kitchen_estimators_cmps (id, entity_id, cmp_id, component_type, field, "order") FROM stdin;
11	1	5	questionnaire.questions	questions	1
12	1	1	questionnaire.questions	questions	2
13	1	2	questionnaire.questions	questions	3
14	1	4	questionnaire.questions	questions	4
15	1	3	questionnaire.questions	questions	5
16	3	15	questionnaire.questions	questions	1
17	3	11	questionnaire.questions	questions	2
18	3	12	questionnaire.questions	questions	3
19	3	14	questionnaire.questions	questions	4
20	3	13	questionnaire.questions	questions	5
\.


--
-- Data for Name: pages; Type: TABLE DATA; Schema: public; Owner: root
--

COPY public.pages (id, document_id, title, slug, publish_at, created_at, updated_at, published_at, created_by_id, updated_by_id, locale) FROM stdin;
3	grnfp1h6rndmstsfndr4sw8u	Trending in Womens	trending-in-mens-1	2025-06-06 00:30:00	2025-06-07 02:36:19.181	2025-06-07 02:36:45.265	\N	1	1	en
4	grnfp1h6rndmstsfndr4sw8u	Trending in Womens	trending-in-mens-1	2025-06-06 00:30:00	2025-06-07 02:36:19.181	2025-06-07 02:36:45.265	2025-06-07 02:36:45.311	1	1	en
1	gp3hp1ljdch4rgddax2izowr	Trending in Mens	trending-in-mens	2025-06-06 00:30:00	2025-06-07 02:35:45.602	2025-06-20 20:19:58.923	\N	1	1	en
8	gp3hp1ljdch4rgddax2izowr	Trending in Mens	trending-in-mens	2025-06-06 00:30:00	2025-06-07 02:35:45.602	2025-06-20 20:19:58.923	2025-06-20 20:19:59.013	1	1	en
5	en2zc2xj6tj9bvzzcn1crufs	Our Specials	our-specials	2025-06-06 00:30:00	2025-06-07 02:37:44.076	2025-07-24 21:01:57.181	\N	1	1	en
11	en2zc2xj6tj9bvzzcn1crufs	Our Specials	our-specials	2025-06-06 00:30:00	2025-06-07 02:37:44.076	2025-07-24 21:01:57.181	2025-07-24 21:01:57.268	1	1	en
\.


--
-- Data for Name: pages_cmps; Type: TABLE DATA; Schema: public; Owner: root
--

COPY public.pages_cmps (id, entity_id, cmp_id, component_type, field, "order") FROM stdin;
1	1	2	shared.seo	seo	\N
23	3	4	shared.seo	seo	\N
178	5	5	sections.hero-banner	contentSections	1
179	5	5	sections.product-slider	contentSections	2
180	5	5	sections.testimonials	contentSections	3
181	5	5	sections.faq-section	contentSections	4
182	5	5	sections.blog-posts-teaser	contentSections	5
183	5	5	sections.rich-text-block	contentSections	6
184	5	5	sections.promotional-cta	contentSections	7
185	5	5	sections.category-highlight	contentSections	8
186	5	5	sections.image-carousel	contentSections	9
187	5	5	sections.feature-grid	contentSections	10
35	3	3	sections.hero-banner	contentSections	1
36	3	3	sections.product-slider	contentSections	2
37	3	3	sections.testimonials	contentSections	3
38	3	3	sections.faq-section	contentSections	4
39	3	3	sections.blog-posts-teaser	contentSections	5
40	3	3	sections.rich-text-block	contentSections	6
41	3	3	sections.promotional-cta	contentSections	7
42	3	3	sections.category-highlight	contentSections	8
43	3	3	sections.image-carousel	contentSections	9
44	3	3	sections.feature-grid	contentSections	10
45	4	5	shared.seo	seo	\N
46	4	4	sections.hero-banner	contentSections	1
47	4	4	sections.product-slider	contentSections	2
48	4	4	sections.testimonials	contentSections	3
49	4	4	sections.faq-section	contentSections	4
50	4	4	sections.blog-posts-teaser	contentSections	5
51	4	4	sections.rich-text-block	contentSections	6
52	4	4	sections.promotional-cta	contentSections	7
53	4	4	sections.category-highlight	contentSections	8
54	4	4	sections.image-carousel	contentSections	9
55	4	4	sections.feature-grid	contentSections	10
56	5	6	shared.seo	seo	\N
188	11	12	shared.seo	seo	\N
189	11	11	sections.hero-banner	contentSections	1
190	11	11	sections.product-slider	contentSections	2
191	11	11	sections.testimonials	contentSections	3
192	11	11	sections.faq-section	contentSections	4
193	11	11	sections.blog-posts-teaser	contentSections	5
194	11	11	sections.rich-text-block	contentSections	6
195	11	11	sections.promotional-cta	contentSections	7
196	11	11	sections.category-highlight	contentSections	8
197	11	11	sections.image-carousel	contentSections	9
198	11	11	sections.feature-grid	contentSections	10
112	1	1	sections.product-slider	contentSections	1
113	1	1	sections.faq-section	contentSections	2
114	1	1	sections.testimonials	contentSections	3
115	1	1	sections.hero-banner	contentSections	4
116	1	1	sections.blog-posts-teaser	contentSections	5
117	1	1	sections.rich-text-block	contentSections	6
118	1	1	sections.promotional-cta	contentSections	7
119	1	1	sections.category-highlight	contentSections	8
120	1	1	sections.image-carousel	contentSections	9
121	1	1	sections.feature-grid	contentSections	10
122	8	9	shared.seo	seo	\N
123	8	8	sections.product-slider	contentSections	1
124	8	8	sections.faq-section	contentSections	2
125	8	8	sections.testimonials	contentSections	3
126	8	8	sections.hero-banner	contentSections	4
127	8	8	sections.blog-posts-teaser	contentSections	5
128	8	8	sections.rich-text-block	contentSections	6
129	8	8	sections.promotional-cta	contentSections	7
130	8	8	sections.category-highlight	contentSections	8
131	8	8	sections.image-carousel	contentSections	9
132	8	8	sections.feature-grid	contentSections	10
\.


--
-- Data for Name: strapi_api_token_permissions; Type: TABLE DATA; Schema: public; Owner: root
--

COPY public.strapi_api_token_permissions (id, document_id, action, created_at, updated_at, published_at, created_by_id, updated_by_id, locale) FROM stdin;
\.


--
-- Data for Name: strapi_api_token_permissions_token_lnk; Type: TABLE DATA; Schema: public; Owner: root
--

COPY public.strapi_api_token_permissions_token_lnk (id, api_token_permission_id, api_token_id, api_token_permission_ord) FROM stdin;
\.


--
-- Data for Name: strapi_api_tokens; Type: TABLE DATA; Schema: public; Owner: root
--

COPY public.strapi_api_tokens (id, document_id, name, description, type, access_key, encrypted_key, last_used_at, expires_at, lifespan, created_at, updated_at, published_at, created_by_id, updated_by_id, locale) FROM stdin;
1	iqfr8z3da1osw36zshcbbng7	Read Only	A default API token with read-only permissions, only used for accessing resources	read-only	183a17672c93cc28b838621c2134f3d9b107ceb213f85718cdeb023b29fd8d048600625e67c765b8b93718bf9167564911312695ca6909d539f527014166a8b9	v1:00531d112e338b8b37219507acff2c0f:44ec5101c4cfb380d639a9d5798bb84ba267455ad68c58e5f7ff236b26b219c1fb299db0b413b3ff636ccdba8c8aa6b9995164cf8ac2b46430293475c677a2e21ce6479609a9df3323ccab44ad9e7dd48fd6c795e98186b044fd925ed4065ff0d5a6d1f83518272a931325334774359658abd0e275a34e3ab112bcb7739772549444e90817c85acc130c8a5d1e71f27302813bec987aa655699f8fc685431315121b97a8ad0f3204f5a0a63d6d56401554f1e4f37ff64818f8f4f74c17a4783a8ed13285f1b5b1fb87760f731a96c0941670b02fd784f053950e4f726e33da2c057c873d7c2cef2b2633d6ddc998e4ad559836a5576470b477eadec0cf2dd8e3:26d0116f55bc2f9122c6c72075380dc7	\N	\N	\N	2025-06-06 15:55:06.737	2025-06-06 15:55:06.737	2025-06-06 15:55:06.737	\N	\N	\N
2	pqhubwru23488llf6faequc6	Full Access	A default API token with full access permissions, used for accessing or modifying resources	full-access	1b4ae58e2c44cf2a5e4be9716983731831b196ab457b6f93106c309af6bd9feb15e2d373dbf098482cf6615abb268c802efd2f545135529fa7c1c2400ce4888d	v1:82fae8030bc1f1e41e4ee4d73539557d:130875206a232d111a74694eddbc563ad72fc8ece575301fd0fb53f5dd59f5add3e43250c206c01b4e506207169b2a533986bb5df725bf35f39fffe19596a0dd442d8cc2dfb7de388dd7fb7a705d03f7cd6d74bd968f8aa3eeeef5f46fe9de8f33e2f6e8a971e9e33a6b72135b2dabf9b51942f8220c9d56284a8e792f7a1bc49a3cb8ba01bed9e8fe30c9cd6b7af1c0512a51bae30300e43635be9a72dec80c0d2dab3d119845db38bb53ab7666cab99c2afab55da926285b9bf28e6ebb98ddd28f7d78483a25bf5b67400cb4a27e16e49af0373847e3f711bd83850a9a8b0b30cc8fe50ee7be57fd0276b3ca936d13873ff58cdda4372b2b91cefed638c559:d3c61c9fe0a27a01c365004a0cfa65a5	\N	\N	\N	2025-06-06 15:55:06.742	2025-06-06 15:55:06.742	2025-06-06 15:55:06.742	\N	\N	\N
\.


--
-- Data for Name: strapi_core_store_settings; Type: TABLE DATA; Schema: public; Owner: root
--

COPY public.strapi_core_store_settings (id, key, value, type, environment, tag) FROM stdin;
2	plugin_content_manager_configuration_content_types::plugin::i18n.locale	{"settings":{"bulkable":true,"filterable":true,"searchable":true,"pageSize":10,"mainField":"name","defaultSortBy":"name","defaultSortOrder":"ASC"},"metadatas":{"id":{"edit":{},"list":{"label":"id","searchable":true,"sortable":true}},"name":{"edit":{"label":"name","description":"","placeholder":"","visible":true,"editable":true},"list":{"label":"name","searchable":true,"sortable":true}},"code":{"edit":{"label":"code","description":"","placeholder":"","visible":true,"editable":true},"list":{"label":"code","searchable":true,"sortable":true}},"createdAt":{"edit":{"label":"createdAt","description":"","placeholder":"","visible":false,"editable":true},"list":{"label":"createdAt","searchable":true,"sortable":true}},"updatedAt":{"edit":{"label":"updatedAt","description":"","placeholder":"","visible":false,"editable":true},"list":{"label":"updatedAt","searchable":true,"sortable":true}},"createdBy":{"edit":{"label":"createdBy","description":"","placeholder":"","visible":false,"editable":true,"mainField":"firstname"},"list":{"label":"createdBy","searchable":true,"sortable":true}},"updatedBy":{"edit":{"label":"updatedBy","description":"","placeholder":"","visible":false,"editable":true,"mainField":"firstname"},"list":{"label":"updatedBy","searchable":true,"sortable":true}}},"layouts":{"list":["id","name","code","createdAt"],"edit":[[{"name":"name","size":6},{"name":"code","size":6}]]},"uid":"plugin::i18n.locale"}	object	\N	\N
3	plugin_content_manager_configuration_content_types::plugin::content-releases.release	{"settings":{"bulkable":true,"filterable":true,"searchable":true,"pageSize":10,"mainField":"name","defaultSortBy":"name","defaultSortOrder":"ASC"},"metadatas":{"id":{"edit":{},"list":{"label":"id","searchable":true,"sortable":true}},"name":{"edit":{"label":"name","description":"","placeholder":"","visible":true,"editable":true},"list":{"label":"name","searchable":true,"sortable":true}},"releasedAt":{"edit":{"label":"releasedAt","description":"","placeholder":"","visible":true,"editable":true},"list":{"label":"releasedAt","searchable":true,"sortable":true}},"scheduledAt":{"edit":{"label":"scheduledAt","description":"","placeholder":"","visible":true,"editable":true},"list":{"label":"scheduledAt","searchable":true,"sortable":true}},"timezone":{"edit":{"label":"timezone","description":"","placeholder":"","visible":true,"editable":true},"list":{"label":"timezone","searchable":true,"sortable":true}},"status":{"edit":{"label":"status","description":"","placeholder":"","visible":true,"editable":true},"list":{"label":"status","searchable":true,"sortable":true}},"actions":{"edit":{"label":"actions","description":"","placeholder":"","visible":true,"editable":true,"mainField":"contentType"},"list":{"label":"actions","searchable":false,"sortable":false}},"createdAt":{"edit":{"label":"createdAt","description":"","placeholder":"","visible":false,"editable":true},"list":{"label":"createdAt","searchable":true,"sortable":true}},"updatedAt":{"edit":{"label":"updatedAt","description":"","placeholder":"","visible":false,"editable":true},"list":{"label":"updatedAt","searchable":true,"sortable":true}},"createdBy":{"edit":{"label":"createdBy","description":"","placeholder":"","visible":false,"editable":true,"mainField":"firstname"},"list":{"label":"createdBy","searchable":true,"sortable":true}},"updatedBy":{"edit":{"label":"updatedBy","description":"","placeholder":"","visible":false,"editable":true,"mainField":"firstname"},"list":{"label":"updatedBy","searchable":true,"sortable":true}}},"layouts":{"list":["id","name","releasedAt","scheduledAt"],"edit":[[{"name":"name","size":6},{"name":"releasedAt","size":6}],[{"name":"scheduledAt","size":6},{"name":"timezone","size":6}],[{"name":"status","size":6},{"name":"actions","size":6}]]},"uid":"plugin::content-releases.release"}	object	\N	\N
4	plugin_content_manager_configuration_content_types::plugin::upload.file	{"settings":{"bulkable":true,"filterable":true,"searchable":true,"pageSize":10,"mainField":"name","defaultSortBy":"name","defaultSortOrder":"ASC"},"metadatas":{"id":{"edit":{},"list":{"label":"id","searchable":true,"sortable":true}},"name":{"edit":{"label":"name","description":"","placeholder":"","visible":true,"editable":true},"list":{"label":"name","searchable":true,"sortable":true}},"alternativeText":{"edit":{"label":"alternativeText","description":"","placeholder":"","visible":true,"editable":true},"list":{"label":"alternativeText","searchable":true,"sortable":true}},"caption":{"edit":{"label":"caption","description":"","placeholder":"","visible":true,"editable":true},"list":{"label":"caption","searchable":true,"sortable":true}},"width":{"edit":{"label":"width","description":"","placeholder":"","visible":true,"editable":true},"list":{"label":"width","searchable":true,"sortable":true}},"height":{"edit":{"label":"height","description":"","placeholder":"","visible":true,"editable":true},"list":{"label":"height","searchable":true,"sortable":true}},"formats":{"edit":{"label":"formats","description":"","placeholder":"","visible":true,"editable":true},"list":{"label":"formats","searchable":false,"sortable":false}},"hash":{"edit":{"label":"hash","description":"","placeholder":"","visible":true,"editable":true},"list":{"label":"hash","searchable":true,"sortable":true}},"ext":{"edit":{"label":"ext","description":"","placeholder":"","visible":true,"editable":true},"list":{"label":"ext","searchable":true,"sortable":true}},"mime":{"edit":{"label":"mime","description":"","placeholder":"","visible":true,"editable":true},"list":{"label":"mime","searchable":true,"sortable":true}},"size":{"edit":{"label":"size","description":"","placeholder":"","visible":true,"editable":true},"list":{"label":"size","searchable":true,"sortable":true}},"url":{"edit":{"label":"url","description":"","placeholder":"","visible":true,"editable":true},"list":{"label":"url","searchable":true,"sortable":true}},"previewUrl":{"edit":{"label":"previewUrl","description":"","placeholder":"","visible":true,"editable":true},"list":{"label":"previewUrl","searchable":true,"sortable":true}},"provider":{"edit":{"label":"provider","description":"","placeholder":"","visible":true,"editable":true},"list":{"label":"provider","searchable":true,"sortable":true}},"provider_metadata":{"edit":{"label":"provider_metadata","description":"","placeholder":"","visible":true,"editable":true},"list":{"label":"provider_metadata","searchable":false,"sortable":false}},"folder":{"edit":{"label":"folder","description":"","placeholder":"","visible":true,"editable":true,"mainField":"name"},"list":{"label":"folder","searchable":true,"sortable":true}},"folderPath":{"edit":{"label":"folderPath","description":"","placeholder":"","visible":true,"editable":true},"list":{"label":"folderPath","searchable":true,"sortable":true}},"createdAt":{"edit":{"label":"createdAt","description":"","placeholder":"","visible":false,"editable":true},"list":{"label":"createdAt","searchable":true,"sortable":true}},"updatedAt":{"edit":{"label":"updatedAt","description":"","placeholder":"","visible":false,"editable":true},"list":{"label":"updatedAt","searchable":true,"sortable":true}},"createdBy":{"edit":{"label":"createdBy","description":"","placeholder":"","visible":false,"editable":true,"mainField":"firstname"},"list":{"label":"createdBy","searchable":true,"sortable":true}},"updatedBy":{"edit":{"label":"updatedBy","description":"","placeholder":"","visible":false,"editable":true,"mainField":"firstname"},"list":{"label":"updatedBy","searchable":true,"sortable":true}}},"layouts":{"list":["id","name","alternativeText","caption"],"edit":[[{"name":"name","size":6},{"name":"alternativeText","size":6}],[{"name":"caption","size":6},{"name":"width","size":4}],[{"name":"height","size":4}],[{"name":"formats","size":12}],[{"name":"hash","size":6},{"name":"ext","size":6}],[{"name":"mime","size":6},{"name":"size","size":4}],[{"name":"url","size":6},{"name":"previewUrl","size":6}],[{"name":"provider","size":6}],[{"name":"provider_metadata","size":12}],[{"name":"folder","size":6},{"name":"folderPath","size":6}]]},"uid":"plugin::upload.file"}	object	\N	\N
5	plugin_content_manager_configuration_content_types::plugin::review-workflows.workflow-stage	{"settings":{"bulkable":true,"filterable":true,"searchable":true,"pageSize":10,"mainField":"name","defaultSortBy":"name","defaultSortOrder":"ASC"},"metadatas":{"id":{"edit":{},"list":{"label":"id","searchable":true,"sortable":true}},"name":{"edit":{"label":"name","description":"","placeholder":"","visible":true,"editable":true},"list":{"label":"name","searchable":true,"sortable":true}},"color":{"edit":{"label":"color","description":"","placeholder":"","visible":true,"editable":true},"list":{"label":"color","searchable":true,"sortable":true}},"workflow":{"edit":{"label":"workflow","description":"","placeholder":"","visible":true,"editable":true,"mainField":"name"},"list":{"label":"workflow","searchable":true,"sortable":true}},"permissions":{"edit":{"label":"permissions","description":"","placeholder":"","visible":true,"editable":true,"mainField":"action"},"list":{"label":"permissions","searchable":false,"sortable":false}},"createdAt":{"edit":{"label":"createdAt","description":"","placeholder":"","visible":false,"editable":true},"list":{"label":"createdAt","searchable":true,"sortable":true}},"updatedAt":{"edit":{"label":"updatedAt","description":"","placeholder":"","visible":false,"editable":true},"list":{"label":"updatedAt","searchable":true,"sortable":true}},"createdBy":{"edit":{"label":"createdBy","description":"","placeholder":"","visible":false,"editable":true,"mainField":"firstname"},"list":{"label":"createdBy","searchable":true,"sortable":true}},"updatedBy":{"edit":{"label":"updatedBy","description":"","placeholder":"","visible":false,"editable":true,"mainField":"firstname"},"list":{"label":"updatedBy","searchable":true,"sortable":true}}},"layouts":{"list":["id","name","color","workflow"],"edit":[[{"name":"name","size":6},{"name":"color","size":6}],[{"name":"workflow","size":6},{"name":"permissions","size":6}]]},"uid":"plugin::review-workflows.workflow-stage"}	object	\N	\N
6	plugin_content_manager_configuration_content_types::plugin::upload.folder	{"settings":{"bulkable":true,"filterable":true,"searchable":true,"pageSize":10,"mainField":"name","defaultSortBy":"name","defaultSortOrder":"ASC"},"metadatas":{"id":{"edit":{},"list":{"label":"id","searchable":true,"sortable":true}},"name":{"edit":{"label":"name","description":"","placeholder":"","visible":true,"editable":true},"list":{"label":"name","searchable":true,"sortable":true}},"pathId":{"edit":{"label":"pathId","description":"","placeholder":"","visible":true,"editable":true},"list":{"label":"pathId","searchable":true,"sortable":true}},"parent":{"edit":{"label":"parent","description":"","placeholder":"","visible":true,"editable":true,"mainField":"name"},"list":{"label":"parent","searchable":true,"sortable":true}},"children":{"edit":{"label":"children","description":"","placeholder":"","visible":true,"editable":true,"mainField":"name"},"list":{"label":"children","searchable":false,"sortable":false}},"files":{"edit":{"label":"files","description":"","placeholder":"","visible":true,"editable":true,"mainField":"name"},"list":{"label":"files","searchable":false,"sortable":false}},"path":{"edit":{"label":"path","description":"","placeholder":"","visible":true,"editable":true},"list":{"label":"path","searchable":true,"sortable":true}},"createdAt":{"edit":{"label":"createdAt","description":"","placeholder":"","visible":false,"editable":true},"list":{"label":"createdAt","searchable":true,"sortable":true}},"updatedAt":{"edit":{"label":"updatedAt","description":"","placeholder":"","visible":false,"editable":true},"list":{"label":"updatedAt","searchable":true,"sortable":true}},"createdBy":{"edit":{"label":"createdBy","description":"","placeholder":"","visible":false,"editable":true,"mainField":"firstname"},"list":{"label":"createdBy","searchable":true,"sortable":true}},"updatedBy":{"edit":{"label":"updatedBy","description":"","placeholder":"","visible":false,"editable":true,"mainField":"firstname"},"list":{"label":"updatedBy","searchable":true,"sortable":true}}},"layouts":{"list":["id","name","pathId","parent"],"edit":[[{"name":"name","size":6},{"name":"pathId","size":4}],[{"name":"parent","size":6},{"name":"children","size":6}],[{"name":"files","size":6},{"name":"path","size":6}]]},"uid":"plugin::upload.folder"}	object	\N	\N
10	plugin_content_manager_configuration_content_types::plugin::users-permissions.role	{"settings":{"bulkable":true,"filterable":true,"searchable":true,"pageSize":10,"mainField":"name","defaultSortBy":"name","defaultSortOrder":"ASC"},"metadatas":{"id":{"edit":{},"list":{"label":"id","searchable":true,"sortable":true}},"name":{"edit":{"label":"name","description":"","placeholder":"","visible":true,"editable":true},"list":{"label":"name","searchable":true,"sortable":true}},"description":{"edit":{"label":"description","description":"","placeholder":"","visible":true,"editable":true},"list":{"label":"description","searchable":true,"sortable":true}},"type":{"edit":{"label":"type","description":"","placeholder":"","visible":true,"editable":true},"list":{"label":"type","searchable":true,"sortable":true}},"permissions":{"edit":{"label":"permissions","description":"","placeholder":"","visible":true,"editable":true,"mainField":"action"},"list":{"label":"permissions","searchable":false,"sortable":false}},"users":{"edit":{"label":"users","description":"","placeholder":"","visible":true,"editable":true,"mainField":"username"},"list":{"label":"users","searchable":false,"sortable":false}},"createdAt":{"edit":{"label":"createdAt","description":"","placeholder":"","visible":false,"editable":true},"list":{"label":"createdAt","searchable":true,"sortable":true}},"updatedAt":{"edit":{"label":"updatedAt","description":"","placeholder":"","visible":false,"editable":true},"list":{"label":"updatedAt","searchable":true,"sortable":true}},"createdBy":{"edit":{"label":"createdBy","description":"","placeholder":"","visible":false,"editable":true,"mainField":"firstname"},"list":{"label":"createdBy","searchable":true,"sortable":true}},"updatedBy":{"edit":{"label":"updatedBy","description":"","placeholder":"","visible":false,"editable":true,"mainField":"firstname"},"list":{"label":"updatedBy","searchable":true,"sortable":true}}},"layouts":{"list":["id","name","description","type"],"edit":[[{"name":"name","size":6},{"name":"description","size":6}],[{"name":"type","size":6},{"name":"permissions","size":6}],[{"name":"users","size":6}]]},"uid":"plugin::users-permissions.role"}	object	\N	\N
8	plugin_content_manager_configuration_content_types::plugin::review-workflows.workflow	{"settings":{"bulkable":true,"filterable":true,"searchable":true,"pageSize":10,"mainField":"name","defaultSortBy":"name","defaultSortOrder":"ASC"},"metadatas":{"id":{"edit":{},"list":{"label":"id","searchable":true,"sortable":true}},"name":{"edit":{"label":"name","description":"","placeholder":"","visible":true,"editable":true},"list":{"label":"name","searchable":true,"sortable":true}},"stages":{"edit":{"label":"stages","description":"","placeholder":"","visible":true,"editable":true,"mainField":"name"},"list":{"label":"stages","searchable":false,"sortable":false}},"stageRequiredToPublish":{"edit":{"label":"stageRequiredToPublish","description":"","placeholder":"","visible":true,"editable":true,"mainField":"name"},"list":{"label":"stageRequiredToPublish","searchable":true,"sortable":true}},"contentTypes":{"edit":{"label":"contentTypes","description":"","placeholder":"","visible":true,"editable":true},"list":{"label":"contentTypes","searchable":false,"sortable":false}},"createdAt":{"edit":{"label":"createdAt","description":"","placeholder":"","visible":false,"editable":true},"list":{"label":"createdAt","searchable":true,"sortable":true}},"updatedAt":{"edit":{"label":"updatedAt","description":"","placeholder":"","visible":false,"editable":true},"list":{"label":"updatedAt","searchable":true,"sortable":true}},"createdBy":{"edit":{"label":"createdBy","description":"","placeholder":"","visible":false,"editable":true,"mainField":"firstname"},"list":{"label":"createdBy","searchable":true,"sortable":true}},"updatedBy":{"edit":{"label":"updatedBy","description":"","placeholder":"","visible":false,"editable":true,"mainField":"firstname"},"list":{"label":"updatedBy","searchable":true,"sortable":true}}},"layouts":{"list":["id","name","stages","stageRequiredToPublish"],"edit":[[{"name":"name","size":6},{"name":"stages","size":6}],[{"name":"stageRequiredToPublish","size":6}],[{"name":"contentTypes","size":12}]]},"uid":"plugin::review-workflows.workflow"}	object	\N	\N
9	plugin_content_manager_configuration_content_types::plugin::users-permissions.user	{"settings":{"bulkable":true,"filterable":true,"searchable":true,"pageSize":10,"mainField":"username","defaultSortBy":"username","defaultSortOrder":"ASC"},"metadatas":{"id":{"edit":{},"list":{"label":"id","searchable":true,"sortable":true}},"username":{"edit":{"label":"username","description":"","placeholder":"","visible":true,"editable":true},"list":{"label":"username","searchable":true,"sortable":true}},"email":{"edit":{"label":"email","description":"","placeholder":"","visible":true,"editable":true},"list":{"label":"email","searchable":true,"sortable":true}},"provider":{"edit":{"label":"provider","description":"","placeholder":"","visible":false,"editable":true},"list":{"label":"provider","searchable":true,"sortable":true}},"password":{"edit":{"label":"password","description":"","placeholder":"","visible":true,"editable":true},"list":{"label":"password","searchable":true,"sortable":true}},"resetPasswordToken":{"edit":{"label":"resetPasswordToken","description":"","placeholder":"","visible":false,"editable":true},"list":{"label":"resetPasswordToken","searchable":true,"sortable":true}},"confirmationToken":{"edit":{"label":"confirmationToken","description":"","placeholder":"","visible":false,"editable":true},"list":{"label":"confirmationToken","searchable":true,"sortable":true}},"confirmed":{"edit":{"label":"confirmed","description":"","placeholder":"","visible":true,"editable":true},"list":{"label":"confirmed","searchable":true,"sortable":true}},"blocked":{"edit":{"label":"blocked","description":"","placeholder":"","visible":true,"editable":true},"list":{"label":"blocked","searchable":true,"sortable":true}},"role":{"edit":{"label":"role","description":"","placeholder":"","visible":true,"editable":true,"mainField":"name"},"list":{"label":"role","searchable":true,"sortable":true}},"createdAt":{"edit":{"label":"createdAt","description":"","placeholder":"","visible":false,"editable":true},"list":{"label":"createdAt","searchable":true,"sortable":true}},"updatedAt":{"edit":{"label":"updatedAt","description":"","placeholder":"","visible":false,"editable":true},"list":{"label":"updatedAt","searchable":true,"sortable":true}},"createdBy":{"edit":{"label":"createdBy","description":"","placeholder":"","visible":false,"editable":true,"mainField":"firstname"},"list":{"label":"createdBy","searchable":true,"sortable":true}},"updatedBy":{"edit":{"label":"updatedBy","description":"","placeholder":"","visible":false,"editable":true,"mainField":"firstname"},"list":{"label":"updatedBy","searchable":true,"sortable":true}}},"layouts":{"list":["id","username","email","confirmed"],"edit":[[{"name":"username","size":6},{"name":"email","size":6}],[{"name":"password","size":6},{"name":"confirmed","size":4}],[{"name":"blocked","size":4},{"name":"role","size":6}]]},"uid":"plugin::users-permissions.user"}	object	\N	\N
1	strapi_content_types_schema	{"plugin::upload.file":{"collectionName":"files","info":{"singularName":"file","pluralName":"files","displayName":"File","description":""},"options":{"draftAndPublish":false},"pluginOptions":{"content-manager":{"visible":false},"content-type-builder":{"visible":false}},"attributes":{"name":{"type":"string","configurable":false,"required":true},"alternativeText":{"type":"string","configurable":false},"caption":{"type":"string","configurable":false},"width":{"type":"integer","configurable":false},"height":{"type":"integer","configurable":false},"formats":{"type":"json","configurable":false},"hash":{"type":"string","configurable":false,"required":true},"ext":{"type":"string","configurable":false},"mime":{"type":"string","configurable":false,"required":true},"size":{"type":"decimal","configurable":false,"required":true},"url":{"type":"string","configurable":false,"required":true},"previewUrl":{"type":"string","configurable":false},"provider":{"type":"string","configurable":false,"required":true},"provider_metadata":{"type":"json","configurable":false},"related":{"type":"relation","relation":"morphToMany","configurable":false},"folder":{"type":"relation","relation":"manyToOne","target":"plugin::upload.folder","inversedBy":"files","private":true},"folderPath":{"type":"string","minLength":1,"required":true,"private":true,"searchable":false},"createdAt":{"type":"datetime"},"updatedAt":{"type":"datetime"},"publishedAt":{"type":"datetime","configurable":false,"writable":true,"visible":false},"createdBy":{"type":"relation","relation":"oneToOne","target":"admin::user","configurable":false,"writable":false,"visible":false,"useJoinTable":false,"private":true},"updatedBy":{"type":"relation","relation":"oneToOne","target":"admin::user","configurable":false,"writable":false,"visible":false,"useJoinTable":false,"private":true},"locale":{"writable":true,"private":true,"configurable":false,"visible":false,"type":"string"},"localizations":{"type":"relation","relation":"oneToMany","target":"plugin::upload.file","writable":false,"private":true,"configurable":false,"visible":false,"unstable_virtual":true,"joinColumn":{"name":"document_id","referencedColumn":"document_id","referencedTable":"files"}}},"indexes":[{"name":"upload_files_folder_path_index","columns":["folder_path"],"type":null},{"name":"upload_files_created_at_index","columns":["created_at"],"type":null},{"name":"upload_files_updated_at_index","columns":["updated_at"],"type":null},{"name":"upload_files_name_index","columns":["name"],"type":null},{"name":"upload_files_size_index","columns":["size"],"type":null},{"name":"upload_files_ext_index","columns":["ext"],"type":null}],"plugin":"upload","globalId":"UploadFile","uid":"plugin::upload.file","modelType":"contentType","kind":"collectionType","__schema__":{"collectionName":"files","info":{"singularName":"file","pluralName":"files","displayName":"File","description":""},"options":{},"pluginOptions":{"content-manager":{"visible":false},"content-type-builder":{"visible":false}},"attributes":{"name":{"type":"string","configurable":false,"required":true},"alternativeText":{"type":"string","configurable":false},"caption":{"type":"string","configurable":false},"width":{"type":"integer","configurable":false},"height":{"type":"integer","configurable":false},"formats":{"type":"json","configurable":false},"hash":{"type":"string","configurable":false,"required":true},"ext":{"type":"string","configurable":false},"mime":{"type":"string","configurable":false,"required":true},"size":{"type":"decimal","configurable":false,"required":true},"url":{"type":"string","configurable":false,"required":true},"previewUrl":{"type":"string","configurable":false},"provider":{"type":"string","configurable":false,"required":true},"provider_metadata":{"type":"json","configurable":false},"related":{"type":"relation","relation":"morphToMany","configurable":false},"folder":{"type":"relation","relation":"manyToOne","target":"plugin::upload.folder","inversedBy":"files","private":true},"folderPath":{"type":"string","minLength":1,"required":true,"private":true,"searchable":false}},"kind":"collectionType"},"modelName":"file"},"plugin::upload.folder":{"collectionName":"upload_folders","info":{"singularName":"folder","pluralName":"folders","displayName":"Folder"},"options":{"draftAndPublish":false},"pluginOptions":{"content-manager":{"visible":false},"content-type-builder":{"visible":false}},"attributes":{"name":{"type":"string","minLength":1,"required":true},"pathId":{"type":"integer","unique":true,"required":true},"parent":{"type":"relation","relation":"manyToOne","target":"plugin::upload.folder","inversedBy":"children"},"children":{"type":"relation","relation":"oneToMany","target":"plugin::upload.folder","mappedBy":"parent"},"files":{"type":"relation","relation":"oneToMany","target":"plugin::upload.file","mappedBy":"folder"},"path":{"type":"string","minLength":1,"required":true},"createdAt":{"type":"datetime"},"updatedAt":{"type":"datetime"},"publishedAt":{"type":"datetime","configurable":false,"writable":true,"visible":false},"createdBy":{"type":"relation","relation":"oneToOne","target":"admin::user","configurable":false,"writable":false,"visible":false,"useJoinTable":false,"private":true},"updatedBy":{"type":"relation","relation":"oneToOne","target":"admin::user","configurable":false,"writable":false,"visible":false,"useJoinTable":false,"private":true},"locale":{"writable":true,"private":true,"configurable":false,"visible":false,"type":"string"},"localizations":{"type":"relation","relation":"oneToMany","target":"plugin::upload.folder","writable":false,"private":true,"configurable":false,"visible":false,"unstable_virtual":true,"joinColumn":{"name":"document_id","referencedColumn":"document_id","referencedTable":"upload_folders"}}},"indexes":[{"name":"upload_folders_path_id_index","columns":["path_id"],"type":"unique"},{"name":"upload_folders_path_index","columns":["path"],"type":"unique"}],"plugin":"upload","globalId":"UploadFolder","uid":"plugin::upload.folder","modelType":"contentType","kind":"collectionType","__schema__":{"collectionName":"upload_folders","info":{"singularName":"folder","pluralName":"folders","displayName":"Folder"},"options":{},"pluginOptions":{"content-manager":{"visible":false},"content-type-builder":{"visible":false}},"attributes":{"name":{"type":"string","minLength":1,"required":true},"pathId":{"type":"integer","unique":true,"required":true},"parent":{"type":"relation","relation":"manyToOne","target":"plugin::upload.folder","inversedBy":"children"},"children":{"type":"relation","relation":"oneToMany","target":"plugin::upload.folder","mappedBy":"parent"},"files":{"type":"relation","relation":"oneToMany","target":"plugin::upload.file","mappedBy":"folder"},"path":{"type":"string","minLength":1,"required":true}},"kind":"collectionType"},"modelName":"folder"},"plugin::i18n.locale":{"info":{"singularName":"locale","pluralName":"locales","collectionName":"locales","displayName":"Locale","description":""},"options":{"draftAndPublish":false},"pluginOptions":{"content-manager":{"visible":false},"content-type-builder":{"visible":false}},"attributes":{"name":{"type":"string","min":1,"max":50,"configurable":false},"code":{"type":"string","unique":true,"configurable":false},"createdAt":{"type":"datetime"},"updatedAt":{"type":"datetime"},"publishedAt":{"type":"datetime","configurable":false,"writable":true,"visible":false},"createdBy":{"type":"relation","relation":"oneToOne","target":"admin::user","configurable":false,"writable":false,"visible":false,"useJoinTable":false,"private":true},"updatedBy":{"type":"relation","relation":"oneToOne","target":"admin::user","configurable":false,"writable":false,"visible":false,"useJoinTable":false,"private":true},"locale":{"writable":true,"private":true,"configurable":false,"visible":false,"type":"string"},"localizations":{"type":"relation","relation":"oneToMany","target":"plugin::i18n.locale","writable":false,"private":true,"configurable":false,"visible":false,"unstable_virtual":true,"joinColumn":{"name":"document_id","referencedColumn":"document_id","referencedTable":"i18n_locale"}}},"plugin":"i18n","collectionName":"i18n_locale","globalId":"I18NLocale","uid":"plugin::i18n.locale","modelType":"contentType","kind":"collectionType","__schema__":{"collectionName":"i18n_locale","info":{"singularName":"locale","pluralName":"locales","collectionName":"locales","displayName":"Locale","description":""},"options":{},"pluginOptions":{"content-manager":{"visible":false},"content-type-builder":{"visible":false}},"attributes":{"name":{"type":"string","min":1,"max":50,"configurable":false},"code":{"type":"string","unique":true,"configurable":false}},"kind":"collectionType"},"modelName":"locale"},"plugin::content-releases.release":{"collectionName":"strapi_releases","info":{"singularName":"release","pluralName":"releases","displayName":"Release"},"options":{"draftAndPublish":false},"pluginOptions":{"content-manager":{"visible":false},"content-type-builder":{"visible":false}},"attributes":{"name":{"type":"string","required":true},"releasedAt":{"type":"datetime"},"scheduledAt":{"type":"datetime"},"timezone":{"type":"string"},"status":{"type":"enumeration","enum":["ready","blocked","failed","done","empty"],"required":true},"actions":{"type":"relation","relation":"oneToMany","target":"plugin::content-releases.release-action","mappedBy":"release"},"createdAt":{"type":"datetime"},"updatedAt":{"type":"datetime"},"publishedAt":{"type":"datetime","configurable":false,"writable":true,"visible":false},"createdBy":{"type":"relation","relation":"oneToOne","target":"admin::user","configurable":false,"writable":false,"visible":false,"useJoinTable":false,"private":true},"updatedBy":{"type":"relation","relation":"oneToOne","target":"admin::user","configurable":false,"writable":false,"visible":false,"useJoinTable":false,"private":true},"locale":{"writable":true,"private":true,"configurable":false,"visible":false,"type":"string"},"localizations":{"type":"relation","relation":"oneToMany","target":"plugin::content-releases.release","writable":false,"private":true,"configurable":false,"visible":false,"unstable_virtual":true,"joinColumn":{"name":"document_id","referencedColumn":"document_id","referencedTable":"strapi_releases"}}},"plugin":"content-releases","globalId":"ContentReleasesRelease","uid":"plugin::content-releases.release","modelType":"contentType","kind":"collectionType","__schema__":{"collectionName":"strapi_releases","info":{"singularName":"release","pluralName":"releases","displayName":"Release"},"options":{"draftAndPublish":false},"pluginOptions":{"content-manager":{"visible":false},"content-type-builder":{"visible":false}},"attributes":{"name":{"type":"string","required":true},"releasedAt":{"type":"datetime"},"scheduledAt":{"type":"datetime"},"timezone":{"type":"string"},"status":{"type":"enumeration","enum":["ready","blocked","failed","done","empty"],"required":true},"actions":{"type":"relation","relation":"oneToMany","target":"plugin::content-releases.release-action","mappedBy":"release"}},"kind":"collectionType"},"modelName":"release"},"plugin::content-releases.release-action":{"collectionName":"strapi_release_actions","info":{"singularName":"release-action","pluralName":"release-actions","displayName":"Release Action"},"options":{"draftAndPublish":false},"pluginOptions":{"content-manager":{"visible":false},"content-type-builder":{"visible":false}},"attributes":{"type":{"type":"enumeration","enum":["publish","unpublish"],"required":true},"contentType":{"type":"string","required":true},"entryDocumentId":{"type":"string"},"locale":{"writable":true,"private":true,"configurable":false,"visible":false,"type":"string"},"release":{"type":"relation","relation":"manyToOne","target":"plugin::content-releases.release","inversedBy":"actions"},"isEntryValid":{"type":"boolean"},"createdAt":{"type":"datetime"},"updatedAt":{"type":"datetime"},"publishedAt":{"type":"datetime","configurable":false,"writable":true,"visible":false},"createdBy":{"type":"relation","relation":"oneToOne","target":"admin::user","configurable":false,"writable":false,"visible":false,"useJoinTable":false,"private":true},"updatedBy":{"type":"relation","relation":"oneToOne","target":"admin::user","configurable":false,"writable":false,"visible":false,"useJoinTable":false,"private":true},"localizations":{"type":"relation","relation":"oneToMany","target":"plugin::content-releases.release-action","writable":false,"private":true,"configurable":false,"visible":false,"unstable_virtual":true,"joinColumn":{"name":"document_id","referencedColumn":"document_id","referencedTable":"strapi_release_actions"}}},"plugin":"content-releases","globalId":"ContentReleasesReleaseAction","uid":"plugin::content-releases.release-action","modelType":"contentType","kind":"collectionType","__schema__":{"collectionName":"strapi_release_actions","info":{"singularName":"release-action","pluralName":"release-actions","displayName":"Release Action"},"options":{"draftAndPublish":false},"pluginOptions":{"content-manager":{"visible":false},"content-type-builder":{"visible":false}},"attributes":{"type":{"type":"enumeration","enum":["publish","unpublish"],"required":true},"contentType":{"type":"string","required":true},"entryDocumentId":{"type":"string"},"locale":{"type":"string"},"release":{"type":"relation","relation":"manyToOne","target":"plugin::content-releases.release","inversedBy":"actions"},"isEntryValid":{"type":"boolean"}},"kind":"collectionType"},"modelName":"release-action"},"plugin::review-workflows.workflow":{"collectionName":"strapi_workflows","info":{"name":"Workflow","description":"","singularName":"workflow","pluralName":"workflows","displayName":"Workflow"},"options":{"draftAndPublish":false},"pluginOptions":{"content-manager":{"visible":false},"content-type-builder":{"visible":false}},"attributes":{"name":{"type":"string","required":true,"unique":true},"stages":{"type":"relation","target":"plugin::review-workflows.workflow-stage","relation":"oneToMany","mappedBy":"workflow"},"stageRequiredToPublish":{"type":"relation","target":"plugin::review-workflows.workflow-stage","relation":"oneToOne","required":false},"contentTypes":{"type":"json","required":true,"default":"[]"},"createdAt":{"type":"datetime"},"updatedAt":{"type":"datetime"},"publishedAt":{"type":"datetime","configurable":false,"writable":true,"visible":false},"createdBy":{"type":"relation","relation":"oneToOne","target":"admin::user","configurable":false,"writable":false,"visible":false,"useJoinTable":false,"private":true},"updatedBy":{"type":"relation","relation":"oneToOne","target":"admin::user","configurable":false,"writable":false,"visible":false,"useJoinTable":false,"private":true},"locale":{"writable":true,"private":true,"configurable":false,"visible":false,"type":"string"},"localizations":{"type":"relation","relation":"oneToMany","target":"plugin::review-workflows.workflow","writable":false,"private":true,"configurable":false,"visible":false,"unstable_virtual":true,"joinColumn":{"name":"document_id","referencedColumn":"document_id","referencedTable":"strapi_workflows"}}},"plugin":"review-workflows","globalId":"ReviewWorkflowsWorkflow","uid":"plugin::review-workflows.workflow","modelType":"contentType","kind":"collectionType","__schema__":{"collectionName":"strapi_workflows","info":{"name":"Workflow","description":"","singularName":"workflow","pluralName":"workflows","displayName":"Workflow"},"options":{},"pluginOptions":{"content-manager":{"visible":false},"content-type-builder":{"visible":false}},"attributes":{"name":{"type":"string","required":true,"unique":true},"stages":{"type":"relation","target":"plugin::review-workflows.workflow-stage","relation":"oneToMany","mappedBy":"workflow"},"stageRequiredToPublish":{"type":"relation","target":"plugin::review-workflows.workflow-stage","relation":"oneToOne","required":false},"contentTypes":{"type":"json","required":true,"default":"[]"}},"kind":"collectionType"},"modelName":"workflow"},"plugin::review-workflows.workflow-stage":{"collectionName":"strapi_workflows_stages","info":{"name":"Workflow Stage","description":"","singularName":"workflow-stage","pluralName":"workflow-stages","displayName":"Stages"},"options":{"version":"1.1.0","draftAndPublish":false},"pluginOptions":{"content-manager":{"visible":false},"content-type-builder":{"visible":false}},"attributes":{"name":{"type":"string","configurable":false},"color":{"type":"string","configurable":false,"default":"#4945FF"},"workflow":{"type":"relation","target":"plugin::review-workflows.workflow","relation":"manyToOne","inversedBy":"stages","configurable":false},"permissions":{"type":"relation","target":"admin::permission","relation":"manyToMany","configurable":false},"createdAt":{"type":"datetime"},"updatedAt":{"type":"datetime"},"publishedAt":{"type":"datetime","configurable":false,"writable":true,"visible":false},"createdBy":{"type":"relation","relation":"oneToOne","target":"admin::user","configurable":false,"writable":false,"visible":false,"useJoinTable":false,"private":true},"updatedBy":{"type":"relation","relation":"oneToOne","target":"admin::user","configurable":false,"writable":false,"visible":false,"useJoinTable":false,"private":true},"locale":{"writable":true,"private":true,"configurable":false,"visible":false,"type":"string"},"localizations":{"type":"relation","relation":"oneToMany","target":"plugin::review-workflows.workflow-stage","writable":false,"private":true,"configurable":false,"visible":false,"unstable_virtual":true,"joinColumn":{"name":"document_id","referencedColumn":"document_id","referencedTable":"strapi_workflows_stages"}}},"plugin":"review-workflows","globalId":"ReviewWorkflowsWorkflowStage","uid":"plugin::review-workflows.workflow-stage","modelType":"contentType","kind":"collectionType","__schema__":{"collectionName":"strapi_workflows_stages","info":{"name":"Workflow Stage","description":"","singularName":"workflow-stage","pluralName":"workflow-stages","displayName":"Stages"},"options":{"version":"1.1.0"},"pluginOptions":{"content-manager":{"visible":false},"content-type-builder":{"visible":false}},"attributes":{"name":{"type":"string","configurable":false},"color":{"type":"string","configurable":false,"default":"#4945FF"},"workflow":{"type":"relation","target":"plugin::review-workflows.workflow","relation":"manyToOne","inversedBy":"stages","configurable":false},"permissions":{"type":"relation","target":"admin::permission","relation":"manyToMany","configurable":false}},"kind":"collectionType"},"modelName":"workflow-stage"},"plugin::users-permissions.permission":{"collectionName":"up_permissions","info":{"name":"permission","description":"","singularName":"permission","pluralName":"permissions","displayName":"Permission"},"pluginOptions":{"content-manager":{"visible":false},"content-type-builder":{"visible":false}},"attributes":{"action":{"type":"string","required":true,"configurable":false},"role":{"type":"relation","relation":"manyToOne","target":"plugin::users-permissions.role","inversedBy":"permissions","configurable":false},"createdAt":{"type":"datetime"},"updatedAt":{"type":"datetime"},"publishedAt":{"type":"datetime","configurable":false,"writable":true,"visible":false},"createdBy":{"type":"relation","relation":"oneToOne","target":"admin::user","configurable":false,"writable":false,"visible":false,"useJoinTable":false,"private":true},"updatedBy":{"type":"relation","relation":"oneToOne","target":"admin::user","configurable":false,"writable":false,"visible":false,"useJoinTable":false,"private":true},"locale":{"writable":true,"private":true,"configurable":false,"visible":false,"type":"string"},"localizations":{"type":"relation","relation":"oneToMany","target":"plugin::users-permissions.permission","writable":false,"private":true,"configurable":false,"visible":false,"unstable_virtual":true,"joinColumn":{"name":"document_id","referencedColumn":"document_id","referencedTable":"up_permissions"}}},"plugin":"users-permissions","globalId":"UsersPermissionsPermission","uid":"plugin::users-permissions.permission","modelType":"contentType","kind":"collectionType","__schema__":{"collectionName":"up_permissions","info":{"name":"permission","description":"","singularName":"permission","pluralName":"permissions","displayName":"Permission"},"pluginOptions":{"content-manager":{"visible":false},"content-type-builder":{"visible":false}},"attributes":{"action":{"type":"string","required":true,"configurable":false},"role":{"type":"relation","relation":"manyToOne","target":"plugin::users-permissions.role","inversedBy":"permissions","configurable":false}},"kind":"collectionType"},"modelName":"permission","options":{"draftAndPublish":false}},"plugin::users-permissions.role":{"collectionName":"up_roles","info":{"name":"role","description":"","singularName":"role","pluralName":"roles","displayName":"Role"},"pluginOptions":{"content-manager":{"visible":false},"content-type-builder":{"visible":false}},"attributes":{"name":{"type":"string","minLength":3,"required":true,"configurable":false},"description":{"type":"string","configurable":false},"type":{"type":"string","unique":true,"configurable":false},"permissions":{"type":"relation","relation":"oneToMany","target":"plugin::users-permissions.permission","mappedBy":"role","configurable":false},"users":{"type":"relation","relation":"oneToMany","target":"plugin::users-permissions.user","mappedBy":"role","configurable":false},"createdAt":{"type":"datetime"},"updatedAt":{"type":"datetime"},"publishedAt":{"type":"datetime","configurable":false,"writable":true,"visible":false},"createdBy":{"type":"relation","relation":"oneToOne","target":"admin::user","configurable":false,"writable":false,"visible":false,"useJoinTable":false,"private":true},"updatedBy":{"type":"relation","relation":"oneToOne","target":"admin::user","configurable":false,"writable":false,"visible":false,"useJoinTable":false,"private":true},"locale":{"writable":true,"private":true,"configurable":false,"visible":false,"type":"string"},"localizations":{"type":"relation","relation":"oneToMany","target":"plugin::users-permissions.role","writable":false,"private":true,"configurable":false,"visible":false,"unstable_virtual":true,"joinColumn":{"name":"document_id","referencedColumn":"document_id","referencedTable":"up_roles"}}},"plugin":"users-permissions","globalId":"UsersPermissionsRole","uid":"plugin::users-permissions.role","modelType":"contentType","kind":"collectionType","__schema__":{"collectionName":"up_roles","info":{"name":"role","description":"","singularName":"role","pluralName":"roles","displayName":"Role"},"pluginOptions":{"content-manager":{"visible":false},"content-type-builder":{"visible":false}},"attributes":{"name":{"type":"string","minLength":3,"required":true,"configurable":false},"description":{"type":"string","configurable":false},"type":{"type":"string","unique":true,"configurable":false},"permissions":{"type":"relation","relation":"oneToMany","target":"plugin::users-permissions.permission","mappedBy":"role","configurable":false},"users":{"type":"relation","relation":"oneToMany","target":"plugin::users-permissions.user","mappedBy":"role","configurable":false}},"kind":"collectionType"},"modelName":"role","options":{"draftAndPublish":false}},"plugin::users-permissions.user":{"collectionName":"up_users","info":{"name":"user","description":"","singularName":"user","pluralName":"users","displayName":"User"},"options":{"timestamps":true,"draftAndPublish":false},"attributes":{"username":{"type":"string","minLength":3,"unique":true,"configurable":false,"required":true},"email":{"type":"email","minLength":6,"configurable":false,"required":true},"provider":{"type":"string","configurable":false},"password":{"type":"password","minLength":6,"configurable":false,"private":true,"searchable":false},"resetPasswordToken":{"type":"string","configurable":false,"private":true,"searchable":false},"confirmationToken":{"type":"string","configurable":false,"private":true,"searchable":false},"confirmed":{"type":"boolean","default":false,"configurable":false},"blocked":{"type":"boolean","default":false,"configurable":false},"role":{"type":"relation","relation":"manyToOne","target":"plugin::users-permissions.role","inversedBy":"users","configurable":false},"createdAt":{"type":"datetime"},"updatedAt":{"type":"datetime"},"publishedAt":{"type":"datetime","configurable":false,"writable":true,"visible":false},"createdBy":{"type":"relation","relation":"oneToOne","target":"admin::user","configurable":false,"writable":false,"visible":false,"useJoinTable":false,"private":true},"updatedBy":{"type":"relation","relation":"oneToOne","target":"admin::user","configurable":false,"writable":false,"visible":false,"useJoinTable":false,"private":true},"locale":{"writable":true,"private":true,"configurable":false,"visible":false,"type":"string"},"localizations":{"type":"relation","relation":"oneToMany","target":"plugin::users-permissions.user","writable":false,"private":true,"configurable":false,"visible":false,"unstable_virtual":true,"joinColumn":{"name":"document_id","referencedColumn":"document_id","referencedTable":"up_users"}}},"config":{"attributes":{"resetPasswordToken":{"hidden":true},"confirmationToken":{"hidden":true},"provider":{"hidden":true}}},"plugin":"users-permissions","globalId":"UsersPermissionsUser","uid":"plugin::users-permissions.user","modelType":"contentType","kind":"collectionType","__schema__":{"collectionName":"up_users","info":{"name":"user","description":"","singularName":"user","pluralName":"users","displayName":"User"},"options":{"timestamps":true},"attributes":{"username":{"type":"string","minLength":3,"unique":true,"configurable":false,"required":true},"email":{"type":"email","minLength":6,"configurable":false,"required":true},"provider":{"type":"string","configurable":false},"password":{"type":"password","minLength":6,"configurable":false,"private":true,"searchable":false},"resetPasswordToken":{"type":"string","configurable":false,"private":true,"searchable":false},"confirmationToken":{"type":"string","configurable":false,"private":true,"searchable":false},"confirmed":{"type":"boolean","default":false,"configurable":false},"blocked":{"type":"boolean","default":false,"configurable":false},"role":{"type":"relation","relation":"manyToOne","target":"plugin::users-permissions.role","inversedBy":"users","configurable":false}},"kind":"collectionType"},"modelName":"user"},"api::about.about":{"kind":"singleType","collectionName":"abouts","info":{"singularName":"about","pluralName":"abouts","displayName":"About","description":"Write about yourself and the content you create"},"options":{"draftAndPublish":false},"pluginOptions":{},"attributes":{"title":{"type":"string"},"blocks":{"type":"dynamiczone","components":["shared.media","shared.quote","shared.rich-text","shared.slider"]},"createdAt":{"type":"datetime"},"updatedAt":{"type":"datetime"},"publishedAt":{"type":"datetime","configurable":false,"writable":true,"visible":false},"createdBy":{"type":"relation","relation":"oneToOne","target":"admin::user","configurable":false,"writable":false,"visible":false,"useJoinTable":false,"private":true},"updatedBy":{"type":"relation","relation":"oneToOne","target":"admin::user","configurable":false,"writable":false,"visible":false,"useJoinTable":false,"private":true},"locale":{"writable":true,"private":true,"configurable":false,"visible":false,"type":"string"},"localizations":{"type":"relation","relation":"oneToMany","target":"api::about.about","writable":false,"private":true,"configurable":false,"visible":false,"unstable_virtual":true,"joinColumn":{"name":"document_id","referencedColumn":"document_id","referencedTable":"abouts"}}},"apiName":"about","globalId":"About","uid":"api::about.about","modelType":"contentType","__schema__":{"collectionName":"abouts","info":{"singularName":"about","pluralName":"abouts","displayName":"About","description":"Write about yourself and the content you create"},"options":{"draftAndPublish":false},"pluginOptions":{},"attributes":{"title":{"type":"string"},"blocks":{"type":"dynamiczone","components":["shared.media","shared.quote","shared.rich-text","shared.slider"]}},"kind":"singleType"},"modelName":"about","actions":{},"lifecycles":{}},"api::article.article":{"kind":"collectionType","collectionName":"articles","info":{"singularName":"article","pluralName":"articles","displayName":"Article","description":"Create your blog content"},"options":{"draftAndPublish":true},"pluginOptions":{},"attributes":{"title":{"type":"string"},"description":{"type":"text","maxLength":80},"slug":{"type":"uid","targetField":"title"},"cover":{"type":"media","multiple":false,"required":false,"allowedTypes":["images","files","videos"]},"author":{"type":"relation","relation":"manyToOne","target":"api::author.author","inversedBy":"articles"},"category":{"type":"relation","relation":"manyToOne","target":"api::category.category","inversedBy":"articles"},"blocks":{"type":"dynamiczone","components":["shared.media","shared.quote","shared.rich-text","shared.slider"]},"createdAt":{"type":"datetime"},"updatedAt":{"type":"datetime"},"publishedAt":{"type":"datetime","configurable":false,"writable":true,"visible":false},"createdBy":{"type":"relation","relation":"oneToOne","target":"admin::user","configurable":false,"writable":false,"visible":false,"useJoinTable":false,"private":true},"updatedBy":{"type":"relation","relation":"oneToOne","target":"admin::user","configurable":false,"writable":false,"visible":false,"useJoinTable":false,"private":true},"locale":{"writable":true,"private":true,"configurable":false,"visible":false,"type":"string"},"localizations":{"type":"relation","relation":"oneToMany","target":"api::article.article","writable":false,"private":true,"configurable":false,"visible":false,"unstable_virtual":true,"joinColumn":{"name":"document_id","referencedColumn":"document_id","referencedTable":"articles"}}},"apiName":"article","globalId":"Article","uid":"api::article.article","modelType":"contentType","__schema__":{"collectionName":"articles","info":{"singularName":"article","pluralName":"articles","displayName":"Article","description":"Create your blog content"},"options":{"draftAndPublish":true},"pluginOptions":{},"attributes":{"title":{"type":"string"},"description":{"type":"text","maxLength":80},"slug":{"type":"uid","targetField":"title"},"cover":{"type":"media","multiple":false,"required":false,"allowedTypes":["images","files","videos"]},"author":{"type":"relation","relation":"manyToOne","target":"api::author.author","inversedBy":"articles"},"category":{"type":"relation","relation":"manyToOne","target":"api::category.category","inversedBy":"articles"},"blocks":{"type":"dynamiczone","components":["shared.media","shared.quote","shared.rich-text","shared.slider"]}},"kind":"collectionType"},"modelName":"article","actions":{},"lifecycles":{}},"api::author.author":{"kind":"collectionType","collectionName":"authors","info":{"singularName":"author","pluralName":"authors","displayName":"Author","description":"Create authors for your content"},"options":{"draftAndPublish":false},"pluginOptions":{},"attributes":{"name":{"type":"string"},"avatar":{"type":"media","multiple":false,"required":false,"allowedTypes":["images","files","videos"]},"email":{"type":"string"},"articles":{"type":"relation","relation":"oneToMany","target":"api::article.article","mappedBy":"author"},"createdAt":{"type":"datetime"},"updatedAt":{"type":"datetime"},"publishedAt":{"type":"datetime","configurable":false,"writable":true,"visible":false},"createdBy":{"type":"relation","relation":"oneToOne","target":"admin::user","configurable":false,"writable":false,"visible":false,"useJoinTable":false,"private":true},"updatedBy":{"type":"relation","relation":"oneToOne","target":"admin::user","configurable":false,"writable":false,"visible":false,"useJoinTable":false,"private":true},"locale":{"writable":true,"private":true,"configurable":false,"visible":false,"type":"string"},"localizations":{"type":"relation","relation":"oneToMany","target":"api::author.author","writable":false,"private":true,"configurable":false,"visible":false,"unstable_virtual":true,"joinColumn":{"name":"document_id","referencedColumn":"document_id","referencedTable":"authors"}}},"apiName":"author","globalId":"Author","uid":"api::author.author","modelType":"contentType","__schema__":{"collectionName":"authors","info":{"singularName":"author","pluralName":"authors","displayName":"Author","description":"Create authors for your content"},"options":{"draftAndPublish":false},"pluginOptions":{},"attributes":{"name":{"type":"string"},"avatar":{"type":"media","multiple":false,"required":false,"allowedTypes":["images","files","videos"]},"email":{"type":"string"},"articles":{"type":"relation","relation":"oneToMany","target":"api::article.article","mappedBy":"author"}},"kind":"collectionType"},"modelName":"author","actions":{},"lifecycles":{}},"api::category.category":{"kind":"collectionType","collectionName":"categories","info":{"singularName":"category","pluralName":"categories","displayName":"Category","description":"Organize your content into categories"},"options":{"draftAndPublish":false},"pluginOptions":{},"attributes":{"name":{"type":"string"},"slug":{"type":"uid"},"articles":{"type":"relation","relation":"oneToMany","target":"api::article.article","mappedBy":"category"},"description":{"type":"text"},"createdAt":{"type":"datetime"},"updatedAt":{"type":"datetime"},"publishedAt":{"type":"datetime","configurable":false,"writable":true,"visible":false},"createdBy":{"type":"relation","relation":"oneToOne","target":"admin::user","configurable":false,"writable":false,"visible":false,"useJoinTable":false,"private":true},"updatedBy":{"type":"relation","relation":"oneToOne","target":"admin::user","configurable":false,"writable":false,"visible":false,"useJoinTable":false,"private":true},"locale":{"writable":true,"private":true,"configurable":false,"visible":false,"type":"string"},"localizations":{"type":"relation","relation":"oneToMany","target":"api::category.category","writable":false,"private":true,"configurable":false,"visible":false,"unstable_virtual":true,"joinColumn":{"name":"document_id","referencedColumn":"document_id","referencedTable":"categories"}}},"apiName":"category","globalId":"Category","uid":"api::category.category","modelType":"contentType","__schema__":{"collectionName":"categories","info":{"singularName":"category","pluralName":"categories","displayName":"Category","description":"Organize your content into categories"},"options":{"draftAndPublish":false},"pluginOptions":{},"attributes":{"name":{"type":"string"},"slug":{"type":"uid"},"articles":{"type":"relation","relation":"oneToMany","target":"api::article.article","mappedBy":"category"},"description":{"type":"text"}},"kind":"collectionType"},"modelName":"category","actions":{},"lifecycles":{}},"api::global.global":{"kind":"singleType","collectionName":"globals","info":{"singularName":"global","pluralName":"globals","displayName":"Global","description":"Define global settings"},"options":{"draftAndPublish":false},"pluginOptions":{},"attributes":{"siteName":{"type":"string","required":true},"favicon":{"type":"media","multiple":false,"required":false,"allowedTypes":["images","files","videos"]},"siteDescription":{"type":"text","required":true},"defaultSeo":{"type":"component","repeatable":false,"component":"shared.seo"},"createdAt":{"type":"datetime"},"updatedAt":{"type":"datetime"},"publishedAt":{"type":"datetime","configurable":false,"writable":true,"visible":false},"createdBy":{"type":"relation","relation":"oneToOne","target":"admin::user","configurable":false,"writable":false,"visible":false,"useJoinTable":false,"private":true},"updatedBy":{"type":"relation","relation":"oneToOne","target":"admin::user","configurable":false,"writable":false,"visible":false,"useJoinTable":false,"private":true},"locale":{"writable":true,"private":true,"configurable":false,"visible":false,"type":"string"},"localizations":{"type":"relation","relation":"oneToMany","target":"api::global.global","writable":false,"private":true,"configurable":false,"visible":false,"unstable_virtual":true,"joinColumn":{"name":"document_id","referencedColumn":"document_id","referencedTable":"globals"}}},"apiName":"global","globalId":"Global","uid":"api::global.global","modelType":"contentType","__schema__":{"collectionName":"globals","info":{"singularName":"global","pluralName":"globals","displayName":"Global","description":"Define global settings"},"options":{"draftAndPublish":false},"pluginOptions":{},"attributes":{"siteName":{"type":"string","required":true},"favicon":{"type":"media","multiple":false,"required":false,"allowedTypes":["images","files","videos"]},"siteDescription":{"type":"text","required":true},"defaultSeo":{"type":"component","repeatable":false,"component":"shared.seo"}},"kind":"singleType"},"modelName":"global","actions":{},"lifecycles":{}},"api::kitchen-estimator.kitchen-estimator":{"kind":"singleType","collectionName":"kitchen_estimators","info":{"singularName":"kitchen-estimator","pluralName":"kitchen-estimators","displayName":"kitchenEstimator"},"options":{"draftAndPublish":true},"pluginOptions":{},"attributes":{"title":{"type":"string"},"questions":{"type":"dynamiczone","components":["questionnaire.questions"]},"createdAt":{"type":"datetime"},"updatedAt":{"type":"datetime"},"publishedAt":{"type":"datetime","configurable":false,"writable":true,"visible":false},"createdBy":{"type":"relation","relation":"oneToOne","target":"admin::user","configurable":false,"writable":false,"visible":false,"useJoinTable":false,"private":true},"updatedBy":{"type":"relation","relation":"oneToOne","target":"admin::user","configurable":false,"writable":false,"visible":false,"useJoinTable":false,"private":true},"locale":{"writable":true,"private":true,"configurable":false,"visible":false,"type":"string"},"localizations":{"type":"relation","relation":"oneToMany","target":"api::kitchen-estimator.kitchen-estimator","writable":false,"private":true,"configurable":false,"visible":false,"unstable_virtual":true,"joinColumn":{"name":"document_id","referencedColumn":"document_id","referencedTable":"kitchen_estimators"}}},"apiName":"kitchen-estimator","globalId":"KitchenEstimator","uid":"api::kitchen-estimator.kitchen-estimator","modelType":"contentType","__schema__":{"collectionName":"kitchen_estimators","info":{"singularName":"kitchen-estimator","pluralName":"kitchen-estimators","displayName":"kitchenEstimator"},"options":{"draftAndPublish":true},"pluginOptions":{},"attributes":{"title":{"type":"string"},"questions":{"type":"dynamiczone","components":["questionnaire.questions"]}},"kind":"singleType"},"modelName":"kitchen-estimator","actions":{},"lifecycles":{}},"api::page.page":{"kind":"collectionType","collectionName":"pages","info":{"displayName":"Page","singularName":"page","pluralName":"pages","description":"Pages for the site"},"options":{"draftAndPublish":true},"pluginOptions":{"i18n":{"localized":true}},"attributes":{"title":{"type":"string","pluginOptions":{"i18n":{"localized":true}},"required":true},"slug":{"type":"uid","pluginOptions":{"i18n":{"localized":true}},"targetField":"title","required":true},"seo":{"type":"component","pluginOptions":{"i18n":{"localized":true}},"component":"shared.seo","repeatable":false},"publishAt":{"type":"datetime"},"contentSections":{"type":"dynamiczone","pluginOptions":{"i18n":{"localized":true}},"components":["sections.hero-banner","sections.product-slider","sections.testimonials","sections.faq-section","sections.blog-posts-teaser","sections.rich-text-block","sections.promotional-cta","sections.category-highlight","sections.image-carousel","sections.feature-grid","shared.category-card"]},"createdAt":{"type":"datetime"},"updatedAt":{"type":"datetime"},"publishedAt":{"type":"datetime","configurable":false,"writable":true,"visible":false},"createdBy":{"type":"relation","relation":"oneToOne","target":"admin::user","configurable":false,"writable":false,"visible":false,"useJoinTable":false,"private":true},"updatedBy":{"type":"relation","relation":"oneToOne","target":"admin::user","configurable":false,"writable":false,"visible":false,"useJoinTable":false,"private":true},"locale":{"writable":true,"private":false,"configurable":false,"visible":false,"type":"string"},"localizations":{"type":"relation","relation":"oneToMany","target":"api::page.page","writable":false,"private":false,"configurable":false,"visible":false,"unstable_virtual":true,"joinColumn":{"name":"document_id","referencedColumn":"document_id","referencedTable":"pages"}}},"apiName":"page","globalId":"Page","uid":"api::page.page","modelType":"contentType","__schema__":{"collectionName":"pages","info":{"displayName":"Page","singularName":"page","pluralName":"pages","description":"Pages for the site"},"options":{"draftAndPublish":true},"pluginOptions":{"i18n":{"localized":true}},"attributes":{"title":{"type":"string","pluginOptions":{"i18n":{"localized":true}},"required":true},"slug":{"type":"uid","pluginOptions":{"i18n":{"localized":true}},"targetField":"title","required":true},"seo":{"type":"component","pluginOptions":{"i18n":{"localized":true}},"component":"shared.seo","repeatable":false},"publishAt":{"type":"datetime"},"contentSections":{"type":"dynamiczone","pluginOptions":{"i18n":{"localized":true}},"components":["sections.hero-banner","sections.product-slider","sections.testimonials","sections.faq-section","sections.blog-posts-teaser","sections.rich-text-block","sections.promotional-cta","sections.category-highlight","sections.image-carousel","sections.feature-grid","shared.category-card"]}},"kind":"collectionType"},"modelName":"page","actions":{},"lifecycles":{}},"admin::permission":{"collectionName":"admin_permissions","info":{"name":"Permission","description":"","singularName":"permission","pluralName":"permissions","displayName":"Permission"},"options":{"draftAndPublish":false},"pluginOptions":{"content-manager":{"visible":false},"content-type-builder":{"visible":false}},"attributes":{"action":{"type":"string","minLength":1,"configurable":false,"required":true},"actionParameters":{"type":"json","configurable":false,"required":false,"default":{}},"subject":{"type":"string","minLength":1,"configurable":false,"required":false},"properties":{"type":"json","configurable":false,"required":false,"default":{}},"conditions":{"type":"json","configurable":false,"required":false,"default":[]},"role":{"configurable":false,"type":"relation","relation":"manyToOne","inversedBy":"permissions","target":"admin::role"},"createdAt":{"type":"datetime"},"updatedAt":{"type":"datetime"},"publishedAt":{"type":"datetime","configurable":false,"writable":true,"visible":false},"createdBy":{"type":"relation","relation":"oneToOne","target":"admin::user","configurable":false,"writable":false,"visible":false,"useJoinTable":false,"private":true},"updatedBy":{"type":"relation","relation":"oneToOne","target":"admin::user","configurable":false,"writable":false,"visible":false,"useJoinTable":false,"private":true},"locale":{"writable":true,"private":true,"configurable":false,"visible":false,"type":"string"},"localizations":{"type":"relation","relation":"oneToMany","target":"admin::permission","writable":false,"private":true,"configurable":false,"visible":false,"unstable_virtual":true,"joinColumn":{"name":"document_id","referencedColumn":"document_id","referencedTable":"admin_permissions"}}},"plugin":"admin","globalId":"AdminPermission","uid":"admin::permission","modelType":"contentType","kind":"collectionType","__schema__":{"collectionName":"admin_permissions","info":{"name":"Permission","description":"","singularName":"permission","pluralName":"permissions","displayName":"Permission"},"options":{},"pluginOptions":{"content-manager":{"visible":false},"content-type-builder":{"visible":false}},"attributes":{"action":{"type":"string","minLength":1,"configurable":false,"required":true},"actionParameters":{"type":"json","configurable":false,"required":false,"default":{}},"subject":{"type":"string","minLength":1,"configurable":false,"required":false},"properties":{"type":"json","configurable":false,"required":false,"default":{}},"conditions":{"type":"json","configurable":false,"required":false,"default":[]},"role":{"configurable":false,"type":"relation","relation":"manyToOne","inversedBy":"permissions","target":"admin::role"}},"kind":"collectionType"},"modelName":"permission"},"admin::user":{"collectionName":"admin_users","info":{"name":"User","description":"","singularName":"user","pluralName":"users","displayName":"User"},"pluginOptions":{"content-manager":{"visible":false},"content-type-builder":{"visible":false}},"attributes":{"firstname":{"type":"string","unique":false,"minLength":1,"configurable":false,"required":false},"lastname":{"type":"string","unique":false,"minLength":1,"configurable":false,"required":false},"username":{"type":"string","unique":false,"configurable":false,"required":false},"email":{"type":"email","minLength":6,"configurable":false,"required":true,"unique":true,"private":true},"password":{"type":"password","minLength":6,"configurable":false,"required":false,"private":true,"searchable":false},"resetPasswordToken":{"type":"string","configurable":false,"private":true,"searchable":false},"registrationToken":{"type":"string","configurable":false,"private":true,"searchable":false},"isActive":{"type":"boolean","default":false,"configurable":false,"private":true},"roles":{"configurable":false,"private":true,"type":"relation","relation":"manyToMany","inversedBy":"users","target":"admin::role","collectionName":"strapi_users_roles"},"blocked":{"type":"boolean","default":false,"configurable":false,"private":true},"preferedLanguage":{"type":"string","configurable":false,"required":false,"searchable":false},"createdAt":{"type":"datetime"},"updatedAt":{"type":"datetime"},"publishedAt":{"type":"datetime","configurable":false,"writable":true,"visible":false},"createdBy":{"type":"relation","relation":"oneToOne","target":"admin::user","configurable":false,"writable":false,"visible":false,"useJoinTable":false,"private":true},"updatedBy":{"type":"relation","relation":"oneToOne","target":"admin::user","configurable":false,"writable":false,"visible":false,"useJoinTable":false,"private":true},"locale":{"writable":true,"private":true,"configurable":false,"visible":false,"type":"string"},"localizations":{"type":"relation","relation":"oneToMany","target":"admin::user","writable":false,"private":true,"configurable":false,"visible":false,"unstable_virtual":true,"joinColumn":{"name":"document_id","referencedColumn":"document_id","referencedTable":"admin_users"}}},"config":{"attributes":{"resetPasswordToken":{"hidden":true},"registrationToken":{"hidden":true}}},"plugin":"admin","globalId":"AdminUser","uid":"admin::user","modelType":"contentType","kind":"collectionType","__schema__":{"collectionName":"admin_users","info":{"name":"User","description":"","singularName":"user","pluralName":"users","displayName":"User"},"pluginOptions":{"content-manager":{"visible":false},"content-type-builder":{"visible":false}},"attributes":{"firstname":{"type":"string","unique":false,"minLength":1,"configurable":false,"required":false},"lastname":{"type":"string","unique":false,"minLength":1,"configurable":false,"required":false},"username":{"type":"string","unique":false,"configurable":false,"required":false},"email":{"type":"email","minLength":6,"configurable":false,"required":true,"unique":true,"private":true},"password":{"type":"password","minLength":6,"configurable":false,"required":false,"private":true,"searchable":false},"resetPasswordToken":{"type":"string","configurable":false,"private":true,"searchable":false},"registrationToken":{"type":"string","configurable":false,"private":true,"searchable":false},"isActive":{"type":"boolean","default":false,"configurable":false,"private":true},"roles":{"configurable":false,"private":true,"type":"relation","relation":"manyToMany","inversedBy":"users","target":"admin::role","collectionName":"strapi_users_roles"},"blocked":{"type":"boolean","default":false,"configurable":false,"private":true},"preferedLanguage":{"type":"string","configurable":false,"required":false,"searchable":false}},"kind":"collectionType"},"modelName":"user","options":{"draftAndPublish":false}},"admin::role":{"collectionName":"admin_roles","info":{"name":"Role","description":"","singularName":"role","pluralName":"roles","displayName":"Role"},"options":{"draftAndPublish":false},"pluginOptions":{"content-manager":{"visible":false},"content-type-builder":{"visible":false}},"attributes":{"name":{"type":"string","minLength":1,"unique":true,"configurable":false,"required":true},"code":{"type":"string","minLength":1,"unique":true,"configurable":false,"required":true},"description":{"type":"string","configurable":false},"users":{"configurable":false,"type":"relation","relation":"manyToMany","mappedBy":"roles","target":"admin::user"},"permissions":{"configurable":false,"type":"relation","relation":"oneToMany","mappedBy":"role","target":"admin::permission"},"createdAt":{"type":"datetime"},"updatedAt":{"type":"datetime"},"publishedAt":{"type":"datetime","configurable":false,"writable":true,"visible":false},"createdBy":{"type":"relation","relation":"oneToOne","target":"admin::user","configurable":false,"writable":false,"visible":false,"useJoinTable":false,"private":true},"updatedBy":{"type":"relation","relation":"oneToOne","target":"admin::user","configurable":false,"writable":false,"visible":false,"useJoinTable":false,"private":true},"locale":{"writable":true,"private":true,"configurable":false,"visible":false,"type":"string"},"localizations":{"type":"relation","relation":"oneToMany","target":"admin::role","writable":false,"private":true,"configurable":false,"visible":false,"unstable_virtual":true,"joinColumn":{"name":"document_id","referencedColumn":"document_id","referencedTable":"admin_roles"}}},"plugin":"admin","globalId":"AdminRole","uid":"admin::role","modelType":"contentType","kind":"collectionType","__schema__":{"collectionName":"admin_roles","info":{"name":"Role","description":"","singularName":"role","pluralName":"roles","displayName":"Role"},"options":{},"pluginOptions":{"content-manager":{"visible":false},"content-type-builder":{"visible":false}},"attributes":{"name":{"type":"string","minLength":1,"unique":true,"configurable":false,"required":true},"code":{"type":"string","minLength":1,"unique":true,"configurable":false,"required":true},"description":{"type":"string","configurable":false},"users":{"configurable":false,"type":"relation","relation":"manyToMany","mappedBy":"roles","target":"admin::user"},"permissions":{"configurable":false,"type":"relation","relation":"oneToMany","mappedBy":"role","target":"admin::permission"}},"kind":"collectionType"},"modelName":"role"},"admin::api-token":{"collectionName":"strapi_api_tokens","info":{"name":"Api Token","singularName":"api-token","pluralName":"api-tokens","displayName":"Api Token","description":""},"options":{"draftAndPublish":false},"pluginOptions":{"content-manager":{"visible":false},"content-type-builder":{"visible":false}},"attributes":{"name":{"type":"string","minLength":1,"configurable":false,"required":true,"unique":true},"description":{"type":"string","minLength":1,"configurable":false,"required":false,"default":""},"type":{"type":"enumeration","enum":["read-only","full-access","custom"],"configurable":false,"required":true,"default":"read-only"},"accessKey":{"type":"string","minLength":1,"configurable":false,"required":true,"searchable":false},"encryptedKey":{"type":"text","minLength":1,"configurable":false,"required":false,"searchable":false},"lastUsedAt":{"type":"datetime","configurable":false,"required":false},"permissions":{"type":"relation","target":"admin::api-token-permission","relation":"oneToMany","mappedBy":"token","configurable":false,"required":false},"expiresAt":{"type":"datetime","configurable":false,"required":false},"lifespan":{"type":"biginteger","configurable":false,"required":false},"createdAt":{"type":"datetime"},"updatedAt":{"type":"datetime"},"publishedAt":{"type":"datetime","configurable":false,"writable":true,"visible":false},"createdBy":{"type":"relation","relation":"oneToOne","target":"admin::user","configurable":false,"writable":false,"visible":false,"useJoinTable":false,"private":true},"updatedBy":{"type":"relation","relation":"oneToOne","target":"admin::user","configurable":false,"writable":false,"visible":false,"useJoinTable":false,"private":true},"locale":{"writable":true,"private":true,"configurable":false,"visible":false,"type":"string"},"localizations":{"type":"relation","relation":"oneToMany","target":"admin::api-token","writable":false,"private":true,"configurable":false,"visible":false,"unstable_virtual":true,"joinColumn":{"name":"document_id","referencedColumn":"document_id","referencedTable":"strapi_api_tokens"}}},"plugin":"admin","globalId":"AdminApiToken","uid":"admin::api-token","modelType":"contentType","kind":"collectionType","__schema__":{"collectionName":"strapi_api_tokens","info":{"name":"Api Token","singularName":"api-token","pluralName":"api-tokens","displayName":"Api Token","description":""},"options":{},"pluginOptions":{"content-manager":{"visible":false},"content-type-builder":{"visible":false}},"attributes":{"name":{"type":"string","minLength":1,"configurable":false,"required":true,"unique":true},"description":{"type":"string","minLength":1,"configurable":false,"required":false,"default":""},"type":{"type":"enumeration","enum":["read-only","full-access","custom"],"configurable":false,"required":true,"default":"read-only"},"accessKey":{"type":"string","minLength":1,"configurable":false,"required":true,"searchable":false},"encryptedKey":{"type":"text","minLength":1,"configurable":false,"required":false,"searchable":false},"lastUsedAt":{"type":"datetime","configurable":false,"required":false},"permissions":{"type":"relation","target":"admin::api-token-permission","relation":"oneToMany","mappedBy":"token","configurable":false,"required":false},"expiresAt":{"type":"datetime","configurable":false,"required":false},"lifespan":{"type":"biginteger","configurable":false,"required":false}},"kind":"collectionType"},"modelName":"api-token"},"admin::api-token-permission":{"collectionName":"strapi_api_token_permissions","info":{"name":"API Token Permission","description":"","singularName":"api-token-permission","pluralName":"api-token-permissions","displayName":"API Token Permission"},"options":{"draftAndPublish":false},"pluginOptions":{"content-manager":{"visible":false},"content-type-builder":{"visible":false}},"attributes":{"action":{"type":"string","minLength":1,"configurable":false,"required":true},"token":{"configurable":false,"type":"relation","relation":"manyToOne","inversedBy":"permissions","target":"admin::api-token"},"createdAt":{"type":"datetime"},"updatedAt":{"type":"datetime"},"publishedAt":{"type":"datetime","configurable":false,"writable":true,"visible":false},"createdBy":{"type":"relation","relation":"oneToOne","target":"admin::user","configurable":false,"writable":false,"visible":false,"useJoinTable":false,"private":true},"updatedBy":{"type":"relation","relation":"oneToOne","target":"admin::user","configurable":false,"writable":false,"visible":false,"useJoinTable":false,"private":true},"locale":{"writable":true,"private":true,"configurable":false,"visible":false,"type":"string"},"localizations":{"type":"relation","relation":"oneToMany","target":"admin::api-token-permission","writable":false,"private":true,"configurable":false,"visible":false,"unstable_virtual":true,"joinColumn":{"name":"document_id","referencedColumn":"document_id","referencedTable":"strapi_api_token_permissions"}}},"plugin":"admin","globalId":"AdminApiTokenPermission","uid":"admin::api-token-permission","modelType":"contentType","kind":"collectionType","__schema__":{"collectionName":"strapi_api_token_permissions","info":{"name":"API Token Permission","description":"","singularName":"api-token-permission","pluralName":"api-token-permissions","displayName":"API Token Permission"},"options":{},"pluginOptions":{"content-manager":{"visible":false},"content-type-builder":{"visible":false}},"attributes":{"action":{"type":"string","minLength":1,"configurable":false,"required":true},"token":{"configurable":false,"type":"relation","relation":"manyToOne","inversedBy":"permissions","target":"admin::api-token"}},"kind":"collectionType"},"modelName":"api-token-permission"},"admin::transfer-token":{"collectionName":"strapi_transfer_tokens","info":{"name":"Transfer Token","singularName":"transfer-token","pluralName":"transfer-tokens","displayName":"Transfer Token","description":""},"options":{"draftAndPublish":false},"pluginOptions":{"content-manager":{"visible":false},"content-type-builder":{"visible":false}},"attributes":{"name":{"type":"string","minLength":1,"configurable":false,"required":true,"unique":true},"description":{"type":"string","minLength":1,"configurable":false,"required":false,"default":""},"accessKey":{"type":"string","minLength":1,"configurable":false,"required":true},"lastUsedAt":{"type":"datetime","configurable":false,"required":false},"permissions":{"type":"relation","target":"admin::transfer-token-permission","relation":"oneToMany","mappedBy":"token","configurable":false,"required":false},"expiresAt":{"type":"datetime","configurable":false,"required":false},"lifespan":{"type":"biginteger","configurable":false,"required":false},"createdAt":{"type":"datetime"},"updatedAt":{"type":"datetime"},"publishedAt":{"type":"datetime","configurable":false,"writable":true,"visible":false},"createdBy":{"type":"relation","relation":"oneToOne","target":"admin::user","configurable":false,"writable":false,"visible":false,"useJoinTable":false,"private":true},"updatedBy":{"type":"relation","relation":"oneToOne","target":"admin::user","configurable":false,"writable":false,"visible":false,"useJoinTable":false,"private":true},"locale":{"writable":true,"private":true,"configurable":false,"visible":false,"type":"string"},"localizations":{"type":"relation","relation":"oneToMany","target":"admin::transfer-token","writable":false,"private":true,"configurable":false,"visible":false,"unstable_virtual":true,"joinColumn":{"name":"document_id","referencedColumn":"document_id","referencedTable":"strapi_transfer_tokens"}}},"plugin":"admin","globalId":"AdminTransferToken","uid":"admin::transfer-token","modelType":"contentType","kind":"collectionType","__schema__":{"collectionName":"strapi_transfer_tokens","info":{"name":"Transfer Token","singularName":"transfer-token","pluralName":"transfer-tokens","displayName":"Transfer Token","description":""},"options":{},"pluginOptions":{"content-manager":{"visible":false},"content-type-builder":{"visible":false}},"attributes":{"name":{"type":"string","minLength":1,"configurable":false,"required":true,"unique":true},"description":{"type":"string","minLength":1,"configurable":false,"required":false,"default":""},"accessKey":{"type":"string","minLength":1,"configurable":false,"required":true},"lastUsedAt":{"type":"datetime","configurable":false,"required":false},"permissions":{"type":"relation","target":"admin::transfer-token-permission","relation":"oneToMany","mappedBy":"token","configurable":false,"required":false},"expiresAt":{"type":"datetime","configurable":false,"required":false},"lifespan":{"type":"biginteger","configurable":false,"required":false}},"kind":"collectionType"},"modelName":"transfer-token"},"admin::transfer-token-permission":{"collectionName":"strapi_transfer_token_permissions","info":{"name":"Transfer Token Permission","description":"","singularName":"transfer-token-permission","pluralName":"transfer-token-permissions","displayName":"Transfer Token Permission"},"options":{"draftAndPublish":false},"pluginOptions":{"content-manager":{"visible":false},"content-type-builder":{"visible":false}},"attributes":{"action":{"type":"string","minLength":1,"configurable":false,"required":true},"token":{"configurable":false,"type":"relation","relation":"manyToOne","inversedBy":"permissions","target":"admin::transfer-token"},"createdAt":{"type":"datetime"},"updatedAt":{"type":"datetime"},"publishedAt":{"type":"datetime","configurable":false,"writable":true,"visible":false},"createdBy":{"type":"relation","relation":"oneToOne","target":"admin::user","configurable":false,"writable":false,"visible":false,"useJoinTable":false,"private":true},"updatedBy":{"type":"relation","relation":"oneToOne","target":"admin::user","configurable":false,"writable":false,"visible":false,"useJoinTable":false,"private":true},"locale":{"writable":true,"private":true,"configurable":false,"visible":false,"type":"string"},"localizations":{"type":"relation","relation":"oneToMany","target":"admin::transfer-token-permission","writable":false,"private":true,"configurable":false,"visible":false,"unstable_virtual":true,"joinColumn":{"name":"document_id","referencedColumn":"document_id","referencedTable":"strapi_transfer_token_permissions"}}},"plugin":"admin","globalId":"AdminTransferTokenPermission","uid":"admin::transfer-token-permission","modelType":"contentType","kind":"collectionType","__schema__":{"collectionName":"strapi_transfer_token_permissions","info":{"name":"Transfer Token Permission","description":"","singularName":"transfer-token-permission","pluralName":"transfer-token-permissions","displayName":"Transfer Token Permission"},"options":{},"pluginOptions":{"content-manager":{"visible":false},"content-type-builder":{"visible":false}},"attributes":{"action":{"type":"string","minLength":1,"configurable":false,"required":true},"token":{"configurable":false,"type":"relation","relation":"manyToOne","inversedBy":"permissions","target":"admin::transfer-token"}},"kind":"collectionType"},"modelName":"transfer-token-permission"}}	object	\N	\N
17	plugin_content_manager_configuration_content_types::admin::transfer-token	{"settings":{"bulkable":true,"filterable":true,"searchable":true,"pageSize":10,"mainField":"name","defaultSortBy":"name","defaultSortOrder":"ASC"},"metadatas":{"id":{"edit":{},"list":{"label":"id","searchable":true,"sortable":true}},"name":{"edit":{"label":"name","description":"","placeholder":"","visible":true,"editable":true},"list":{"label":"name","searchable":true,"sortable":true}},"description":{"edit":{"label":"description","description":"","placeholder":"","visible":true,"editable":true},"list":{"label":"description","searchable":true,"sortable":true}},"accessKey":{"edit":{"label":"accessKey","description":"","placeholder":"","visible":true,"editable":true},"list":{"label":"accessKey","searchable":true,"sortable":true}},"lastUsedAt":{"edit":{"label":"lastUsedAt","description":"","placeholder":"","visible":true,"editable":true},"list":{"label":"lastUsedAt","searchable":true,"sortable":true}},"permissions":{"edit":{"label":"permissions","description":"","placeholder":"","visible":true,"editable":true,"mainField":"action"},"list":{"label":"permissions","searchable":false,"sortable":false}},"expiresAt":{"edit":{"label":"expiresAt","description":"","placeholder":"","visible":true,"editable":true},"list":{"label":"expiresAt","searchable":true,"sortable":true}},"lifespan":{"edit":{"label":"lifespan","description":"","placeholder":"","visible":true,"editable":true},"list":{"label":"lifespan","searchable":true,"sortable":true}},"createdAt":{"edit":{"label":"createdAt","description":"","placeholder":"","visible":false,"editable":true},"list":{"label":"createdAt","searchable":true,"sortable":true}},"updatedAt":{"edit":{"label":"updatedAt","description":"","placeholder":"","visible":false,"editable":true},"list":{"label":"updatedAt","searchable":true,"sortable":true}},"createdBy":{"edit":{"label":"createdBy","description":"","placeholder":"","visible":false,"editable":true,"mainField":"firstname"},"list":{"label":"createdBy","searchable":true,"sortable":true}},"updatedBy":{"edit":{"label":"updatedBy","description":"","placeholder":"","visible":false,"editable":true,"mainField":"firstname"},"list":{"label":"updatedBy","searchable":true,"sortable":true}}},"layouts":{"list":["id","name","description","accessKey"],"edit":[[{"name":"name","size":6},{"name":"description","size":6}],[{"name":"accessKey","size":6},{"name":"lastUsedAt","size":6}],[{"name":"permissions","size":6},{"name":"expiresAt","size":6}],[{"name":"lifespan","size":4}]]},"uid":"admin::transfer-token"}	object	\N	\N
54	plugin_content_manager_configuration_components::questionnaire.select-option	{"settings":{"bulkable":true,"filterable":true,"searchable":true,"pageSize":10,"mainField":"label","defaultSortBy":"label","defaultSortOrder":"ASC"},"metadatas":{"id":{"edit":{},"list":{"label":"id","searchable":false,"sortable":false}},"label":{"edit":{"label":"label","description":"","placeholder":"","visible":true,"editable":true},"list":{"label":"label","searchable":true,"sortable":true}},"value":{"edit":{"label":"value","description":"","placeholder":"","visible":true,"editable":true},"list":{"label":"value","searchable":true,"sortable":true}},"price":{"edit":{"label":"price","description":"","placeholder":"","visible":true,"editable":true},"list":{"label":"price","searchable":true,"sortable":true}}},"layouts":{"list":["id","label","value","price"],"edit":[[{"name":"label","size":6},{"name":"value","size":6}],[{"name":"price","size":4}]]},"uid":"questionnaire.select-option","isComponent":true}	object	\N	\N
7	plugin_content_manager_configuration_content_types::plugin::users-permissions.permission	{"settings":{"bulkable":true,"filterable":true,"searchable":true,"pageSize":10,"mainField":"action","defaultSortBy":"action","defaultSortOrder":"ASC"},"metadatas":{"id":{"edit":{},"list":{"label":"id","searchable":true,"sortable":true}},"action":{"edit":{"label":"action","description":"","placeholder":"","visible":true,"editable":true},"list":{"label":"action","searchable":true,"sortable":true}},"role":{"edit":{"label":"role","description":"","placeholder":"","visible":true,"editable":true,"mainField":"name"},"list":{"label":"role","searchable":true,"sortable":true}},"createdAt":{"edit":{"label":"createdAt","description":"","placeholder":"","visible":false,"editable":true},"list":{"label":"createdAt","searchable":true,"sortable":true}},"updatedAt":{"edit":{"label":"updatedAt","description":"","placeholder":"","visible":false,"editable":true},"list":{"label":"updatedAt","searchable":true,"sortable":true}},"createdBy":{"edit":{"label":"createdBy","description":"","placeholder":"","visible":false,"editable":true,"mainField":"firstname"},"list":{"label":"createdBy","searchable":true,"sortable":true}},"updatedBy":{"edit":{"label":"updatedBy","description":"","placeholder":"","visible":false,"editable":true,"mainField":"firstname"},"list":{"label":"updatedBy","searchable":true,"sortable":true}}},"layouts":{"list":["id","action","role","createdAt"],"edit":[[{"name":"action","size":6},{"name":"role","size":6}]]},"uid":"plugin::users-permissions.permission"}	object	\N	\N
55	plugin_content_manager_configuration_components::questionnaire.color-variant	{"settings":{"bulkable":true,"filterable":true,"searchable":true,"pageSize":10,"mainField":"colorName","defaultSortBy":"colorName","defaultSortOrder":"ASC"},"metadatas":{"id":{"edit":{},"list":{"label":"id","searchable":false,"sortable":false}},"colorName":{"edit":{"label":"colorName","description":"","placeholder":"","visible":true,"editable":true},"list":{"label":"colorName","searchable":true,"sortable":true}},"colorCode":{"edit":{"label":"colorCode","description":"","placeholder":"","visible":true,"editable":true},"list":{"label":"colorCode","searchable":true,"sortable":true}},"variationImage":{"edit":{"label":"variationImage","description":"","placeholder":"","visible":true,"editable":true},"list":{"label":"variationImage","searchable":false,"sortable":false}},"price":{"edit":{"label":"price","description":"","placeholder":"","visible":true,"editable":true},"list":{"label":"price","searchable":true,"sortable":true}}},"layouts":{"list":["id","colorName","colorCode","variationImage"],"edit":[[{"name":"colorName","size":6},{"name":"colorCode","size":6}],[{"name":"variationImage","size":6},{"name":"price","size":4}]]},"uid":"questionnaire.color-variant","isComponent":true}	object	\N	\N
15	plugin_content_manager_configuration_content_types::admin::api-token	{"settings":{"bulkable":true,"filterable":true,"searchable":true,"pageSize":10,"mainField":"name","defaultSortBy":"name","defaultSortOrder":"ASC"},"metadatas":{"id":{"edit":{},"list":{"label":"id","searchable":true,"sortable":true}},"name":{"edit":{"label":"name","description":"","placeholder":"","visible":true,"editable":true},"list":{"label":"name","searchable":true,"sortable":true}},"description":{"edit":{"label":"description","description":"","placeholder":"","visible":true,"editable":true},"list":{"label":"description","searchable":true,"sortable":true}},"type":{"edit":{"label":"type","description":"","placeholder":"","visible":true,"editable":true},"list":{"label":"type","searchable":true,"sortable":true}},"accessKey":{"edit":{"label":"accessKey","description":"","placeholder":"","visible":true,"editable":true},"list":{"label":"accessKey","searchable":true,"sortable":true}},"encryptedKey":{"edit":{"label":"encryptedKey","description":"","placeholder":"","visible":true,"editable":true},"list":{"label":"encryptedKey","searchable":true,"sortable":true}},"lastUsedAt":{"edit":{"label":"lastUsedAt","description":"","placeholder":"","visible":true,"editable":true},"list":{"label":"lastUsedAt","searchable":true,"sortable":true}},"permissions":{"edit":{"label":"permissions","description":"","placeholder":"","visible":true,"editable":true,"mainField":"action"},"list":{"label":"permissions","searchable":false,"sortable":false}},"expiresAt":{"edit":{"label":"expiresAt","description":"","placeholder":"","visible":true,"editable":true},"list":{"label":"expiresAt","searchable":true,"sortable":true}},"lifespan":{"edit":{"label":"lifespan","description":"","placeholder":"","visible":true,"editable":true},"list":{"label":"lifespan","searchable":true,"sortable":true}},"createdAt":{"edit":{"label":"createdAt","description":"","placeholder":"","visible":false,"editable":true},"list":{"label":"createdAt","searchable":true,"sortable":true}},"updatedAt":{"edit":{"label":"updatedAt","description":"","placeholder":"","visible":false,"editable":true},"list":{"label":"updatedAt","searchable":true,"sortable":true}},"createdBy":{"edit":{"label":"createdBy","description":"","placeholder":"","visible":false,"editable":true,"mainField":"firstname"},"list":{"label":"createdBy","searchable":true,"sortable":true}},"updatedBy":{"edit":{"label":"updatedBy","description":"","placeholder":"","visible":false,"editable":true,"mainField":"firstname"},"list":{"label":"updatedBy","searchable":true,"sortable":true}}},"layouts":{"list":["id","name","description","type"],"edit":[[{"name":"name","size":6},{"name":"description","size":6}],[{"name":"type","size":6},{"name":"accessKey","size":6}],[{"name":"encryptedKey","size":6},{"name":"lastUsedAt","size":6}],[{"name":"permissions","size":6},{"name":"expiresAt","size":6}],[{"name":"lifespan","size":4}]]},"uid":"admin::api-token"}	object	\N	\N
56	plugin_content_manager_configuration_components::questionnaire.questionnaire-options	{"settings":{"bulkable":true,"filterable":true,"searchable":true,"pageSize":10,"mainField":"title","defaultSortBy":"title","defaultSortOrder":"ASC"},"metadatas":{"id":{"edit":{},"list":{"label":"id","searchable":false,"sortable":false}},"title":{"edit":{"label":"title","description":"","placeholder":"","visible":true,"editable":true},"list":{"label":"title","searchable":true,"sortable":true}},"description":{"edit":{"label":"description","description":"","placeholder":"","visible":true,"editable":true},"list":{"label":"description","searchable":true,"sortable":true}},"price":{"edit":{"label":"price","description":"","placeholder":"","visible":true,"editable":true},"list":{"label":"price","searchable":true,"sortable":true}},"qImage":{"edit":{"label":"qImage","description":"","placeholder":"","visible":true,"editable":true},"list":{"label":"qImage","searchable":false,"sortable":false}},"hasQuantity":{"edit":{"label":"hasQuantity","description":"","placeholder":"","visible":true,"editable":true},"list":{"label":"hasQuantity","searchable":true,"sortable":true}},"units":{"edit":{"label":"units","description":"","placeholder":"","visible":true,"editable":true},"list":{"label":"units","searchable":true,"sortable":true}},"selectOptions":{"edit":{"label":"selectOptions","description":"","placeholder":"","visible":true,"editable":true},"list":{"label":"selectOptions","searchable":false,"sortable":false}},"colorVariants":{"edit":{"label":"colorVariants","description":"","placeholder":"","visible":true,"editable":true},"list":{"label":"colorVariants","searchable":false,"sortable":false}}},"layouts":{"list":["id","title","description","price"],"edit":[[{"name":"title","size":6},{"name":"description","size":6}],[{"name":"price","size":4},{"name":"qImage","size":6}],[{"name":"hasQuantity","size":4},{"name":"units","size":4}],[{"name":"selectOptions","size":12}],[{"name":"colorVariants","size":12}]]},"uid":"questionnaire.questionnaire-options","isComponent":true}	object	\N	\N
57	plugin_content_manager_configuration_components::questionnaire.questions	{"settings":{"bulkable":true,"filterable":true,"searchable":true,"pageSize":10,"mainField":"id","defaultSortBy":"id","defaultSortOrder":"ASC"},"metadatas":{"id":{"edit":{},"list":{"label":"id","searchable":false,"sortable":false}},"title":{"edit":{"label":"title","description":"","placeholder":"","visible":true,"editable":true},"list":{"label":"title","searchable":true,"sortable":true}},"questionType":{"edit":{"label":"questionType","description":"","placeholder":"","visible":true,"editable":true},"list":{"label":"questionType","searchable":true,"sortable":true}},"description":{"edit":{"label":"description","description":"","placeholder":"","visible":true,"editable":true},"list":{"label":"description","searchable":true,"sortable":true}},"toolTip":{"edit":{"label":"toolTip","description":"","placeholder":"","visible":true,"editable":true},"list":{"label":"toolTip","searchable":true,"sortable":true}},"questionOptions":{"edit":{"label":"questionOptions","description":"","placeholder":"","visible":true,"editable":true},"list":{"label":"questionOptions","searchable":false,"sortable":false}}},"layouts":{"list":["id","title","questionType","description"],"edit":[[{"name":"title","size":6},{"name":"questionType","size":6}],[{"name":"description","size":6},{"name":"toolTip","size":6}],[{"name":"questionOptions","size":12}]]},"uid":"questionnaire.questions","isComponent":true}	object	\N	\N
52	plugin_content_manager_configuration_content_types::api::category.category	{"settings":{"bulkable":true,"filterable":true,"searchable":true,"pageSize":10,"mainField":"name","defaultSortBy":"name","defaultSortOrder":"ASC"},"metadatas":{"id":{"edit":{},"list":{"label":"id","searchable":true,"sortable":true}},"name":{"edit":{"label":"name","description":"","placeholder":"","visible":true,"editable":true},"list":{"label":"name","searchable":true,"sortable":true}},"slug":{"edit":{"label":"slug","description":"","placeholder":"","visible":true,"editable":true},"list":{"label":"slug","searchable":true,"sortable":true}},"articles":{"edit":{"label":"articles","description":"","placeholder":"","visible":true,"editable":true,"mainField":"title"},"list":{"label":"articles","searchable":false,"sortable":false}},"description":{"edit":{"label":"description","description":"","placeholder":"","visible":true,"editable":true},"list":{"label":"description","searchable":true,"sortable":true}},"createdAt":{"edit":{"label":"createdAt","description":"","placeholder":"","visible":false,"editable":true},"list":{"label":"createdAt","searchable":true,"sortable":true}},"updatedAt":{"edit":{"label":"updatedAt","description":"","placeholder":"","visible":false,"editable":true},"list":{"label":"updatedAt","searchable":true,"sortable":true}},"createdBy":{"edit":{"label":"createdBy","description":"","placeholder":"","visible":false,"editable":true,"mainField":"firstname"},"list":{"label":"createdBy","searchable":true,"sortable":true}},"updatedBy":{"edit":{"label":"updatedBy","description":"","placeholder":"","visible":false,"editable":true,"mainField":"firstname"},"list":{"label":"updatedBy","searchable":true,"sortable":true}}},"layouts":{"list":["id","name","slug","articles"],"edit":[[{"name":"name","size":6},{"name":"slug","size":6}],[{"name":"articles","size":6},{"name":"description","size":6}]]},"uid":"api::category.category"}	object	\N	\N
37	plugin_content_manager_configuration_components::shared.slider	{"settings":{"bulkable":true,"filterable":true,"searchable":true,"pageSize":10,"mainField":"id","defaultSortBy":"id","defaultSortOrder":"ASC"},"metadatas":{"id":{"edit":{},"list":{"label":"id","searchable":false,"sortable":false}},"files":{"edit":{"label":"files","description":"","placeholder":"","visible":true,"editable":true},"list":{"label":"files","searchable":false,"sortable":false}}},"layouts":{"list":["id","files"],"edit":[[{"name":"files","size":6}]]},"uid":"shared.slider","isComponent":true}	object	\N	\N
44	plugin_content_manager_configuration_components::sections.faq-section	{"settings":{"bulkable":true,"filterable":true,"searchable":true,"pageSize":10,"mainField":"sectionTitle","defaultSortBy":"sectionTitle","defaultSortOrder":"ASC"},"metadatas":{"id":{"edit":{},"list":{"label":"id","searchable":false,"sortable":false}},"sectionTitle":{"edit":{"label":"sectionTitle","description":"","placeholder":"","visible":true,"editable":true},"list":{"label":"sectionTitle","searchable":true,"sortable":true}},"faqs":{"edit":{"label":"faqs","description":"","placeholder":"","visible":true,"editable":true},"list":{"label":"faqs","searchable":false,"sortable":false}}},"layouts":{"list":["id","sectionTitle","faqs"],"edit":[[{"name":"sectionTitle","size":6}],[{"name":"faqs","size":12}]]},"uid":"sections.faq-section","isComponent":true}	object	\N	\N
29	plugin_content_manager_configuration_components::shared.quote	{"settings":{"bulkable":true,"filterable":true,"searchable":true,"pageSize":10,"mainField":"title","defaultSortBy":"title","defaultSortOrder":"ASC"},"metadatas":{"id":{"edit":{},"list":{"label":"id","searchable":false,"sortable":false}},"title":{"edit":{"label":"title","description":"","placeholder":"","visible":true,"editable":true},"list":{"label":"title","searchable":true,"sortable":true}},"body":{"edit":{"label":"body","description":"","placeholder":"","visible":true,"editable":true},"list":{"label":"body","searchable":true,"sortable":true}}},"layouts":{"list":["id","title","body"],"edit":[[{"name":"title","size":6},{"name":"body","size":6}]]},"uid":"shared.quote","isComponent":true}	object	\N	\N
45	plugin_content_manager_configuration_components::sections.blog-posts-teaser	{"settings":{"bulkable":true,"filterable":true,"searchable":true,"pageSize":10,"mainField":"sectionTitle","defaultSortBy":"sectionTitle","defaultSortOrder":"ASC"},"metadatas":{"id":{"edit":{},"list":{"label":"id","searchable":false,"sortable":false}},"sectionTitle":{"edit":{"label":"sectionTitle","description":"","placeholder":"","visible":true,"editable":true},"list":{"label":"sectionTitle","searchable":true,"sortable":true}},"posts":{"edit":{"label":"posts","description":"","placeholder":"","visible":true,"editable":true},"list":{"label":"posts","searchable":false,"sortable":false}}},"layouts":{"list":["id","sectionTitle","posts"],"edit":[[{"name":"sectionTitle","size":6}],[{"name":"posts","size":12}]]},"uid":"sections.blog-posts-teaser","isComponent":true}	object	\N	\N
58	plugin_content_manager_configuration_content_types::api::kitchen-estimator.kitchen-estimator	{"settings":{"bulkable":true,"filterable":true,"searchable":true,"pageSize":10,"mainField":"title","defaultSortBy":"title","defaultSortOrder":"ASC"},"metadatas":{"id":{"edit":{},"list":{"label":"id","searchable":true,"sortable":true}},"title":{"edit":{"label":"title","description":"","placeholder":"","visible":true,"editable":true},"list":{"label":"title","searchable":true,"sortable":true}},"questions":{"edit":{"label":"questions","description":"","placeholder":"","visible":true,"editable":true},"list":{"label":"questions","searchable":false,"sortable":false}},"createdAt":{"edit":{"label":"createdAt","description":"","placeholder":"","visible":false,"editable":true},"list":{"label":"createdAt","searchable":true,"sortable":true}},"updatedAt":{"edit":{"label":"updatedAt","description":"","placeholder":"","visible":false,"editable":true},"list":{"label":"updatedAt","searchable":true,"sortable":true}},"createdBy":{"edit":{"label":"createdBy","description":"","placeholder":"","visible":false,"editable":true,"mainField":"firstname"},"list":{"label":"createdBy","searchable":true,"sortable":true}},"updatedBy":{"edit":{"label":"updatedBy","description":"","placeholder":"","visible":false,"editable":true,"mainField":"firstname"},"list":{"label":"updatedBy","searchable":true,"sortable":true}}},"layouts":{"list":["id","title","createdAt","updatedAt"],"edit":[[{"name":"title","size":6}],[{"name":"questions","size":12}]]},"uid":"api::kitchen-estimator.kitchen-estimator"}	object	\N	\N
13	plugin_content_manager_configuration_content_types::admin::role	{"settings":{"bulkable":true,"filterable":true,"searchable":true,"pageSize":10,"mainField":"name","defaultSortBy":"name","defaultSortOrder":"ASC"},"metadatas":{"id":{"edit":{},"list":{"label":"id","searchable":true,"sortable":true}},"name":{"edit":{"label":"name","description":"","placeholder":"","visible":true,"editable":true},"list":{"label":"name","searchable":true,"sortable":true}},"code":{"edit":{"label":"code","description":"","placeholder":"","visible":true,"editable":true},"list":{"label":"code","searchable":true,"sortable":true}},"description":{"edit":{"label":"description","description":"","placeholder":"","visible":true,"editable":true},"list":{"label":"description","searchable":true,"sortable":true}},"users":{"edit":{"label":"users","description":"","placeholder":"","visible":true,"editable":true,"mainField":"firstname"},"list":{"label":"users","searchable":false,"sortable":false}},"permissions":{"edit":{"label":"permissions","description":"","placeholder":"","visible":true,"editable":true,"mainField":"action"},"list":{"label":"permissions","searchable":false,"sortable":false}},"createdAt":{"edit":{"label":"createdAt","description":"","placeholder":"","visible":false,"editable":true},"list":{"label":"createdAt","searchable":true,"sortable":true}},"updatedAt":{"edit":{"label":"updatedAt","description":"","placeholder":"","visible":false,"editable":true},"list":{"label":"updatedAt","searchable":true,"sortable":true}},"createdBy":{"edit":{"label":"createdBy","description":"","placeholder":"","visible":false,"editable":true,"mainField":"firstname"},"list":{"label":"createdBy","searchable":true,"sortable":true}},"updatedBy":{"edit":{"label":"updatedBy","description":"","placeholder":"","visible":false,"editable":true,"mainField":"firstname"},"list":{"label":"updatedBy","searchable":true,"sortable":true}}},"layouts":{"list":["id","name","code","description"],"edit":[[{"name":"name","size":6},{"name":"code","size":6}],[{"name":"description","size":6},{"name":"users","size":6}],[{"name":"permissions","size":6}]]},"uid":"admin::role"}	object	\N	\N
48	plugin_content_manager_configuration_content_types::api::global.global	{"settings":{"bulkable":true,"filterable":true,"searchable":true,"pageSize":10,"mainField":"siteName","defaultSortBy":"siteName","defaultSortOrder":"ASC"},"metadatas":{"id":{"edit":{},"list":{"label":"id","searchable":true,"sortable":true}},"siteName":{"edit":{"label":"siteName","description":"","placeholder":"","visible":true,"editable":true},"list":{"label":"siteName","searchable":true,"sortable":true}},"favicon":{"edit":{"label":"favicon","description":"","placeholder":"","visible":true,"editable":true},"list":{"label":"favicon","searchable":false,"sortable":false}},"siteDescription":{"edit":{"label":"siteDescription","description":"","placeholder":"","visible":true,"editable":true},"list":{"label":"siteDescription","searchable":true,"sortable":true}},"defaultSeo":{"edit":{"label":"defaultSeo","description":"","placeholder":"","visible":true,"editable":true},"list":{"label":"defaultSeo","searchable":false,"sortable":false}},"createdAt":{"edit":{"label":"createdAt","description":"","placeholder":"","visible":false,"editable":true},"list":{"label":"createdAt","searchable":true,"sortable":true}},"updatedAt":{"edit":{"label":"updatedAt","description":"","placeholder":"","visible":false,"editable":true},"list":{"label":"updatedAt","searchable":true,"sortable":true}},"createdBy":{"edit":{"label":"createdBy","description":"","placeholder":"","visible":false,"editable":true,"mainField":"firstname"},"list":{"label":"createdBy","searchable":true,"sortable":true}},"updatedBy":{"edit":{"label":"updatedBy","description":"","placeholder":"","visible":false,"editable":true,"mainField":"firstname"},"list":{"label":"updatedBy","searchable":true,"sortable":true}}},"layouts":{"list":["id","siteName","favicon","siteDescription"],"edit":[[{"name":"siteName","size":6},{"name":"favicon","size":6}],[{"name":"siteDescription","size":6}],[{"name":"defaultSeo","size":12}]]},"uid":"api::global.global"}	object	\N	\N
30	plugin_content_manager_configuration_components::shared.media	{"settings":{"bulkable":true,"filterable":true,"searchable":true,"pageSize":10,"mainField":"id","defaultSortBy":"id","defaultSortOrder":"ASC"},"metadatas":{"id":{"edit":{},"list":{"label":"id","searchable":false,"sortable":false}},"file":{"edit":{"label":"file","description":"","placeholder":"","visible":true,"editable":true},"list":{"label":"file","searchable":false,"sortable":false}}},"layouts":{"list":["id","file"],"edit":[[{"name":"file","size":6}]]},"uid":"shared.media","isComponent":true}	object	\N	\N
46	plugin_content_manager_configuration_components::sections.feature-grid	{"settings":{"bulkable":true,"filterable":true,"searchable":true,"pageSize":10,"mainField":"sectionTitle","defaultSortBy":"sectionTitle","defaultSortOrder":"ASC"},"metadatas":{"id":{"edit":{},"list":{"label":"id","searchable":false,"sortable":false}},"sectionTitle":{"edit":{"label":"sectionTitle","description":"","placeholder":"","visible":true,"editable":true},"list":{"label":"sectionTitle","searchable":true,"sortable":true}},"features":{"edit":{"label":"features","description":"","placeholder":"","visible":true,"editable":true},"list":{"label":"features","searchable":false,"sortable":false}}},"layouts":{"list":["id","sectionTitle","features"],"edit":[[{"name":"sectionTitle","size":6}],[{"name":"features","size":12}]]},"uid":"sections.feature-grid","isComponent":true}	object	\N	\N
31	plugin_content_manager_configuration_components::shared.rich-text	{"settings":{"bulkable":true,"filterable":true,"searchable":true,"pageSize":10,"mainField":"id","defaultSortBy":"id","defaultSortOrder":"ASC"},"metadatas":{"id":{"edit":{},"list":{"label":"id","searchable":false,"sortable":false}},"body":{"edit":{"label":"body","description":"","placeholder":"","visible":true,"editable":true},"list":{"label":"body","searchable":false,"sortable":false}}},"layouts":{"list":["id"],"edit":[[{"name":"body","size":12}]]},"uid":"shared.rich-text","isComponent":true}	object	\N	\N
42	plugin_content_manager_configuration_components::sections.image-carousel	{"settings":{"bulkable":true,"filterable":true,"searchable":true,"pageSize":10,"mainField":"id","defaultSortBy":"id","defaultSortOrder":"ASC"},"metadatas":{"id":{"edit":{},"list":{"label":"id","searchable":false,"sortable":false}},"images":{"edit":{"label":"images","description":"","placeholder":"","visible":true,"editable":true},"list":{"label":"images","searchable":false,"sortable":false}}},"layouts":{"list":["id","images"],"edit":[[{"name":"images","size":6}]]},"uid":"sections.image-carousel","isComponent":true}	object	\N	\N
14	plugin_content_manager_configuration_content_types::admin::api-token-permission	{"settings":{"bulkable":true,"filterable":true,"searchable":true,"pageSize":10,"mainField":"action","defaultSortBy":"action","defaultSortOrder":"ASC"},"metadatas":{"id":{"edit":{},"list":{"label":"id","searchable":true,"sortable":true}},"action":{"edit":{"label":"action","description":"","placeholder":"","visible":true,"editable":true},"list":{"label":"action","searchable":true,"sortable":true}},"token":{"edit":{"label":"token","description":"","placeholder":"","visible":true,"editable":true,"mainField":"name"},"list":{"label":"token","searchable":true,"sortable":true}},"createdAt":{"edit":{"label":"createdAt","description":"","placeholder":"","visible":false,"editable":true},"list":{"label":"createdAt","searchable":true,"sortable":true}},"updatedAt":{"edit":{"label":"updatedAt","description":"","placeholder":"","visible":false,"editable":true},"list":{"label":"updatedAt","searchable":true,"sortable":true}},"createdBy":{"edit":{"label":"createdBy","description":"","placeholder":"","visible":false,"editable":true,"mainField":"firstname"},"list":{"label":"createdBy","searchable":true,"sortable":true}},"updatedBy":{"edit":{"label":"updatedBy","description":"","placeholder":"","visible":false,"editable":true,"mainField":"firstname"},"list":{"label":"updatedBy","searchable":true,"sortable":true}}},"layouts":{"list":["id","action","token","createdAt"],"edit":[[{"name":"action","size":6},{"name":"token","size":6}]]},"uid":"admin::api-token-permission"}	object	\N	\N
39	plugin_content_manager_configuration_components::shared.post-teaser	{"settings":{"bulkable":true,"filterable":true,"searchable":true,"pageSize":10,"mainField":"title","defaultSortBy":"title","defaultSortOrder":"ASC"},"metadatas":{"id":{"edit":{},"list":{"label":"id","searchable":false,"sortable":false}},"title":{"edit":{"label":"title","description":"","placeholder":"","visible":true,"editable":true},"list":{"label":"title","searchable":true,"sortable":true}},"summary":{"edit":{"label":"summary","description":"","placeholder":"","visible":true,"editable":true},"list":{"label":"summary","searchable":true,"sortable":true}},"image":{"edit":{"label":"image","description":"","placeholder":"","visible":true,"editable":true},"list":{"label":"image","searchable":false,"sortable":false}},"link":{"edit":{"label":"link","description":"","placeholder":"","visible":true,"editable":true},"list":{"label":"link","searchable":true,"sortable":true}}},"layouts":{"list":["id","title","summary","image"],"edit":[[{"name":"title","size":6},{"name":"summary","size":6}],[{"name":"image","size":6},{"name":"link","size":6}]]},"uid":"shared.post-teaser","isComponent":true}	object	\N	\N
33	plugin_content_manager_configuration_components::shared.feature	{"settings":{"bulkable":true,"filterable":true,"searchable":true,"pageSize":10,"mainField":"title","defaultSortBy":"title","defaultSortOrder":"ASC"},"metadatas":{"id":{"edit":{},"list":{"label":"id","searchable":false,"sortable":false}},"icon":{"edit":{"label":"icon","description":"","placeholder":"","visible":true,"editable":true},"list":{"label":"icon","searchable":false,"sortable":false}},"title":{"edit":{"label":"title","description":"","placeholder":"","visible":true,"editable":true},"list":{"label":"title","searchable":true,"sortable":true}},"description":{"edit":{"label":"description","description":"","placeholder":"","visible":true,"editable":true},"list":{"label":"description","searchable":true,"sortable":true}}},"layouts":{"list":["id","icon","title","description"],"edit":[[{"name":"icon","size":6},{"name":"title","size":6}],[{"name":"description","size":6}]]},"uid":"shared.feature","isComponent":true}	object	\N	\N
50	plugin_content_manager_configuration_content_types::api::page.page	{"settings":{"bulkable":true,"filterable":true,"searchable":true,"pageSize":10,"mainField":"title","defaultSortBy":"title","defaultSortOrder":"ASC"},"metadatas":{"id":{"edit":{},"list":{"label":"id","searchable":true,"sortable":true}},"title":{"edit":{"label":"title","description":"","placeholder":"","visible":true,"editable":true},"list":{"label":"title","searchable":true,"sortable":true}},"slug":{"edit":{"label":"slug","description":"","placeholder":"","visible":true,"editable":true},"list":{"label":"slug","searchable":true,"sortable":true}},"seo":{"edit":{"label":"seo","description":"","placeholder":"","visible":true,"editable":true},"list":{"label":"seo","searchable":false,"sortable":false}},"publishAt":{"edit":{"label":"publishAt","description":"","placeholder":"","visible":true,"editable":true},"list":{"label":"publishAt","searchable":true,"sortable":true}},"contentSections":{"edit":{"label":"contentSections","description":"","placeholder":"","visible":true,"editable":true},"list":{"label":"contentSections","searchable":false,"sortable":false}},"createdAt":{"edit":{"label":"createdAt","description":"","placeholder":"","visible":false,"editable":true},"list":{"label":"createdAt","searchable":true,"sortable":true}},"updatedAt":{"edit":{"label":"updatedAt","description":"","placeholder":"","visible":false,"editable":true},"list":{"label":"updatedAt","searchable":true,"sortable":true}},"createdBy":{"edit":{"label":"createdBy","description":"","placeholder":"","visible":false,"editable":true,"mainField":"firstname"},"list":{"label":"createdBy","searchable":true,"sortable":true}},"updatedBy":{"edit":{"label":"updatedBy","description":"","placeholder":"","visible":false,"editable":true,"mainField":"firstname"},"list":{"label":"updatedBy","searchable":true,"sortable":true}}},"layouts":{"list":["id","title","slug","seo"],"edit":[[{"name":"title","size":6},{"name":"slug","size":6}],[{"name":"seo","size":12}],[{"name":"publishAt","size":6}],[{"name":"contentSections","size":12}]]},"uid":"api::page.page"}	object	\N	\N
49	plugin_content_manager_configuration_content_types::api::author.author	{"settings":{"bulkable":true,"filterable":true,"searchable":true,"pageSize":10,"mainField":"name","defaultSortBy":"name","defaultSortOrder":"ASC"},"metadatas":{"id":{"edit":{},"list":{"label":"id","searchable":true,"sortable":true}},"name":{"edit":{"label":"name","description":"","placeholder":"","visible":true,"editable":true},"list":{"label":"name","searchable":true,"sortable":true}},"avatar":{"edit":{"label":"avatar","description":"","placeholder":"","visible":true,"editable":true},"list":{"label":"avatar","searchable":false,"sortable":false}},"email":{"edit":{"label":"email","description":"","placeholder":"","visible":true,"editable":true},"list":{"label":"email","searchable":true,"sortable":true}},"articles":{"edit":{"label":"articles","description":"","placeholder":"","visible":true,"editable":true,"mainField":"title"},"list":{"label":"articles","searchable":false,"sortable":false}},"createdAt":{"edit":{"label":"createdAt","description":"","placeholder":"","visible":false,"editable":true},"list":{"label":"createdAt","searchable":true,"sortable":true}},"updatedAt":{"edit":{"label":"updatedAt","description":"","placeholder":"","visible":false,"editable":true},"list":{"label":"updatedAt","searchable":true,"sortable":true}},"createdBy":{"edit":{"label":"createdBy","description":"","placeholder":"","visible":false,"editable":true,"mainField":"firstname"},"list":{"label":"createdBy","searchable":true,"sortable":true}},"updatedBy":{"edit":{"label":"updatedBy","description":"","placeholder":"","visible":false,"editable":true,"mainField":"firstname"},"list":{"label":"updatedBy","searchable":true,"sortable":true}}},"layouts":{"list":["id","name","avatar","email"],"edit":[[{"name":"name","size":6},{"name":"avatar","size":6}],[{"name":"email","size":6},{"name":"articles","size":6}]]},"uid":"api::author.author"}	object	\N	\N
40	plugin_content_manager_configuration_components::shared.faq-item	{"settings":{"bulkable":true,"filterable":true,"searchable":true,"pageSize":10,"mainField":"title","defaultSortBy":"title","defaultSortOrder":"ASC"},"metadatas":{"id":{"edit":{},"list":{"label":"id","searchable":false,"sortable":false}},"title":{"edit":{"label":"title","description":"","placeholder":"","visible":true,"editable":true},"list":{"label":"title","searchable":true,"sortable":true}},"summary":{"edit":{"label":"summary","description":"","placeholder":"","visible":true,"editable":true},"list":{"label":"summary","searchable":true,"sortable":true}},"image":{"edit":{"label":"image","description":"","placeholder":"","visible":true,"editable":true},"list":{"label":"image","searchable":false,"sortable":false}},"link":{"edit":{"label":"link","description":"","placeholder":"","visible":true,"editable":true},"list":{"label":"link","searchable":true,"sortable":true}}},"layouts":{"list":["id","title","summary","image"],"edit":[[{"name":"title","size":6},{"name":"summary","size":6}],[{"name":"image","size":6},{"name":"link","size":6}]]},"uid":"shared.faq-item","isComponent":true}	object	\N	\N
32	plugin_content_manager_configuration_components::sections.promotional-cta	{"settings":{"bulkable":true,"filterable":true,"searchable":true,"pageSize":10,"mainField":"title","defaultSortBy":"title","defaultSortOrder":"ASC"},"metadatas":{"id":{"edit":{},"list":{"label":"id","searchable":false,"sortable":false}},"title":{"edit":{"label":"title","description":"","placeholder":"","visible":true,"editable":true},"list":{"label":"title","searchable":true,"sortable":true}},"body":{"edit":{"label":"body","description":"","placeholder":"","visible":true,"editable":true},"list":{"label":"body","searchable":true,"sortable":true}},"buttonText":{"edit":{"label":"buttonText","description":"","placeholder":"","visible":true,"editable":true},"list":{"label":"buttonText","searchable":true,"sortable":true}},"buttonUrl":{"edit":{"label":"buttonUrl","description":"","placeholder":"","visible":true,"editable":true},"list":{"label":"buttonUrl","searchable":true,"sortable":true}}},"layouts":{"list":["id","title","body","buttonText"],"edit":[[{"name":"title","size":6},{"name":"body","size":6}],[{"name":"buttonText","size":6},{"name":"buttonUrl","size":6}]]},"uid":"sections.promotional-cta","isComponent":true}	object	\N	\N
35	plugin_content_manager_configuration_components::sections.testimonials	{"settings":{"bulkable":true,"filterable":true,"searchable":true,"pageSize":10,"mainField":"sectionTitle","defaultSortBy":"sectionTitle","defaultSortOrder":"ASC"},"metadatas":{"id":{"edit":{},"list":{"label":"id","searchable":false,"sortable":false}},"sectionTitle":{"edit":{"label":"sectionTitle","description":"","placeholder":"","visible":true,"editable":true},"list":{"label":"sectionTitle","searchable":true,"sortable":true}},"items":{"edit":{"label":"items","description":"","placeholder":"","visible":true,"editable":true},"list":{"label":"items","searchable":false,"sortable":false}}},"layouts":{"list":["id","sectionTitle","items"],"edit":[[{"name":"sectionTitle","size":6}],[{"name":"items","size":12}]]},"uid":"sections.testimonials","isComponent":true}	object	\N	\N
43	plugin_content_manager_configuration_components::sections.hero-banner	{"settings":{"bulkable":true,"filterable":true,"searchable":true,"pageSize":10,"mainField":"title","defaultSortBy":"title","defaultSortOrder":"ASC"},"metadatas":{"id":{"edit":{},"list":{"label":"id","searchable":false,"sortable":false}},"title":{"edit":{"label":"title","description":"","placeholder":"","visible":true,"editable":true},"list":{"label":"title","searchable":true,"sortable":true}},"subtitle":{"edit":{"label":"subtitle","description":"","placeholder":"","visible":true,"editable":true},"list":{"label":"subtitle","searchable":true,"sortable":true}},"backgroundImage":{"edit":{"label":"backgroundImage","description":"","placeholder":"","visible":true,"editable":true},"list":{"label":"backgroundImage","searchable":false,"sortable":false}},"buttonText":{"edit":{"label":"buttonText","description":"","placeholder":"","visible":true,"editable":true},"list":{"label":"buttonText","searchable":true,"sortable":true}},"buttonUrl":{"edit":{"label":"buttonUrl","description":"","placeholder":"","visible":true,"editable":true},"list":{"label":"buttonUrl","searchable":true,"sortable":true}}},"layouts":{"list":["id","title","subtitle","backgroundImage"],"edit":[[{"name":"title","size":6},{"name":"subtitle","size":6}],[{"name":"backgroundImage","size":6},{"name":"buttonText","size":6}],[{"name":"buttonUrl","size":6}]]},"uid":"sections.hero-banner","isComponent":true}	object	\N	\N
51	plugin_content_manager_configuration_content_types::api::article.article	{"settings":{"bulkable":true,"filterable":true,"searchable":true,"pageSize":10,"mainField":"title","defaultSortBy":"title","defaultSortOrder":"ASC"},"metadatas":{"id":{"edit":{},"list":{"label":"id","searchable":true,"sortable":true}},"title":{"edit":{"label":"title","description":"","placeholder":"","visible":true,"editable":true},"list":{"label":"title","searchable":true,"sortable":true}},"description":{"edit":{"label":"description","description":"","placeholder":"","visible":true,"editable":true},"list":{"label":"description","searchable":true,"sortable":true}},"slug":{"edit":{"label":"slug","description":"","placeholder":"","visible":true,"editable":true},"list":{"label":"slug","searchable":true,"sortable":true}},"cover":{"edit":{"label":"cover","description":"","placeholder":"","visible":true,"editable":true},"list":{"label":"cover","searchable":false,"sortable":false}},"author":{"edit":{"label":"author","description":"","placeholder":"","visible":true,"editable":true,"mainField":"name"},"list":{"label":"author","searchable":true,"sortable":true}},"category":{"edit":{"label":"category","description":"","placeholder":"","visible":true,"editable":true,"mainField":"name"},"list":{"label":"category","searchable":true,"sortable":true}},"blocks":{"edit":{"label":"blocks","description":"","placeholder":"","visible":true,"editable":true},"list":{"label":"blocks","searchable":false,"sortable":false}},"createdAt":{"edit":{"label":"createdAt","description":"","placeholder":"","visible":false,"editable":true},"list":{"label":"createdAt","searchable":true,"sortable":true}},"updatedAt":{"edit":{"label":"updatedAt","description":"","placeholder":"","visible":false,"editable":true},"list":{"label":"updatedAt","searchable":true,"sortable":true}},"createdBy":{"edit":{"label":"createdBy","description":"","placeholder":"","visible":false,"editable":true,"mainField":"firstname"},"list":{"label":"createdBy","searchable":true,"sortable":true}},"updatedBy":{"edit":{"label":"updatedBy","description":"","placeholder":"","visible":false,"editable":true,"mainField":"firstname"},"list":{"label":"updatedBy","searchable":true,"sortable":true}}},"layouts":{"list":["id","title","description","slug"],"edit":[[{"name":"title","size":6},{"name":"description","size":6}],[{"name":"slug","size":6},{"name":"cover","size":6}],[{"name":"author","size":6},{"name":"category","size":6}],[{"name":"blocks","size":12}]]},"uid":"api::article.article"}	object	\N	\N
34	plugin_content_manager_configuration_components::sections.rich-text-block	{"settings":{"bulkable":true,"filterable":true,"searchable":true,"pageSize":10,"mainField":"id","defaultSortBy":"id","defaultSortOrder":"ASC"},"metadatas":{"id":{"edit":{},"list":{"label":"id","searchable":false,"sortable":false}},"content":{"edit":{"label":"content","description":"","placeholder":"","visible":true,"editable":true},"list":{"label":"content","searchable":false,"sortable":false}}},"layouts":{"list":["id"],"edit":[[{"name":"content","size":12}]]},"uid":"sections.rich-text-block","isComponent":true}	object	\N	\N
41	plugin_content_manager_configuration_components::sections.product-slider	{"settings":{"bulkable":true,"filterable":true,"searchable":true,"pageSize":10,"mainField":"title","defaultSortBy":"title","defaultSortOrder":"ASC"},"metadatas":{"id":{"edit":{},"list":{"label":"id","searchable":false,"sortable":false}},"title":{"edit":{"label":"title","description":"","placeholder":"","visible":true,"editable":true},"list":{"label":"title","searchable":true,"sortable":true}},"slides":{"edit":{"label":"slides","description":"","placeholder":"","visible":true,"editable":true},"list":{"label":"slides","searchable":false,"sortable":false}}},"layouts":{"list":["id","title","slides"],"edit":[[{"name":"title","size":6}],[{"name":"slides","size":12}]]},"uid":"sections.product-slider","isComponent":true}	object	\N	\N
12	plugin_content_manager_configuration_content_types::plugin::content-releases.release-action	{"settings":{"bulkable":true,"filterable":true,"searchable":true,"pageSize":10,"mainField":"contentType","defaultSortBy":"contentType","defaultSortOrder":"ASC"},"metadatas":{"id":{"edit":{},"list":{"label":"id","searchable":true,"sortable":true}},"type":{"edit":{"label":"type","description":"","placeholder":"","visible":true,"editable":true},"list":{"label":"type","searchable":true,"sortable":true}},"contentType":{"edit":{"label":"contentType","description":"","placeholder":"","visible":true,"editable":true},"list":{"label":"contentType","searchable":true,"sortable":true}},"entryDocumentId":{"edit":{"label":"entryDocumentId","description":"","placeholder":"","visible":true,"editable":true},"list":{"label":"entryDocumentId","searchable":true,"sortable":true}},"release":{"edit":{"label":"release","description":"","placeholder":"","visible":true,"editable":true,"mainField":"name"},"list":{"label":"release","searchable":true,"sortable":true}},"isEntryValid":{"edit":{"label":"isEntryValid","description":"","placeholder":"","visible":true,"editable":true},"list":{"label":"isEntryValid","searchable":true,"sortable":true}},"createdAt":{"edit":{"label":"createdAt","description":"","placeholder":"","visible":false,"editable":true},"list":{"label":"createdAt","searchable":true,"sortable":true}},"updatedAt":{"edit":{"label":"updatedAt","description":"","placeholder":"","visible":false,"editable":true},"list":{"label":"updatedAt","searchable":true,"sortable":true}},"createdBy":{"edit":{"label":"createdBy","description":"","placeholder":"","visible":false,"editable":true,"mainField":"firstname"},"list":{"label":"createdBy","searchable":true,"sortable":true}},"updatedBy":{"edit":{"label":"updatedBy","description":"","placeholder":"","visible":false,"editable":true,"mainField":"firstname"},"list":{"label":"updatedBy","searchable":true,"sortable":true}}},"layouts":{"list":["id","type","contentType","entryDocumentId"],"edit":[[{"name":"type","size":6},{"name":"contentType","size":6}],[{"name":"entryDocumentId","size":6},{"name":"release","size":6}],[{"name":"isEntryValid","size":4}]]},"uid":"plugin::content-releases.release-action"}	object	\N	\N
36	plugin_content_manager_configuration_components::shared.seo	{"settings":{"bulkable":true,"filterable":true,"searchable":true,"pageSize":10,"mainField":"metaTitle","defaultSortBy":"metaTitle","defaultSortOrder":"ASC"},"metadatas":{"id":{"edit":{},"list":{"label":"id","searchable":false,"sortable":false}},"metaTitle":{"edit":{"label":"metaTitle","description":"","placeholder":"","visible":true,"editable":true},"list":{"label":"metaTitle","searchable":true,"sortable":true}},"metaDescription":{"edit":{"label":"metaDescription","description":"","placeholder":"","visible":true,"editable":true},"list":{"label":"metaDescription","searchable":true,"sortable":true}},"shareImage":{"edit":{"label":"shareImage","description":"","placeholder":"","visible":true,"editable":true},"list":{"label":"shareImage","searchable":false,"sortable":false}}},"layouts":{"list":["id","metaTitle","metaDescription","shareImage"],"edit":[[{"name":"metaTitle","size":6},{"name":"metaDescription","size":6}],[{"name":"shareImage","size":6}]]},"uid":"shared.seo","isComponent":true}	object	\N	\N
47	plugin_content_manager_configuration_components::sections.category-highlight	{"settings":{"bulkable":true,"filterable":true,"searchable":true,"pageSize":10,"mainField":"sectionTitle","defaultSortBy":"sectionTitle","defaultSortOrder":"ASC"},"metadatas":{"id":{"edit":{},"list":{"label":"id","searchable":false,"sortable":false}},"sectionTitle":{"edit":{"label":"sectionTitle","description":"","placeholder":"","visible":true,"editable":true},"list":{"label":"sectionTitle","searchable":true,"sortable":true}},"categories":{"edit":{"label":"categories","description":"","placeholder":"","visible":true,"editable":true},"list":{"label":"categories","searchable":false,"sortable":false}}},"layouts":{"list":["id","sectionTitle","categories"],"edit":[[{"name":"sectionTitle","size":6}],[{"name":"categories","size":12}]]},"uid":"sections.category-highlight","isComponent":true}	object	\N	\N
53	plugin_content_manager_configuration_content_types::api::about.about	{"settings":{"bulkable":true,"filterable":true,"searchable":true,"pageSize":10,"mainField":"title","defaultSortBy":"title","defaultSortOrder":"ASC"},"metadatas":{"id":{"edit":{},"list":{"label":"id","searchable":true,"sortable":true}},"title":{"edit":{"label":"title","description":"","placeholder":"","visible":true,"editable":true},"list":{"label":"title","searchable":true,"sortable":true}},"blocks":{"edit":{"label":"blocks","description":"","placeholder":"","visible":true,"editable":true},"list":{"label":"blocks","searchable":false,"sortable":false}},"createdAt":{"edit":{"label":"createdAt","description":"","placeholder":"","visible":false,"editable":true},"list":{"label":"createdAt","searchable":true,"sortable":true}},"updatedAt":{"edit":{"label":"updatedAt","description":"","placeholder":"","visible":false,"editable":true},"list":{"label":"updatedAt","searchable":true,"sortable":true}},"createdBy":{"edit":{"label":"createdBy","description":"","placeholder":"","visible":false,"editable":true,"mainField":"firstname"},"list":{"label":"createdBy","searchable":true,"sortable":true}},"updatedBy":{"edit":{"label":"updatedBy","description":"","placeholder":"","visible":false,"editable":true,"mainField":"firstname"},"list":{"label":"updatedBy","searchable":true,"sortable":true}}},"layouts":{"list":["id","title","createdAt","updatedAt"],"edit":[[{"name":"title","size":6}],[{"name":"blocks","size":12}]]},"uid":"api::about.about"}	object	\N	\N
38	plugin_content_manager_configuration_components::shared.product-slide	{"settings":{"bulkable":true,"filterable":true,"searchable":true,"pageSize":10,"mainField":"name","defaultSortBy":"name","defaultSortOrder":"ASC"},"metadatas":{"id":{"edit":{},"list":{"label":"id","searchable":false,"sortable":false}},"name":{"edit":{"label":"name","description":"","placeholder":"","visible":true,"editable":true},"list":{"label":"name","searchable":true,"sortable":true}},"description":{"edit":{"label":"description","description":"","placeholder":"","visible":true,"editable":true},"list":{"label":"description","searchable":true,"sortable":true}},"image":{"edit":{"label":"image","description":"","placeholder":"","visible":true,"editable":true},"list":{"label":"image","searchable":false,"sortable":false}},"link":{"edit":{"label":"link","description":"","placeholder":"","visible":true,"editable":true},"list":{"label":"link","searchable":true,"sortable":true}}},"layouts":{"list":["id","name","description","image"],"edit":[[{"name":"name","size":6},{"name":"description","size":6}],[{"name":"image","size":6},{"name":"link","size":6}]]},"uid":"shared.product-slide","isComponent":true}	object	\N	\N
18	plugin_content_manager_configuration_content_types::admin::transfer-token-permission	{"settings":{"bulkable":true,"filterable":true,"searchable":true,"pageSize":10,"mainField":"action","defaultSortBy":"action","defaultSortOrder":"ASC"},"metadatas":{"id":{"edit":{},"list":{"label":"id","searchable":true,"sortable":true}},"action":{"edit":{"label":"action","description":"","placeholder":"","visible":true,"editable":true},"list":{"label":"action","searchable":true,"sortable":true}},"token":{"edit":{"label":"token","description":"","placeholder":"","visible":true,"editable":true,"mainField":"name"},"list":{"label":"token","searchable":true,"sortable":true}},"createdAt":{"edit":{"label":"createdAt","description":"","placeholder":"","visible":false,"editable":true},"list":{"label":"createdAt","searchable":true,"sortable":true}},"updatedAt":{"edit":{"label":"updatedAt","description":"","placeholder":"","visible":false,"editable":true},"list":{"label":"updatedAt","searchable":true,"sortable":true}},"createdBy":{"edit":{"label":"createdBy","description":"","placeholder":"","visible":false,"editable":true,"mainField":"firstname"},"list":{"label":"createdBy","searchable":true,"sortable":true}},"updatedBy":{"edit":{"label":"updatedBy","description":"","placeholder":"","visible":false,"editable":true,"mainField":"firstname"},"list":{"label":"updatedBy","searchable":true,"sortable":true}}},"layouts":{"list":["id","action","token","createdAt"],"edit":[[{"name":"action","size":6},{"name":"token","size":6}]]},"uid":"admin::transfer-token-permission"}	object	\N	\N
26	core_admin_auth	{"providers":{"autoRegister":false,"defaultRole":null,"ssoLockedRoles":null}}	object	\N	\N
27	plugin_content_manager_configuration_components::shared.testimonial	{"settings":{"bulkable":true,"filterable":true,"searchable":true,"pageSize":10,"mainField":"authorName","defaultSortBy":"authorName","defaultSortOrder":"ASC"},"metadatas":{"id":{"edit":{},"list":{"label":"id","searchable":false,"sortable":false}},"quote":{"edit":{"label":"quote","description":"","placeholder":"","visible":true,"editable":true},"list":{"label":"quote","searchable":true,"sortable":true}},"authorName":{"edit":{"label":"authorName","description":"","placeholder":"","visible":true,"editable":true},"list":{"label":"authorName","searchable":true,"sortable":true}},"authorTitle":{"edit":{"label":"authorTitle","description":"","placeholder":"","visible":true,"editable":true},"list":{"label":"authorTitle","searchable":true,"sortable":true}},"authorImage":{"edit":{"label":"authorImage","description":"","placeholder":"","visible":true,"editable":true},"list":{"label":"authorImage","searchable":false,"sortable":false}}},"layouts":{"list":["id","quote","authorName","authorTitle"],"edit":[[{"name":"quote","size":6},{"name":"authorName","size":6}],[{"name":"authorTitle","size":6},{"name":"authorImage","size":6}]]},"uid":"shared.testimonial","isComponent":true}	object	\N	\N
28	plugin_content_manager_configuration_components::shared.category-card	{"settings":{"bulkable":true,"filterable":true,"searchable":true,"pageSize":10,"mainField":"name","defaultSortBy":"name","defaultSortOrder":"ASC"},"metadatas":{"id":{"edit":{},"list":{"label":"id","searchable":false,"sortable":false}},"name":{"edit":{"label":"name","description":"","placeholder":"","visible":true,"editable":true},"list":{"label":"name","searchable":true,"sortable":true}},"description":{"edit":{"label":"description","description":"","placeholder":"","visible":true,"editable":true},"list":{"label":"description","searchable":true,"sortable":true}},"image":{"edit":{"label":"image","description":"","placeholder":"","visible":true,"editable":true},"list":{"label":"image","searchable":false,"sortable":false}},"link":{"edit":{"label":"link","description":"","placeholder":"","visible":true,"editable":true},"list":{"label":"link","searchable":true,"sortable":true}}},"layouts":{"list":["id","name","description","image"],"edit":[[{"name":"name","size":6},{"name":"description","size":6}],[{"name":"image","size":6},{"name":"link","size":6}]]},"uid":"shared.category-card","isComponent":true}	object	\N	\N
11	plugin_content_manager_configuration_content_types::admin::user	{"settings":{"bulkable":true,"filterable":true,"searchable":true,"pageSize":10,"mainField":"firstname","defaultSortBy":"firstname","defaultSortOrder":"ASC"},"metadatas":{"id":{"edit":{},"list":{"label":"id","searchable":true,"sortable":true}},"firstname":{"edit":{"label":"firstname","description":"","placeholder":"","visible":true,"editable":true},"list":{"label":"firstname","searchable":true,"sortable":true}},"lastname":{"edit":{"label":"lastname","description":"","placeholder":"","visible":true,"editable":true},"list":{"label":"lastname","searchable":true,"sortable":true}},"username":{"edit":{"label":"username","description":"","placeholder":"","visible":true,"editable":true},"list":{"label":"username","searchable":true,"sortable":true}},"email":{"edit":{"label":"email","description":"","placeholder":"","visible":true,"editable":true},"list":{"label":"email","searchable":true,"sortable":true}},"password":{"edit":{"label":"password","description":"","placeholder":"","visible":true,"editable":true},"list":{"label":"password","searchable":true,"sortable":true}},"resetPasswordToken":{"edit":{"label":"resetPasswordToken","description":"","placeholder":"","visible":false,"editable":true},"list":{"label":"resetPasswordToken","searchable":true,"sortable":true}},"registrationToken":{"edit":{"label":"registrationToken","description":"","placeholder":"","visible":false,"editable":true},"list":{"label":"registrationToken","searchable":true,"sortable":true}},"isActive":{"edit":{"label":"isActive","description":"","placeholder":"","visible":true,"editable":true},"list":{"label":"isActive","searchable":true,"sortable":true}},"roles":{"edit":{"label":"roles","description":"","placeholder":"","visible":true,"editable":true,"mainField":"name"},"list":{"label":"roles","searchable":false,"sortable":false}},"blocked":{"edit":{"label":"blocked","description":"","placeholder":"","visible":true,"editable":true},"list":{"label":"blocked","searchable":true,"sortable":true}},"preferedLanguage":{"edit":{"label":"preferedLanguage","description":"","placeholder":"","visible":true,"editable":true},"list":{"label":"preferedLanguage","searchable":true,"sortable":true}},"createdAt":{"edit":{"label":"createdAt","description":"","placeholder":"","visible":false,"editable":true},"list":{"label":"createdAt","searchable":true,"sortable":true}},"updatedAt":{"edit":{"label":"updatedAt","description":"","placeholder":"","visible":false,"editable":true},"list":{"label":"updatedAt","searchable":true,"sortable":true}},"createdBy":{"edit":{"label":"createdBy","description":"","placeholder":"","visible":false,"editable":true,"mainField":"firstname"},"list":{"label":"createdBy","searchable":true,"sortable":true}},"updatedBy":{"edit":{"label":"updatedBy","description":"","placeholder":"","visible":false,"editable":true,"mainField":"firstname"},"list":{"label":"updatedBy","searchable":true,"sortable":true}}},"layouts":{"list":["id","firstname","lastname","username"],"edit":[[{"name":"firstname","size":6},{"name":"lastname","size":6}],[{"name":"username","size":6},{"name":"email","size":6}],[{"name":"password","size":6},{"name":"isActive","size":4}],[{"name":"roles","size":6},{"name":"blocked","size":4}],[{"name":"preferedLanguage","size":6}]]},"uid":"admin::user"}	object	\N	\N
19	plugin_upload_settings	{"sizeOptimization":true,"responsiveDimensions":true,"autoOrientation":false}	object	\N	\N
20	plugin_upload_view_configuration	{"pageSize":10,"sort":"createdAt:DESC"}	object	\N	\N
21	plugin_upload_metrics	{"weeklySchedule":"14 48 0 * * 2","lastWeeklyUpdate":1753125494068}	object	\N	\N
16	plugin_content_manager_configuration_content_types::admin::permission	{"settings":{"bulkable":true,"filterable":true,"searchable":true,"pageSize":10,"mainField":"action","defaultSortBy":"action","defaultSortOrder":"ASC"},"metadatas":{"id":{"edit":{},"list":{"label":"id","searchable":true,"sortable":true}},"action":{"edit":{"label":"action","description":"","placeholder":"","visible":true,"editable":true},"list":{"label":"action","searchable":true,"sortable":true}},"actionParameters":{"edit":{"label":"actionParameters","description":"","placeholder":"","visible":true,"editable":true},"list":{"label":"actionParameters","searchable":false,"sortable":false}},"subject":{"edit":{"label":"subject","description":"","placeholder":"","visible":true,"editable":true},"list":{"label":"subject","searchable":true,"sortable":true}},"properties":{"edit":{"label":"properties","description":"","placeholder":"","visible":true,"editable":true},"list":{"label":"properties","searchable":false,"sortable":false}},"conditions":{"edit":{"label":"conditions","description":"","placeholder":"","visible":true,"editable":true},"list":{"label":"conditions","searchable":false,"sortable":false}},"role":{"edit":{"label":"role","description":"","placeholder":"","visible":true,"editable":true,"mainField":"name"},"list":{"label":"role","searchable":true,"sortable":true}},"createdAt":{"edit":{"label":"createdAt","description":"","placeholder":"","visible":false,"editable":true},"list":{"label":"createdAt","searchable":true,"sortable":true}},"updatedAt":{"edit":{"label":"updatedAt","description":"","placeholder":"","visible":false,"editable":true},"list":{"label":"updatedAt","searchable":true,"sortable":true}},"createdBy":{"edit":{"label":"createdBy","description":"","placeholder":"","visible":false,"editable":true,"mainField":"firstname"},"list":{"label":"createdBy","searchable":true,"sortable":true}},"updatedBy":{"edit":{"label":"updatedBy","description":"","placeholder":"","visible":false,"editable":true,"mainField":"firstname"},"list":{"label":"updatedBy","searchable":true,"sortable":true}}},"layouts":{"list":["id","action","subject","role"],"edit":[[{"name":"action","size":6}],[{"name":"actionParameters","size":12}],[{"name":"subject","size":6}],[{"name":"properties","size":12}],[{"name":"conditions","size":12}],[{"name":"role","size":6}]]},"uid":"admin::permission"}	object	\N	\N
22	plugin_i18n_default_locale	"en"	string	\N	\N
23	plugin_users-permissions_grant	{"email":{"icon":"envelope","enabled":true},"discord":{"icon":"discord","enabled":false,"key":"","secret":"","callbackUrl":"api/auth/discord/callback","scope":["identify","email"]},"facebook":{"icon":"facebook-square","enabled":false,"key":"","secret":"","callbackUrl":"api/auth/facebook/callback","scope":["email"]},"google":{"icon":"google","enabled":false,"key":"","secret":"","callbackUrl":"api/auth/google/callback","scope":["email"]},"github":{"icon":"github","enabled":false,"key":"","secret":"","callbackUrl":"api/auth/github/callback","scope":["user","user:email"]},"microsoft":{"icon":"windows","enabled":false,"key":"","secret":"","callbackUrl":"api/auth/microsoft/callback","scope":["user.read"]},"twitter":{"icon":"twitter","enabled":false,"key":"","secret":"","callbackUrl":"api/auth/twitter/callback"},"instagram":{"icon":"instagram","enabled":false,"key":"","secret":"","callbackUrl":"api/auth/instagram/callback","scope":["user_profile"]},"vk":{"icon":"vk","enabled":false,"key":"","secret":"","callbackUrl":"api/auth/vk/callback","scope":["email"]},"twitch":{"icon":"twitch","enabled":false,"key":"","secret":"","callbackUrl":"api/auth/twitch/callback","scope":["user:read:email"]},"linkedin":{"icon":"linkedin","enabled":false,"key":"","secret":"","callbackUrl":"api/auth/linkedin/callback","scope":["r_liteprofile","r_emailaddress"]},"cognito":{"icon":"aws","enabled":false,"key":"","secret":"","subdomain":"my.subdomain.com","callback":"api/auth/cognito/callback","scope":["email","openid","profile"]},"reddit":{"icon":"reddit","enabled":false,"key":"","secret":"","callback":"api/auth/reddit/callback","scope":["identity"]},"auth0":{"icon":"","enabled":false,"key":"","secret":"","subdomain":"my-tenant.eu","callback":"api/auth/auth0/callback","scope":["openid","email","profile"]},"cas":{"icon":"book","enabled":false,"key":"","secret":"","callback":"api/auth/cas/callback","scope":["openid email"],"subdomain":"my.subdomain.com/cas"},"patreon":{"icon":"","enabled":false,"key":"","secret":"","callback":"api/auth/patreon/callback","scope":["identity","identity[email]"]},"keycloak":{"icon":"","enabled":false,"key":"","secret":"","subdomain":"myKeycloakProvider.com/realms/myrealm","callback":"api/auth/keycloak/callback","scope":["openid","email","profile"]}}	object	\N	\N
24	plugin_users-permissions_email	{"reset_password":{"display":"Email.template.reset_password","icon":"sync","options":{"from":{"name":"Administration Panel","email":"no-reply@strapi.io"},"response_email":"","object":"Reset password","message":"<p>We heard that you lost your password. Sorry about that!</p>\\n\\n<p>But dont worry! You can use the following link to reset your password:</p>\\n<p><%= URL %>?code=<%= TOKEN %></p>\\n\\n<p>Thanks.</p>"}},"email_confirmation":{"display":"Email.template.email_confirmation","icon":"check-square","options":{"from":{"name":"Administration Panel","email":"no-reply@strapi.io"},"response_email":"","object":"Account confirmation","message":"<p>Thank you for registering!</p>\\n\\n<p>You have to confirm your email address. Please click on the link below.</p>\\n\\n<p><%= URL %>?confirmation=<%= CODE %></p>\\n\\n<p>Thanks.</p>"}}}	object	\N	\N
25	plugin_users-permissions_advanced	{"unique_email":true,"allow_register":true,"email_confirmation":false,"email_reset_password":null,"email_confirmation_redirection":null,"default_role":"authenticated"}	object	\N	\N
\.


--
-- Data for Name: strapi_database_schema; Type: TABLE DATA; Schema: public; Owner: root
--

COPY public.strapi_database_schema (id, schema, "time", hash) FROM stdin;
29	{"tables":[{"name":"files","indexes":[{"name":"upload_files_folder_path_index","columns":["folder_path"],"type":null},{"name":"upload_files_created_at_index","columns":["created_at"],"type":null},{"name":"upload_files_updated_at_index","columns":["updated_at"],"type":null},{"name":"upload_files_name_index","columns":["name"],"type":null},{"name":"upload_files_size_index","columns":["size"],"type":null},{"name":"upload_files_ext_index","columns":["ext"],"type":null},{"name":"files_documents_idx","columns":["document_id","locale","published_at"]},{"name":"files_created_by_id_fk","columns":["created_by_id"]},{"name":"files_updated_by_id_fk","columns":["updated_by_id"]}],"foreignKeys":[{"name":"files_created_by_id_fk","columns":["created_by_id"],"referencedTable":"admin_users","referencedColumns":["id"],"onDelete":"SET NULL"},{"name":"files_updated_by_id_fk","columns":["updated_by_id"],"referencedTable":"admin_users","referencedColumns":["id"],"onDelete":"SET NULL"}],"columns":[{"name":"id","type":"increments","args":[{"primary":true,"primaryKey":true}],"defaultTo":null,"notNullable":true,"unsigned":false},{"name":"document_id","type":"string","args":[],"defaultTo":null,"notNullable":false,"unsigned":false},{"name":"name","type":"string","args":[],"defaultTo":null,"notNullable":false,"unsigned":false},{"name":"alternative_text","type":"string","args":[],"defaultTo":null,"notNullable":false,"unsigned":false},{"name":"caption","type":"string","args":[],"defaultTo":null,"notNullable":false,"unsigned":false},{"name":"width","type":"integer","args":[],"defaultTo":null,"notNullable":false,"unsigned":false},{"name":"height","type":"integer","args":[],"defaultTo":null,"notNullable":false,"unsigned":false},{"name":"formats","type":"jsonb","args":[],"defaultTo":null,"notNullable":false,"unsigned":false},{"name":"hash","type":"string","args":[],"defaultTo":null,"notNullable":false,"unsigned":false},{"name":"ext","type":"string","args":[],"defaultTo":null,"notNullable":false,"unsigned":false},{"name":"mime","type":"string","args":[],"defaultTo":null,"notNullable":false,"unsigned":false},{"name":"size","type":"decimal","args":[10,2],"defaultTo":null,"notNullable":false,"unsigned":false},{"name":"url","type":"string","args":[],"defaultTo":null,"notNullable":false,"unsigned":false},{"name":"preview_url","type":"string","args":[],"defaultTo":null,"notNullable":false,"unsigned":false},{"name":"provider","type":"string","args":[],"defaultTo":null,"notNullable":false,"unsigned":false},{"name":"provider_metadata","type":"jsonb","args":[],"defaultTo":null,"notNullable":false,"unsigned":false},{"name":"folder_path","type":"string","args":[],"defaultTo":null,"notNullable":false,"unsigned":false},{"name":"created_at","type":"datetime","args":[{"useTz":false,"precision":6}],"defaultTo":null,"notNullable":false,"unsigned":false},{"name":"updated_at","type":"datetime","args":[{"useTz":false,"precision":6}],"defaultTo":null,"notNullable":false,"unsigned":false},{"name":"published_at","type":"datetime","args":[{"useTz":false,"precision":6}],"defaultTo":null,"notNullable":false,"unsigned":false},{"name":"created_by_id","type":"integer","args":[],"defaultTo":null,"notNullable":false,"unsigned":true},{"name":"updated_by_id","type":"integer","args":[],"defaultTo":null,"notNullable":false,"unsigned":true},{"name":"locale","type":"string","args":[],"defaultTo":null,"notNullable":false,"unsigned":false}]},{"name":"upload_folders","indexes":[{"name":"upload_folders_path_id_index","columns":["path_id"],"type":"unique"},{"name":"upload_folders_path_index","columns":["path"],"type":"unique"},{"name":"upload_folders_documents_idx","columns":["document_id","locale","published_at"]},{"name":"upload_folders_created_by_id_fk","columns":["created_by_id"]},{"name":"upload_folders_updated_by_id_fk","columns":["updated_by_id"]}],"foreignKeys":[{"name":"upload_folders_created_by_id_fk","columns":["created_by_id"],"referencedTable":"admin_users","referencedColumns":["id"],"onDelete":"SET NULL"},{"name":"upload_folders_updated_by_id_fk","columns":["updated_by_id"],"referencedTable":"admin_users","referencedColumns":["id"],"onDelete":"SET NULL"}],"columns":[{"name":"id","type":"increments","args":[{"primary":true,"primaryKey":true}],"defaultTo":null,"notNullable":true,"unsigned":false},{"name":"document_id","type":"string","args":[],"defaultTo":null,"notNullable":false,"unsigned":false},{"name":"name","type":"string","args":[],"defaultTo":null,"notNullable":false,"unsigned":false},{"name":"path_id","type":"integer","args":[],"defaultTo":null,"notNullable":false,"unsigned":false},{"name":"path","type":"string","args":[],"defaultTo":null,"notNullable":false,"unsigned":false},{"name":"created_at","type":"datetime","args":[{"useTz":false,"precision":6}],"defaultTo":null,"notNullable":false,"unsigned":false},{"name":"updated_at","type":"datetime","args":[{"useTz":false,"precision":6}],"defaultTo":null,"notNullable":false,"unsigned":false},{"name":"published_at","type":"datetime","args":[{"useTz":false,"precision":6}],"defaultTo":null,"notNullable":false,"unsigned":false},{"name":"created_by_id","type":"integer","args":[],"defaultTo":null,"notNullable":false,"unsigned":true},{"name":"updated_by_id","type":"integer","args":[],"defaultTo":null,"notNullable":false,"unsigned":true},{"name":"locale","type":"string","args":[],"defaultTo":null,"notNullable":false,"unsigned":false}]},{"name":"i18n_locale","indexes":[{"name":"i18n_locale_documents_idx","columns":["document_id","locale","published_at"]},{"name":"i18n_locale_created_by_id_fk","columns":["created_by_id"]},{"name":"i18n_locale_updated_by_id_fk","columns":["updated_by_id"]}],"foreignKeys":[{"name":"i18n_locale_created_by_id_fk","columns":["created_by_id"],"referencedTable":"admin_users","referencedColumns":["id"],"onDelete":"SET NULL"},{"name":"i18n_locale_updated_by_id_fk","columns":["updated_by_id"],"referencedTable":"admin_users","referencedColumns":["id"],"onDelete":"SET NULL"}],"columns":[{"name":"id","type":"increments","args":[{"primary":true,"primaryKey":true}],"defaultTo":null,"notNullable":true,"unsigned":false},{"name":"document_id","type":"string","args":[],"defaultTo":null,"notNullable":false,"unsigned":false},{"name":"name","type":"string","args":[],"defaultTo":null,"notNullable":false,"unsigned":false},{"name":"code","type":"string","args":[],"defaultTo":null,"notNullable":false,"unsigned":false},{"name":"created_at","type":"datetime","args":[{"useTz":false,"precision":6}],"defaultTo":null,"notNullable":false,"unsigned":false},{"name":"updated_at","type":"datetime","args":[{"useTz":false,"precision":6}],"defaultTo":null,"notNullable":false,"unsigned":false},{"name":"published_at","type":"datetime","args":[{"useTz":false,"precision":6}],"defaultTo":null,"notNullable":false,"unsigned":false},{"name":"created_by_id","type":"integer","args":[],"defaultTo":null,"notNullable":false,"unsigned":true},{"name":"updated_by_id","type":"integer","args":[],"defaultTo":null,"notNullable":false,"unsigned":true},{"name":"locale","type":"string","args":[],"defaultTo":null,"notNullable":false,"unsigned":false}]},{"name":"strapi_releases","indexes":[{"name":"strapi_releases_documents_idx","columns":["document_id","locale","published_at"]},{"name":"strapi_releases_created_by_id_fk","columns":["created_by_id"]},{"name":"strapi_releases_updated_by_id_fk","columns":["updated_by_id"]}],"foreignKeys":[{"name":"strapi_releases_created_by_id_fk","columns":["created_by_id"],"referencedTable":"admin_users","referencedColumns":["id"],"onDelete":"SET NULL"},{"name":"strapi_releases_updated_by_id_fk","columns":["updated_by_id"],"referencedTable":"admin_users","referencedColumns":["id"],"onDelete":"SET NULL"}],"columns":[{"name":"id","type":"increments","args":[{"primary":true,"primaryKey":true}],"defaultTo":null,"notNullable":true,"unsigned":false},{"name":"document_id","type":"string","args":[],"defaultTo":null,"notNullable":false,"unsigned":false},{"name":"name","type":"string","args":[],"defaultTo":null,"notNullable":false,"unsigned":false},{"name":"released_at","type":"datetime","args":[{"useTz":false,"precision":6}],"defaultTo":null,"notNullable":false,"unsigned":false},{"name":"scheduled_at","type":"datetime","args":[{"useTz":false,"precision":6}],"defaultTo":null,"notNullable":false,"unsigned":false},{"name":"timezone","type":"string","args":[],"defaultTo":null,"notNullable":false,"unsigned":false},{"name":"status","type":"string","args":[],"defaultTo":null,"notNullable":false,"unsigned":false},{"name":"created_at","type":"datetime","args":[{"useTz":false,"precision":6}],"defaultTo":null,"notNullable":false,"unsigned":false},{"name":"updated_at","type":"datetime","args":[{"useTz":false,"precision":6}],"defaultTo":null,"notNullable":false,"unsigned":false},{"name":"published_at","type":"datetime","args":[{"useTz":false,"precision":6}],"defaultTo":null,"notNullable":false,"unsigned":false},{"name":"created_by_id","type":"integer","args":[],"defaultTo":null,"notNullable":false,"unsigned":true},{"name":"updated_by_id","type":"integer","args":[],"defaultTo":null,"notNullable":false,"unsigned":true},{"name":"locale","type":"string","args":[],"defaultTo":null,"notNullable":false,"unsigned":false}]},{"name":"strapi_release_actions","indexes":[{"name":"strapi_release_actions_documents_idx","columns":["document_id","locale","published_at"]},{"name":"strapi_release_actions_created_by_id_fk","columns":["created_by_id"]},{"name":"strapi_release_actions_updated_by_id_fk","columns":["updated_by_id"]}],"foreignKeys":[{"name":"strapi_release_actions_created_by_id_fk","columns":["created_by_id"],"referencedTable":"admin_users","referencedColumns":["id"],"onDelete":"SET NULL"},{"name":"strapi_release_actions_updated_by_id_fk","columns":["updated_by_id"],"referencedTable":"admin_users","referencedColumns":["id"],"onDelete":"SET NULL"}],"columns":[{"name":"id","type":"increments","args":[{"primary":true,"primaryKey":true}],"defaultTo":null,"notNullable":true,"unsigned":false},{"name":"document_id","type":"string","args":[],"defaultTo":null,"notNullable":false,"unsigned":false},{"name":"type","type":"string","args":[],"defaultTo":null,"notNullable":false,"unsigned":false},{"name":"content_type","type":"string","args":[],"defaultTo":null,"notNullable":false,"unsigned":false},{"name":"entry_document_id","type":"string","args":[],"defaultTo":null,"notNullable":false,"unsigned":false},{"name":"locale","type":"string","args":[],"defaultTo":null,"notNullable":false,"unsigned":false},{"name":"is_entry_valid","type":"boolean","args":[],"defaultTo":null,"notNullable":false,"unsigned":false},{"name":"created_at","type":"datetime","args":[{"useTz":false,"precision":6}],"defaultTo":null,"notNullable":false,"unsigned":false},{"name":"updated_at","type":"datetime","args":[{"useTz":false,"precision":6}],"defaultTo":null,"notNullable":false,"unsigned":false},{"name":"published_at","type":"datetime","args":[{"useTz":false,"precision":6}],"defaultTo":null,"notNullable":false,"unsigned":false},{"name":"created_by_id","type":"integer","args":[],"defaultTo":null,"notNullable":false,"unsigned":true},{"name":"updated_by_id","type":"integer","args":[],"defaultTo":null,"notNullable":false,"unsigned":true}]},{"name":"strapi_workflows","indexes":[{"name":"strapi_workflows_documents_idx","columns":["document_id","locale","published_at"]},{"name":"strapi_workflows_created_by_id_fk","columns":["created_by_id"]},{"name":"strapi_workflows_updated_by_id_fk","columns":["updated_by_id"]}],"foreignKeys":[{"name":"strapi_workflows_created_by_id_fk","columns":["created_by_id"],"referencedTable":"admin_users","referencedColumns":["id"],"onDelete":"SET NULL"},{"name":"strapi_workflows_updated_by_id_fk","columns":["updated_by_id"],"referencedTable":"admin_users","referencedColumns":["id"],"onDelete":"SET NULL"}],"columns":[{"name":"id","type":"increments","args":[{"primary":true,"primaryKey":true}],"defaultTo":null,"notNullable":true,"unsigned":false},{"name":"document_id","type":"string","args":[],"defaultTo":null,"notNullable":false,"unsigned":false},{"name":"name","type":"string","args":[],"defaultTo":null,"notNullable":false,"unsigned":false},{"name":"content_types","type":"jsonb","args":[],"defaultTo":null,"notNullable":false,"unsigned":false},{"name":"created_at","type":"datetime","args":[{"useTz":false,"precision":6}],"defaultTo":null,"notNullable":false,"unsigned":false},{"name":"updated_at","type":"datetime","args":[{"useTz":false,"precision":6}],"defaultTo":null,"notNullable":false,"unsigned":false},{"name":"published_at","type":"datetime","args":[{"useTz":false,"precision":6}],"defaultTo":null,"notNullable":false,"unsigned":false},{"name":"created_by_id","type":"integer","args":[],"defaultTo":null,"notNullable":false,"unsigned":true},{"name":"updated_by_id","type":"integer","args":[],"defaultTo":null,"notNullable":false,"unsigned":true},{"name":"locale","type":"string","args":[],"defaultTo":null,"notNullable":false,"unsigned":false}]},{"name":"strapi_workflows_stages","indexes":[{"name":"strapi_workflows_stages_documents_idx","columns":["document_id","locale","published_at"]},{"name":"strapi_workflows_stages_created_by_id_fk","columns":["created_by_id"]},{"name":"strapi_workflows_stages_updated_by_id_fk","columns":["updated_by_id"]}],"foreignKeys":[{"name":"strapi_workflows_stages_created_by_id_fk","columns":["created_by_id"],"referencedTable":"admin_users","referencedColumns":["id"],"onDelete":"SET NULL"},{"name":"strapi_workflows_stages_updated_by_id_fk","columns":["updated_by_id"],"referencedTable":"admin_users","referencedColumns":["id"],"onDelete":"SET NULL"}],"columns":[{"name":"id","type":"increments","args":[{"primary":true,"primaryKey":true}],"defaultTo":null,"notNullable":true,"unsigned":false},{"name":"document_id","type":"string","args":[],"defaultTo":null,"notNullable":false,"unsigned":false},{"name":"name","type":"string","args":[],"defaultTo":null,"notNullable":false,"unsigned":false},{"name":"color","type":"string","args":[],"defaultTo":null,"notNullable":false,"unsigned":false},{"name":"created_at","type":"datetime","args":[{"useTz":false,"precision":6}],"defaultTo":null,"notNullable":false,"unsigned":false},{"name":"updated_at","type":"datetime","args":[{"useTz":false,"precision":6}],"defaultTo":null,"notNullable":false,"unsigned":false},{"name":"published_at","type":"datetime","args":[{"useTz":false,"precision":6}],"defaultTo":null,"notNullable":false,"unsigned":false},{"name":"created_by_id","type":"integer","args":[],"defaultTo":null,"notNullable":false,"unsigned":true},{"name":"updated_by_id","type":"integer","args":[],"defaultTo":null,"notNullable":false,"unsigned":true},{"name":"locale","type":"string","args":[],"defaultTo":null,"notNullable":false,"unsigned":false}]},{"name":"up_permissions","indexes":[{"name":"up_permissions_documents_idx","columns":["document_id","locale","published_at"]},{"name":"up_permissions_created_by_id_fk","columns":["created_by_id"]},{"name":"up_permissions_updated_by_id_fk","columns":["updated_by_id"]}],"foreignKeys":[{"name":"up_permissions_created_by_id_fk","columns":["created_by_id"],"referencedTable":"admin_users","referencedColumns":["id"],"onDelete":"SET NULL"},{"name":"up_permissions_updated_by_id_fk","columns":["updated_by_id"],"referencedTable":"admin_users","referencedColumns":["id"],"onDelete":"SET NULL"}],"columns":[{"name":"id","type":"increments","args":[{"primary":true,"primaryKey":true}],"defaultTo":null,"notNullable":true,"unsigned":false},{"name":"document_id","type":"string","args":[],"defaultTo":null,"notNullable":false,"unsigned":false},{"name":"action","type":"string","args":[],"defaultTo":null,"notNullable":false,"unsigned":false},{"name":"created_at","type":"datetime","args":[{"useTz":false,"precision":6}],"defaultTo":null,"notNullable":false,"unsigned":false},{"name":"updated_at","type":"datetime","args":[{"useTz":false,"precision":6}],"defaultTo":null,"notNullable":false,"unsigned":false},{"name":"published_at","type":"datetime","args":[{"useTz":false,"precision":6}],"defaultTo":null,"notNullable":false,"unsigned":false},{"name":"created_by_id","type":"integer","args":[],"defaultTo":null,"notNullable":false,"unsigned":true},{"name":"updated_by_id","type":"integer","args":[],"defaultTo":null,"notNullable":false,"unsigned":true},{"name":"locale","type":"string","args":[],"defaultTo":null,"notNullable":false,"unsigned":false}]},{"name":"up_roles","indexes":[{"name":"up_roles_documents_idx","columns":["document_id","locale","published_at"]},{"name":"up_roles_created_by_id_fk","columns":["created_by_id"]},{"name":"up_roles_updated_by_id_fk","columns":["updated_by_id"]}],"foreignKeys":[{"name":"up_roles_created_by_id_fk","columns":["created_by_id"],"referencedTable":"admin_users","referencedColumns":["id"],"onDelete":"SET NULL"},{"name":"up_roles_updated_by_id_fk","columns":["updated_by_id"],"referencedTable":"admin_users","referencedColumns":["id"],"onDelete":"SET NULL"}],"columns":[{"name":"id","type":"increments","args":[{"primary":true,"primaryKey":true}],"defaultTo":null,"notNullable":true,"unsigned":false},{"name":"document_id","type":"string","args":[],"defaultTo":null,"notNullable":false,"unsigned":false},{"name":"name","type":"string","args":[],"defaultTo":null,"notNullable":false,"unsigned":false},{"name":"description","type":"string","args":[],"defaultTo":null,"notNullable":false,"unsigned":false},{"name":"type","type":"string","args":[],"defaultTo":null,"notNullable":false,"unsigned":false},{"name":"created_at","type":"datetime","args":[{"useTz":false,"precision":6}],"defaultTo":null,"notNullable":false,"unsigned":false},{"name":"updated_at","type":"datetime","args":[{"useTz":false,"precision":6}],"defaultTo":null,"notNullable":false,"unsigned":false},{"name":"published_at","type":"datetime","args":[{"useTz":false,"precision":6}],"defaultTo":null,"notNullable":false,"unsigned":false},{"name":"created_by_id","type":"integer","args":[],"defaultTo":null,"notNullable":false,"unsigned":true},{"name":"updated_by_id","type":"integer","args":[],"defaultTo":null,"notNullable":false,"unsigned":true},{"name":"locale","type":"string","args":[],"defaultTo":null,"notNullable":false,"unsigned":false}]},{"name":"up_users","indexes":[{"name":"up_users_documents_idx","columns":["document_id","locale","published_at"]},{"name":"up_users_created_by_id_fk","columns":["created_by_id"]},{"name":"up_users_updated_by_id_fk","columns":["updated_by_id"]}],"foreignKeys":[{"name":"up_users_created_by_id_fk","columns":["created_by_id"],"referencedTable":"admin_users","referencedColumns":["id"],"onDelete":"SET NULL"},{"name":"up_users_updated_by_id_fk","columns":["updated_by_id"],"referencedTable":"admin_users","referencedColumns":["id"],"onDelete":"SET NULL"}],"columns":[{"name":"id","type":"increments","args":[{"primary":true,"primaryKey":true}],"defaultTo":null,"notNullable":true,"unsigned":false},{"name":"document_id","type":"string","args":[],"defaultTo":null,"notNullable":false,"unsigned":false},{"name":"username","type":"string","args":[],"defaultTo":null,"notNullable":false,"unsigned":false},{"name":"email","type":"string","args":[],"defaultTo":null,"notNullable":false,"unsigned":false},{"name":"provider","type":"string","args":[],"defaultTo":null,"notNullable":false,"unsigned":false},{"name":"password","type":"string","args":[],"defaultTo":null,"notNullable":false,"unsigned":false},{"name":"reset_password_token","type":"string","args":[],"defaultTo":null,"notNullable":false,"unsigned":false},{"name":"confirmation_token","type":"string","args":[],"defaultTo":null,"notNullable":false,"unsigned":false},{"name":"confirmed","type":"boolean","args":[],"defaultTo":null,"notNullable":false,"unsigned":false},{"name":"blocked","type":"boolean","args":[],"defaultTo":null,"notNullable":false,"unsigned":false},{"name":"created_at","type":"datetime","args":[{"useTz":false,"precision":6}],"defaultTo":null,"notNullable":false,"unsigned":false},{"name":"updated_at","type":"datetime","args":[{"useTz":false,"precision":6}],"defaultTo":null,"notNullable":false,"unsigned":false},{"name":"published_at","type":"datetime","args":[{"useTz":false,"precision":6}],"defaultTo":null,"notNullable":false,"unsigned":false},{"name":"created_by_id","type":"integer","args":[],"defaultTo":null,"notNullable":false,"unsigned":true},{"name":"updated_by_id","type":"integer","args":[],"defaultTo":null,"notNullable":false,"unsigned":true},{"name":"locale","type":"string","args":[],"defaultTo":null,"notNullable":false,"unsigned":false}]},{"name":"abouts_cmps","indexes":[{"name":"abouts_field_idx","columns":["field"]},{"name":"abouts_component_type_idx","columns":["component_type"]},{"name":"abouts_entity_fk","columns":["entity_id"]},{"name":"abouts_uq","columns":["entity_id","cmp_id","field","component_type"],"type":"unique"}],"foreignKeys":[{"name":"abouts_entity_fk","columns":["entity_id"],"referencedColumns":["id"],"referencedTable":"abouts","onDelete":"CASCADE"}],"columns":[{"name":"id","type":"increments","args":[{"primary":true,"primaryKey":true}],"defaultTo":null,"notNullable":true,"unsigned":false},{"name":"entity_id","type":"integer","args":[],"defaultTo":null,"notNullable":false,"unsigned":true},{"name":"cmp_id","type":"integer","args":[],"defaultTo":null,"notNullable":false,"unsigned":true},{"name":"component_type","type":"string","args":[],"defaultTo":null,"notNullable":false,"unsigned":false},{"name":"field","type":"string","args":[],"defaultTo":null,"notNullable":false,"unsigned":false},{"name":"order","type":"double","args":[],"defaultTo":null,"notNullable":false,"unsigned":true}]},{"name":"abouts","indexes":[{"name":"abouts_documents_idx","columns":["document_id","locale","published_at"]},{"name":"abouts_created_by_id_fk","columns":["created_by_id"]},{"name":"abouts_updated_by_id_fk","columns":["updated_by_id"]}],"foreignKeys":[{"name":"abouts_created_by_id_fk","columns":["created_by_id"],"referencedTable":"admin_users","referencedColumns":["id"],"onDelete":"SET NULL"},{"name":"abouts_updated_by_id_fk","columns":["updated_by_id"],"referencedTable":"admin_users","referencedColumns":["id"],"onDelete":"SET NULL"}],"columns":[{"name":"id","type":"increments","args":[{"primary":true,"primaryKey":true}],"defaultTo":null,"notNullable":true,"unsigned":false},{"name":"document_id","type":"string","args":[],"defaultTo":null,"notNullable":false,"unsigned":false},{"name":"title","type":"string","args":[],"defaultTo":null,"notNullable":false,"unsigned":false},{"name":"created_at","type":"datetime","args":[{"useTz":false,"precision":6}],"defaultTo":null,"notNullable":false,"unsigned":false},{"name":"updated_at","type":"datetime","args":[{"useTz":false,"precision":6}],"defaultTo":null,"notNullable":false,"unsigned":false},{"name":"published_at","type":"datetime","args":[{"useTz":false,"precision":6}],"defaultTo":null,"notNullable":false,"unsigned":false},{"name":"created_by_id","type":"integer","args":[],"defaultTo":null,"notNullable":false,"unsigned":true},{"name":"updated_by_id","type":"integer","args":[],"defaultTo":null,"notNullable":false,"unsigned":true},{"name":"locale","type":"string","args":[],"defaultTo":null,"notNullable":false,"unsigned":false}]},{"name":"articles_cmps","indexes":[{"name":"articles_field_idx","columns":["field"]},{"name":"articles_component_type_idx","columns":["component_type"]},{"name":"articles_entity_fk","columns":["entity_id"]},{"name":"articles_uq","columns":["entity_id","cmp_id","field","component_type"],"type":"unique"}],"foreignKeys":[{"name":"articles_entity_fk","columns":["entity_id"],"referencedColumns":["id"],"referencedTable":"articles","onDelete":"CASCADE"}],"columns":[{"name":"id","type":"increments","args":[{"primary":true,"primaryKey":true}],"defaultTo":null,"notNullable":true,"unsigned":false},{"name":"entity_id","type":"integer","args":[],"defaultTo":null,"notNullable":false,"unsigned":true},{"name":"cmp_id","type":"integer","args":[],"defaultTo":null,"notNullable":false,"unsigned":true},{"name":"component_type","type":"string","args":[],"defaultTo":null,"notNullable":false,"unsigned":false},{"name":"field","type":"string","args":[],"defaultTo":null,"notNullable":false,"unsigned":false},{"name":"order","type":"double","args":[],"defaultTo":null,"notNullable":false,"unsigned":true}]},{"name":"articles","indexes":[{"name":"articles_documents_idx","columns":["document_id","locale","published_at"]},{"name":"articles_created_by_id_fk","columns":["created_by_id"]},{"name":"articles_updated_by_id_fk","columns":["updated_by_id"]}],"foreignKeys":[{"name":"articles_created_by_id_fk","columns":["created_by_id"],"referencedTable":"admin_users","referencedColumns":["id"],"onDelete":"SET NULL"},{"name":"articles_updated_by_id_fk","columns":["updated_by_id"],"referencedTable":"admin_users","referencedColumns":["id"],"onDelete":"SET NULL"}],"columns":[{"name":"id","type":"increments","args":[{"primary":true,"primaryKey":true}],"defaultTo":null,"notNullable":true,"unsigned":false},{"name":"document_id","type":"string","args":[],"defaultTo":null,"notNullable":false,"unsigned":false},{"name":"title","type":"string","args":[],"defaultTo":null,"notNullable":false,"unsigned":false},{"name":"description","type":"text","args":["longtext"],"defaultTo":null,"notNullable":false,"unsigned":false},{"name":"slug","type":"string","args":[],"defaultTo":null,"notNullable":false,"unsigned":false},{"name":"created_at","type":"datetime","args":[{"useTz":false,"precision":6}],"defaultTo":null,"notNullable":false,"unsigned":false},{"name":"updated_at","type":"datetime","args":[{"useTz":false,"precision":6}],"defaultTo":null,"notNullable":false,"unsigned":false},{"name":"published_at","type":"datetime","args":[{"useTz":false,"precision":6}],"defaultTo":null,"notNullable":false,"unsigned":false},{"name":"created_by_id","type":"integer","args":[],"defaultTo":null,"notNullable":false,"unsigned":true},{"name":"updated_by_id","type":"integer","args":[],"defaultTo":null,"notNullable":false,"unsigned":true},{"name":"locale","type":"string","args":[],"defaultTo":null,"notNullable":false,"unsigned":false}]},{"name":"authors","indexes":[{"name":"authors_documents_idx","columns":["document_id","locale","published_at"]},{"name":"authors_created_by_id_fk","columns":["created_by_id"]},{"name":"authors_updated_by_id_fk","columns":["updated_by_id"]}],"foreignKeys":[{"name":"authors_created_by_id_fk","columns":["created_by_id"],"referencedTable":"admin_users","referencedColumns":["id"],"onDelete":"SET NULL"},{"name":"authors_updated_by_id_fk","columns":["updated_by_id"],"referencedTable":"admin_users","referencedColumns":["id"],"onDelete":"SET NULL"}],"columns":[{"name":"id","type":"increments","args":[{"primary":true,"primaryKey":true}],"defaultTo":null,"notNullable":true,"unsigned":false},{"name":"document_id","type":"string","args":[],"defaultTo":null,"notNullable":false,"unsigned":false},{"name":"name","type":"string","args":[],"defaultTo":null,"notNullable":false,"unsigned":false},{"name":"email","type":"string","args":[],"defaultTo":null,"notNullable":false,"unsigned":false},{"name":"created_at","type":"datetime","args":[{"useTz":false,"precision":6}],"defaultTo":null,"notNullable":false,"unsigned":false},{"name":"updated_at","type":"datetime","args":[{"useTz":false,"precision":6}],"defaultTo":null,"notNullable":false,"unsigned":false},{"name":"published_at","type":"datetime","args":[{"useTz":false,"precision":6}],"defaultTo":null,"notNullable":false,"unsigned":false},{"name":"created_by_id","type":"integer","args":[],"defaultTo":null,"notNullable":false,"unsigned":true},{"name":"updated_by_id","type":"integer","args":[],"defaultTo":null,"notNullable":false,"unsigned":true},{"name":"locale","type":"string","args":[],"defaultTo":null,"notNullable":false,"unsigned":false}]},{"name":"categories","indexes":[{"name":"categories_documents_idx","columns":["document_id","locale","published_at"]},{"name":"categories_created_by_id_fk","columns":["created_by_id"]},{"name":"categories_updated_by_id_fk","columns":["updated_by_id"]}],"foreignKeys":[{"name":"categories_created_by_id_fk","columns":["created_by_id"],"referencedTable":"admin_users","referencedColumns":["id"],"onDelete":"SET NULL"},{"name":"categories_updated_by_id_fk","columns":["updated_by_id"],"referencedTable":"admin_users","referencedColumns":["id"],"onDelete":"SET NULL"}],"columns":[{"name":"id","type":"increments","args":[{"primary":true,"primaryKey":true}],"defaultTo":null,"notNullable":true,"unsigned":false},{"name":"document_id","type":"string","args":[],"defaultTo":null,"notNullable":false,"unsigned":false},{"name":"name","type":"string","args":[],"defaultTo":null,"notNullable":false,"unsigned":false},{"name":"slug","type":"string","args":[],"defaultTo":null,"notNullable":false,"unsigned":false},{"name":"description","type":"text","args":["longtext"],"defaultTo":null,"notNullable":false,"unsigned":false},{"name":"created_at","type":"datetime","args":[{"useTz":false,"precision":6}],"defaultTo":null,"notNullable":false,"unsigned":false},{"name":"updated_at","type":"datetime","args":[{"useTz":false,"precision":6}],"defaultTo":null,"notNullable":false,"unsigned":false},{"name":"published_at","type":"datetime","args":[{"useTz":false,"precision":6}],"defaultTo":null,"notNullable":false,"unsigned":false},{"name":"created_by_id","type":"integer","args":[],"defaultTo":null,"notNullable":false,"unsigned":true},{"name":"updated_by_id","type":"integer","args":[],"defaultTo":null,"notNullable":false,"unsigned":true},{"name":"locale","type":"string","args":[],"defaultTo":null,"notNullable":false,"unsigned":false}]},{"name":"globals_cmps","indexes":[{"name":"globals_field_idx","columns":["field"]},{"name":"globals_component_type_idx","columns":["component_type"]},{"name":"globals_entity_fk","columns":["entity_id"]},{"name":"globals_uq","columns":["entity_id","cmp_id","field","component_type"],"type":"unique"}],"foreignKeys":[{"name":"globals_entity_fk","columns":["entity_id"],"referencedColumns":["id"],"referencedTable":"globals","onDelete":"CASCADE"}],"columns":[{"name":"id","type":"increments","args":[{"primary":true,"primaryKey":true}],"defaultTo":null,"notNullable":true,"unsigned":false},{"name":"entity_id","type":"integer","args":[],"defaultTo":null,"notNullable":false,"unsigned":true},{"name":"cmp_id","type":"integer","args":[],"defaultTo":null,"notNullable":false,"unsigned":true},{"name":"component_type","type":"string","args":[],"defaultTo":null,"notNullable":false,"unsigned":false},{"name":"field","type":"string","args":[],"defaultTo":null,"notNullable":false,"unsigned":false},{"name":"order","type":"double","args":[],"defaultTo":null,"notNullable":false,"unsigned":true}]},{"name":"globals","indexes":[{"name":"globals_documents_idx","columns":["document_id","locale","published_at"]},{"name":"globals_created_by_id_fk","columns":["created_by_id"]},{"name":"globals_updated_by_id_fk","columns":["updated_by_id"]}],"foreignKeys":[{"name":"globals_created_by_id_fk","columns":["created_by_id"],"referencedTable":"admin_users","referencedColumns":["id"],"onDelete":"SET NULL"},{"name":"globals_updated_by_id_fk","columns":["updated_by_id"],"referencedTable":"admin_users","referencedColumns":["id"],"onDelete":"SET NULL"}],"columns":[{"name":"id","type":"increments","args":[{"primary":true,"primaryKey":true}],"defaultTo":null,"notNullable":true,"unsigned":false},{"name":"document_id","type":"string","args":[],"defaultTo":null,"notNullable":false,"unsigned":false},{"name":"site_name","type":"string","args":[],"defaultTo":null,"notNullable":false,"unsigned":false},{"name":"site_description","type":"text","args":["longtext"],"defaultTo":null,"notNullable":false,"unsigned":false},{"name":"created_at","type":"datetime","args":[{"useTz":false,"precision":6}],"defaultTo":null,"notNullable":false,"unsigned":false},{"name":"updated_at","type":"datetime","args":[{"useTz":false,"precision":6}],"defaultTo":null,"notNullable":false,"unsigned":false},{"name":"published_at","type":"datetime","args":[{"useTz":false,"precision":6}],"defaultTo":null,"notNullable":false,"unsigned":false},{"name":"created_by_id","type":"integer","args":[],"defaultTo":null,"notNullable":false,"unsigned":true},{"name":"updated_by_id","type":"integer","args":[],"defaultTo":null,"notNullable":false,"unsigned":true},{"name":"locale","type":"string","args":[],"defaultTo":null,"notNullable":false,"unsigned":false}]},{"name":"kitchen_estimators_cmps","indexes":[{"name":"kitchen_estimators_field_idx","columns":["field"]},{"name":"kitchen_estimators_component_type_idx","columns":["component_type"]},{"name":"kitchen_estimators_entity_fk","columns":["entity_id"]},{"name":"kitchen_estimators_uq","columns":["entity_id","cmp_id","field","component_type"],"type":"unique"}],"foreignKeys":[{"name":"kitchen_estimators_entity_fk","columns":["entity_id"],"referencedColumns":["id"],"referencedTable":"kitchen_estimators","onDelete":"CASCADE"}],"columns":[{"name":"id","type":"increments","args":[{"primary":true,"primaryKey":true}],"defaultTo":null,"notNullable":true,"unsigned":false},{"name":"entity_id","type":"integer","args":[],"defaultTo":null,"notNullable":false,"unsigned":true},{"name":"cmp_id","type":"integer","args":[],"defaultTo":null,"notNullable":false,"unsigned":true},{"name":"component_type","type":"string","args":[],"defaultTo":null,"notNullable":false,"unsigned":false},{"name":"field","type":"string","args":[],"defaultTo":null,"notNullable":false,"unsigned":false},{"name":"order","type":"double","args":[],"defaultTo":null,"notNullable":false,"unsigned":true}]},{"name":"kitchen_estimators","indexes":[{"name":"kitchen_estimators_documents_idx","columns":["document_id","locale","published_at"]},{"name":"kitchen_estimators_created_by_id_fk","columns":["created_by_id"]},{"name":"kitchen_estimators_updated_by_id_fk","columns":["updated_by_id"]}],"foreignKeys":[{"name":"kitchen_estimators_created_by_id_fk","columns":["created_by_id"],"referencedTable":"admin_users","referencedColumns":["id"],"onDelete":"SET NULL"},{"name":"kitchen_estimators_updated_by_id_fk","columns":["updated_by_id"],"referencedTable":"admin_users","referencedColumns":["id"],"onDelete":"SET NULL"}],"columns":[{"name":"id","type":"increments","args":[{"primary":true,"primaryKey":true}],"defaultTo":null,"notNullable":true,"unsigned":false},{"name":"document_id","type":"string","args":[],"defaultTo":null,"notNullable":false,"unsigned":false},{"name":"title","type":"string","args":[],"defaultTo":null,"notNullable":false,"unsigned":false},{"name":"created_at","type":"datetime","args":[{"useTz":false,"precision":6}],"defaultTo":null,"notNullable":false,"unsigned":false},{"name":"updated_at","type":"datetime","args":[{"useTz":false,"precision":6}],"defaultTo":null,"notNullable":false,"unsigned":false},{"name":"published_at","type":"datetime","args":[{"useTz":false,"precision":6}],"defaultTo":null,"notNullable":false,"unsigned":false},{"name":"created_by_id","type":"integer","args":[],"defaultTo":null,"notNullable":false,"unsigned":true},{"name":"updated_by_id","type":"integer","args":[],"defaultTo":null,"notNullable":false,"unsigned":true},{"name":"locale","type":"string","args":[],"defaultTo":null,"notNullable":false,"unsigned":false}]},{"name":"pages_cmps","indexes":[{"name":"pages_field_idx","columns":["field"]},{"name":"pages_component_type_idx","columns":["component_type"]},{"name":"pages_entity_fk","columns":["entity_id"]},{"name":"pages_uq","columns":["entity_id","cmp_id","field","component_type"],"type":"unique"}],"foreignKeys":[{"name":"pages_entity_fk","columns":["entity_id"],"referencedColumns":["id"],"referencedTable":"pages","onDelete":"CASCADE"}],"columns":[{"name":"id","type":"increments","args":[{"primary":true,"primaryKey":true}],"defaultTo":null,"notNullable":true,"unsigned":false},{"name":"entity_id","type":"integer","args":[],"defaultTo":null,"notNullable":false,"unsigned":true},{"name":"cmp_id","type":"integer","args":[],"defaultTo":null,"notNullable":false,"unsigned":true},{"name":"component_type","type":"string","args":[],"defaultTo":null,"notNullable":false,"unsigned":false},{"name":"field","type":"string","args":[],"defaultTo":null,"notNullable":false,"unsigned":false},{"name":"order","type":"double","args":[],"defaultTo":null,"notNullable":false,"unsigned":true}]},{"name":"pages","indexes":[{"name":"pages_documents_idx","columns":["document_id","locale","published_at"]},{"name":"pages_created_by_id_fk","columns":["created_by_id"]},{"name":"pages_updated_by_id_fk","columns":["updated_by_id"]}],"foreignKeys":[{"name":"pages_created_by_id_fk","columns":["created_by_id"],"referencedTable":"admin_users","referencedColumns":["id"],"onDelete":"SET NULL"},{"name":"pages_updated_by_id_fk","columns":["updated_by_id"],"referencedTable":"admin_users","referencedColumns":["id"],"onDelete":"SET NULL"}],"columns":[{"name":"id","type":"increments","args":[{"primary":true,"primaryKey":true}],"defaultTo":null,"notNullable":true,"unsigned":false},{"name":"document_id","type":"string","args":[],"defaultTo":null,"notNullable":false,"unsigned":false},{"name":"title","type":"string","args":[],"defaultTo":null,"notNullable":false,"unsigned":false},{"name":"slug","type":"string","args":[],"defaultTo":null,"notNullable":false,"unsigned":false},{"name":"publish_at","type":"datetime","args":[{"useTz":false,"precision":6}],"defaultTo":null,"notNullable":false,"unsigned":false},{"name":"created_at","type":"datetime","args":[{"useTz":false,"precision":6}],"defaultTo":null,"notNullable":false,"unsigned":false},{"name":"updated_at","type":"datetime","args":[{"useTz":false,"precision":6}],"defaultTo":null,"notNullable":false,"unsigned":false},{"name":"published_at","type":"datetime","args":[{"useTz":false,"precision":6}],"defaultTo":null,"notNullable":false,"unsigned":false},{"name":"created_by_id","type":"integer","args":[],"defaultTo":null,"notNullable":false,"unsigned":true},{"name":"updated_by_id","type":"integer","args":[],"defaultTo":null,"notNullable":false,"unsigned":true},{"name":"locale","type":"string","args":[],"defaultTo":null,"notNullable":false,"unsigned":false}]},{"name":"admin_permissions","indexes":[{"name":"admin_permissions_documents_idx","columns":["document_id","locale","published_at"]},{"name":"admin_permissions_created_by_id_fk","columns":["created_by_id"]},{"name":"admin_permissions_updated_by_id_fk","columns":["updated_by_id"]}],"foreignKeys":[{"name":"admin_permissions_created_by_id_fk","columns":["created_by_id"],"referencedTable":"admin_users","referencedColumns":["id"],"onDelete":"SET NULL"},{"name":"admin_permissions_updated_by_id_fk","columns":["updated_by_id"],"referencedTable":"admin_users","referencedColumns":["id"],"onDelete":"SET NULL"}],"columns":[{"name":"id","type":"increments","args":[{"primary":true,"primaryKey":true}],"defaultTo":null,"notNullable":true,"unsigned":false},{"name":"document_id","type":"string","args":[],"defaultTo":null,"notNullable":false,"unsigned":false},{"name":"action","type":"string","args":[],"defaultTo":null,"notNullable":false,"unsigned":false},{"name":"action_parameters","type":"jsonb","args":[],"defaultTo":null,"notNullable":false,"unsigned":false},{"name":"subject","type":"string","args":[],"defaultTo":null,"notNullable":false,"unsigned":false},{"name":"properties","type":"jsonb","args":[],"defaultTo":null,"notNullable":false,"unsigned":false},{"name":"conditions","type":"jsonb","args":[],"defaultTo":null,"notNullable":false,"unsigned":false},{"name":"created_at","type":"datetime","args":[{"useTz":false,"precision":6}],"defaultTo":null,"notNullable":false,"unsigned":false},{"name":"updated_at","type":"datetime","args":[{"useTz":false,"precision":6}],"defaultTo":null,"notNullable":false,"unsigned":false},{"name":"published_at","type":"datetime","args":[{"useTz":false,"precision":6}],"defaultTo":null,"notNullable":false,"unsigned":false},{"name":"created_by_id","type":"integer","args":[],"defaultTo":null,"notNullable":false,"unsigned":true},{"name":"updated_by_id","type":"integer","args":[],"defaultTo":null,"notNullable":false,"unsigned":true},{"name":"locale","type":"string","args":[],"defaultTo":null,"notNullable":false,"unsigned":false}]},{"name":"admin_users","indexes":[{"name":"admin_users_documents_idx","columns":["document_id","locale","published_at"]},{"name":"admin_users_created_by_id_fk","columns":["created_by_id"]},{"name":"admin_users_updated_by_id_fk","columns":["updated_by_id"]}],"foreignKeys":[{"name":"admin_users_created_by_id_fk","columns":["created_by_id"],"referencedTable":"admin_users","referencedColumns":["id"],"onDelete":"SET NULL"},{"name":"admin_users_updated_by_id_fk","columns":["updated_by_id"],"referencedTable":"admin_users","referencedColumns":["id"],"onDelete":"SET NULL"}],"columns":[{"name":"id","type":"increments","args":[{"primary":true,"primaryKey":true}],"defaultTo":null,"notNullable":true,"unsigned":false},{"name":"document_id","type":"string","args":[],"defaultTo":null,"notNullable":false,"unsigned":false},{"name":"firstname","type":"string","args":[],"defaultTo":null,"notNullable":false,"unsigned":false},{"name":"lastname","type":"string","args":[],"defaultTo":null,"notNullable":false,"unsigned":false},{"name":"username","type":"string","args":[],"defaultTo":null,"notNullable":false,"unsigned":false},{"name":"email","type":"string","args":[],"defaultTo":null,"notNullable":false,"unsigned":false},{"name":"password","type":"string","args":[],"defaultTo":null,"notNullable":false,"unsigned":false},{"name":"reset_password_token","type":"string","args":[],"defaultTo":null,"notNullable":false,"unsigned":false},{"name":"registration_token","type":"string","args":[],"defaultTo":null,"notNullable":false,"unsigned":false},{"name":"is_active","type":"boolean","args":[],"defaultTo":null,"notNullable":false,"unsigned":false},{"name":"blocked","type":"boolean","args":[],"defaultTo":null,"notNullable":false,"unsigned":false},{"name":"prefered_language","type":"string","args":[],"defaultTo":null,"notNullable":false,"unsigned":false},{"name":"created_at","type":"datetime","args":[{"useTz":false,"precision":6}],"defaultTo":null,"notNullable":false,"unsigned":false},{"name":"updated_at","type":"datetime","args":[{"useTz":false,"precision":6}],"defaultTo":null,"notNullable":false,"unsigned":false},{"name":"published_at","type":"datetime","args":[{"useTz":false,"precision":6}],"defaultTo":null,"notNullable":false,"unsigned":false},{"name":"created_by_id","type":"integer","args":[],"defaultTo":null,"notNullable":false,"unsigned":true},{"name":"updated_by_id","type":"integer","args":[],"defaultTo":null,"notNullable":false,"unsigned":true},{"name":"locale","type":"string","args":[],"defaultTo":null,"notNullable":false,"unsigned":false}]},{"name":"admin_roles","indexes":[{"name":"admin_roles_documents_idx","columns":["document_id","locale","published_at"]},{"name":"admin_roles_created_by_id_fk","columns":["created_by_id"]},{"name":"admin_roles_updated_by_id_fk","columns":["updated_by_id"]}],"foreignKeys":[{"name":"admin_roles_created_by_id_fk","columns":["created_by_id"],"referencedTable":"admin_users","referencedColumns":["id"],"onDelete":"SET NULL"},{"name":"admin_roles_updated_by_id_fk","columns":["updated_by_id"],"referencedTable":"admin_users","referencedColumns":["id"],"onDelete":"SET NULL"}],"columns":[{"name":"id","type":"increments","args":[{"primary":true,"primaryKey":true}],"defaultTo":null,"notNullable":true,"unsigned":false},{"name":"document_id","type":"string","args":[],"defaultTo":null,"notNullable":false,"unsigned":false},{"name":"name","type":"string","args":[],"defaultTo":null,"notNullable":false,"unsigned":false},{"name":"code","type":"string","args":[],"defaultTo":null,"notNullable":false,"unsigned":false},{"name":"description","type":"string","args":[],"defaultTo":null,"notNullable":false,"unsigned":false},{"name":"created_at","type":"datetime","args":[{"useTz":false,"precision":6}],"defaultTo":null,"notNullable":false,"unsigned":false},{"name":"updated_at","type":"datetime","args":[{"useTz":false,"precision":6}],"defaultTo":null,"notNullable":false,"unsigned":false},{"name":"published_at","type":"datetime","args":[{"useTz":false,"precision":6}],"defaultTo":null,"notNullable":false,"unsigned":false},{"name":"created_by_id","type":"integer","args":[],"defaultTo":null,"notNullable":false,"unsigned":true},{"name":"updated_by_id","type":"integer","args":[],"defaultTo":null,"notNullable":false,"unsigned":true},{"name":"locale","type":"string","args":[],"defaultTo":null,"notNullable":false,"unsigned":false}]},{"name":"strapi_api_tokens","indexes":[{"name":"strapi_api_tokens_documents_idx","columns":["document_id","locale","published_at"]},{"name":"strapi_api_tokens_created_by_id_fk","columns":["created_by_id"]},{"name":"strapi_api_tokens_updated_by_id_fk","columns":["updated_by_id"]}],"foreignKeys":[{"name":"strapi_api_tokens_created_by_id_fk","columns":["created_by_id"],"referencedTable":"admin_users","referencedColumns":["id"],"onDelete":"SET NULL"},{"name":"strapi_api_tokens_updated_by_id_fk","columns":["updated_by_id"],"referencedTable":"admin_users","referencedColumns":["id"],"onDelete":"SET NULL"}],"columns":[{"name":"id","type":"increments","args":[{"primary":true,"primaryKey":true}],"defaultTo":null,"notNullable":true,"unsigned":false},{"name":"document_id","type":"string","args":[],"defaultTo":null,"notNullable":false,"unsigned":false},{"name":"name","type":"string","args":[],"defaultTo":null,"notNullable":false,"unsigned":false},{"name":"description","type":"string","args":[],"defaultTo":null,"notNullable":false,"unsigned":false},{"name":"type","type":"string","args":[],"defaultTo":null,"notNullable":false,"unsigned":false},{"name":"access_key","type":"string","args":[],"defaultTo":null,"notNullable":false,"unsigned":false},{"name":"encrypted_key","type":"text","args":["longtext"],"defaultTo":null,"notNullable":false,"unsigned":false},{"name":"last_used_at","type":"datetime","args":[{"useTz":false,"precision":6}],"defaultTo":null,"notNullable":false,"unsigned":false},{"name":"expires_at","type":"datetime","args":[{"useTz":false,"precision":6}],"defaultTo":null,"notNullable":false,"unsigned":false},{"name":"lifespan","type":"bigInteger","args":[],"defaultTo":null,"notNullable":false,"unsigned":false},{"name":"created_at","type":"datetime","args":[{"useTz":false,"precision":6}],"defaultTo":null,"notNullable":false,"unsigned":false},{"name":"updated_at","type":"datetime","args":[{"useTz":false,"precision":6}],"defaultTo":null,"notNullable":false,"unsigned":false},{"name":"published_at","type":"datetime","args":[{"useTz":false,"precision":6}],"defaultTo":null,"notNullable":false,"unsigned":false},{"name":"created_by_id","type":"integer","args":[],"defaultTo":null,"notNullable":false,"unsigned":true},{"name":"updated_by_id","type":"integer","args":[],"defaultTo":null,"notNullable":false,"unsigned":true},{"name":"locale","type":"string","args":[],"defaultTo":null,"notNullable":false,"unsigned":false}]},{"name":"strapi_api_token_permissions","indexes":[{"name":"strapi_api_token_permissions_documents_idx","columns":["document_id","locale","published_at"]},{"name":"strapi_api_token_permissions_created_by_id_fk","columns":["created_by_id"]},{"name":"strapi_api_token_permissions_updated_by_id_fk","columns":["updated_by_id"]}],"foreignKeys":[{"name":"strapi_api_token_permissions_created_by_id_fk","columns":["created_by_id"],"referencedTable":"admin_users","referencedColumns":["id"],"onDelete":"SET NULL"},{"name":"strapi_api_token_permissions_updated_by_id_fk","columns":["updated_by_id"],"referencedTable":"admin_users","referencedColumns":["id"],"onDelete":"SET NULL"}],"columns":[{"name":"id","type":"increments","args":[{"primary":true,"primaryKey":true}],"defaultTo":null,"notNullable":true,"unsigned":false},{"name":"document_id","type":"string","args":[],"defaultTo":null,"notNullable":false,"unsigned":false},{"name":"action","type":"string","args":[],"defaultTo":null,"notNullable":false,"unsigned":false},{"name":"created_at","type":"datetime","args":[{"useTz":false,"precision":6}],"defaultTo":null,"notNullable":false,"unsigned":false},{"name":"updated_at","type":"datetime","args":[{"useTz":false,"precision":6}],"defaultTo":null,"notNullable":false,"unsigned":false},{"name":"published_at","type":"datetime","args":[{"useTz":false,"precision":6}],"defaultTo":null,"notNullable":false,"unsigned":false},{"name":"created_by_id","type":"integer","args":[],"defaultTo":null,"notNullable":false,"unsigned":true},{"name":"updated_by_id","type":"integer","args":[],"defaultTo":null,"notNullable":false,"unsigned":true},{"name":"locale","type":"string","args":[],"defaultTo":null,"notNullable":false,"unsigned":false}]},{"name":"strapi_transfer_tokens","indexes":[{"name":"strapi_transfer_tokens_documents_idx","columns":["document_id","locale","published_at"]},{"name":"strapi_transfer_tokens_created_by_id_fk","columns":["created_by_id"]},{"name":"strapi_transfer_tokens_updated_by_id_fk","columns":["updated_by_id"]}],"foreignKeys":[{"name":"strapi_transfer_tokens_created_by_id_fk","columns":["created_by_id"],"referencedTable":"admin_users","referencedColumns":["id"],"onDelete":"SET NULL"},{"name":"strapi_transfer_tokens_updated_by_id_fk","columns":["updated_by_id"],"referencedTable":"admin_users","referencedColumns":["id"],"onDelete":"SET NULL"}],"columns":[{"name":"id","type":"increments","args":[{"primary":true,"primaryKey":true}],"defaultTo":null,"notNullable":true,"unsigned":false},{"name":"document_id","type":"string","args":[],"defaultTo":null,"notNullable":false,"unsigned":false},{"name":"name","type":"string","args":[],"defaultTo":null,"notNullable":false,"unsigned":false},{"name":"description","type":"string","args":[],"defaultTo":null,"notNullable":false,"unsigned":false},{"name":"access_key","type":"string","args":[],"defaultTo":null,"notNullable":false,"unsigned":false},{"name":"last_used_at","type":"datetime","args":[{"useTz":false,"precision":6}],"defaultTo":null,"notNullable":false,"unsigned":false},{"name":"expires_at","type":"datetime","args":[{"useTz":false,"precision":6}],"defaultTo":null,"notNullable":false,"unsigned":false},{"name":"lifespan","type":"bigInteger","args":[],"defaultTo":null,"notNullable":false,"unsigned":false},{"name":"created_at","type":"datetime","args":[{"useTz":false,"precision":6}],"defaultTo":null,"notNullable":false,"unsigned":false},{"name":"updated_at","type":"datetime","args":[{"useTz":false,"precision":6}],"defaultTo":null,"notNullable":false,"unsigned":false},{"name":"published_at","type":"datetime","args":[{"useTz":false,"precision":6}],"defaultTo":null,"notNullable":false,"unsigned":false},{"name":"created_by_id","type":"integer","args":[],"defaultTo":null,"notNullable":false,"unsigned":true},{"name":"updated_by_id","type":"integer","args":[],"defaultTo":null,"notNullable":false,"unsigned":true},{"name":"locale","type":"string","args":[],"defaultTo":null,"notNullable":false,"unsigned":false}]},{"name":"strapi_transfer_token_permissions","indexes":[{"name":"strapi_transfer_token_permissions_documents_idx","columns":["document_id","locale","published_at"]},{"name":"strapi_transfer_token_permissions_created_by_id_fk","columns":["created_by_id"]},{"name":"strapi_transfer_token_permissions_updated_by_id_fk","columns":["updated_by_id"]}],"foreignKeys":[{"name":"strapi_transfer_token_permissions_created_by_id_fk","columns":["created_by_id"],"referencedTable":"admin_users","referencedColumns":["id"],"onDelete":"SET NULL"},{"name":"strapi_transfer_token_permissions_updated_by_id_fk","columns":["updated_by_id"],"referencedTable":"admin_users","referencedColumns":["id"],"onDelete":"SET NULL"}],"columns":[{"name":"id","type":"increments","args":[{"primary":true,"primaryKey":true}],"defaultTo":null,"notNullable":true,"unsigned":false},{"name":"document_id","type":"string","args":[],"defaultTo":null,"notNullable":false,"unsigned":false},{"name":"action","type":"string","args":[],"defaultTo":null,"notNullable":false,"unsigned":false},{"name":"created_at","type":"datetime","args":[{"useTz":false,"precision":6}],"defaultTo":null,"notNullable":false,"unsigned":false},{"name":"updated_at","type":"datetime","args":[{"useTz":false,"precision":6}],"defaultTo":null,"notNullable":false,"unsigned":false},{"name":"published_at","type":"datetime","args":[{"useTz":false,"precision":6}],"defaultTo":null,"notNullable":false,"unsigned":false},{"name":"created_by_id","type":"integer","args":[],"defaultTo":null,"notNullable":false,"unsigned":true},{"name":"updated_by_id","type":"integer","args":[],"defaultTo":null,"notNullable":false,"unsigned":true},{"name":"locale","type":"string","args":[],"defaultTo":null,"notNullable":false,"unsigned":false}]},{"name":"components_shared_testimonials","indexes":[],"foreignKeys":[],"columns":[{"name":"id","type":"increments","args":[{"primary":true,"primaryKey":true}],"defaultTo":null,"notNullable":true,"unsigned":false},{"name":"quote","type":"text","args":["longtext"],"defaultTo":null,"notNullable":false,"unsigned":false},{"name":"author_name","type":"string","args":[],"defaultTo":null,"notNullable":false,"unsigned":false},{"name":"author_title","type":"string","args":[],"defaultTo":null,"notNullable":false,"unsigned":false}]},{"name":"components_shared_sliders","indexes":[],"foreignKeys":[],"columns":[{"name":"id","type":"increments","args":[{"primary":true,"primaryKey":true}],"defaultTo":null,"notNullable":true,"unsigned":false}]},{"name":"components_shared_seos","indexes":[],"foreignKeys":[],"columns":[{"name":"id","type":"increments","args":[{"primary":true,"primaryKey":true}],"defaultTo":null,"notNullable":true,"unsigned":false},{"name":"meta_title","type":"string","args":[],"defaultTo":null,"notNullable":false,"unsigned":false},{"name":"meta_description","type":"text","args":["longtext"],"defaultTo":null,"notNullable":false,"unsigned":false}]},{"name":"components_shared_rich_texts","indexes":[],"foreignKeys":[],"columns":[{"name":"id","type":"increments","args":[{"primary":true,"primaryKey":true}],"defaultTo":null,"notNullable":true,"unsigned":false},{"name":"body","type":"text","args":["longtext"],"defaultTo":null,"notNullable":false,"unsigned":false}]},{"name":"components_shared_quotes","indexes":[],"foreignKeys":[],"columns":[{"name":"id","type":"increments","args":[{"primary":true,"primaryKey":true}],"defaultTo":null,"notNullable":true,"unsigned":false},{"name":"title","type":"string","args":[],"defaultTo":null,"notNullable":false,"unsigned":false},{"name":"body","type":"text","args":["longtext"],"defaultTo":null,"notNullable":false,"unsigned":false}]},{"name":"components_shared_product_slides","indexes":[],"foreignKeys":[],"columns":[{"name":"id","type":"increments","args":[{"primary":true,"primaryKey":true}],"defaultTo":null,"notNullable":true,"unsigned":false},{"name":"name","type":"string","args":[],"defaultTo":null,"notNullable":false,"unsigned":false},{"name":"description","type":"text","args":["longtext"],"defaultTo":null,"notNullable":false,"unsigned":false},{"name":"link","type":"string","args":[],"defaultTo":null,"notNullable":false,"unsigned":false}]},{"name":"component_shared_post_teasers","indexes":[],"foreignKeys":[],"columns":[{"name":"id","type":"increments","args":[{"primary":true,"primaryKey":true}],"defaultTo":null,"notNullable":true,"unsigned":false},{"name":"title","type":"string","args":[],"defaultTo":null,"notNullable":false,"unsigned":false},{"name":"summary","type":"text","args":["longtext"],"defaultTo":null,"notNullable":false,"unsigned":false},{"name":"link","type":"string","args":[],"defaultTo":null,"notNullable":false,"unsigned":false}]},{"name":"components_shared_media","indexes":[],"foreignKeys":[],"columns":[{"name":"id","type":"increments","args":[{"primary":true,"primaryKey":true}],"defaultTo":null,"notNullable":true,"unsigned":false}]},{"name":"components_shared_features","indexes":[],"foreignKeys":[],"columns":[{"name":"id","type":"increments","args":[{"primary":true,"primaryKey":true}],"defaultTo":null,"notNullable":true,"unsigned":false},{"name":"title","type":"string","args":[],"defaultTo":null,"notNullable":false,"unsigned":false},{"name":"description","type":"text","args":["longtext"],"defaultTo":null,"notNullable":false,"unsigned":false}]},{"name":"components_shared_post_teasers","indexes":[],"foreignKeys":[],"columns":[{"name":"id","type":"increments","args":[{"primary":true,"primaryKey":true}],"defaultTo":null,"notNullable":true,"unsigned":false},{"name":"title","type":"string","args":[],"defaultTo":null,"notNullable":false,"unsigned":false},{"name":"summary","type":"text","args":["longtext"],"defaultTo":null,"notNullable":false,"unsigned":false},{"name":"link","type":"string","args":[],"defaultTo":null,"notNullable":false,"unsigned":false}]},{"name":"components_shared_category_cards","indexes":[],"foreignKeys":[],"columns":[{"name":"id","type":"increments","args":[{"primary":true,"primaryKey":true}],"defaultTo":null,"notNullable":true,"unsigned":false},{"name":"name","type":"string","args":[],"defaultTo":null,"notNullable":false,"unsigned":false},{"name":"description","type":"text","args":["longtext"],"defaultTo":null,"notNullable":false,"unsigned":false},{"name":"link","type":"string","args":[],"defaultTo":null,"notNullable":false,"unsigned":false}]},{"name":"components_sections_testimonials_cmps","indexes":[{"name":"components_sections_testimonials_field_idx","columns":["field"]},{"name":"components_sections_testimonials_component_type_idx","columns":["component_type"]},{"name":"components_sections_testimonials_entity_fk","columns":["entity_id"]},{"name":"components_sections_testimonials_uq","columns":["entity_id","cmp_id","field","component_type"],"type":"unique"}],"foreignKeys":[{"name":"components_sections_testimonials_entity_fk","columns":["entity_id"],"referencedColumns":["id"],"referencedTable":"components_sections_testimonials","onDelete":"CASCADE"}],"columns":[{"name":"id","type":"increments","args":[{"primary":true,"primaryKey":true}],"defaultTo":null,"notNullable":true,"unsigned":false},{"name":"entity_id","type":"integer","args":[],"defaultTo":null,"notNullable":false,"unsigned":true},{"name":"cmp_id","type":"integer","args":[],"defaultTo":null,"notNullable":false,"unsigned":true},{"name":"component_type","type":"string","args":[],"defaultTo":null,"notNullable":false,"unsigned":false},{"name":"field","type":"string","args":[],"defaultTo":null,"notNullable":false,"unsigned":false},{"name":"order","type":"double","args":[],"defaultTo":null,"notNullable":false,"unsigned":true}]},{"name":"components_sections_testimonials","indexes":[],"foreignKeys":[],"columns":[{"name":"id","type":"increments","args":[{"primary":true,"primaryKey":true}],"defaultTo":null,"notNullable":true,"unsigned":false},{"name":"section_title","type":"string","args":[],"defaultTo":null,"notNullable":false,"unsigned":false}]},{"name":"components_sections_rich_text_blocks","indexes":[],"foreignKeys":[],"columns":[{"name":"id","type":"increments","args":[{"primary":true,"primaryKey":true}],"defaultTo":null,"notNullable":true,"unsigned":false},{"name":"content","type":"text","args":["longtext"],"defaultTo":null,"notNullable":false,"unsigned":false}]},{"name":"components_sections_promotional_ctas","indexes":[],"foreignKeys":[],"columns":[{"name":"id","type":"increments","args":[{"primary":true,"primaryKey":true}],"defaultTo":null,"notNullable":true,"unsigned":false},{"name":"title","type":"string","args":[],"defaultTo":null,"notNullable":false,"unsigned":false},{"name":"body","type":"text","args":["longtext"],"defaultTo":null,"notNullable":false,"unsigned":false},{"name":"button_text","type":"string","args":[],"defaultTo":null,"notNullable":false,"unsigned":false},{"name":"button_url","type":"string","args":[],"defaultTo":null,"notNullable":false,"unsigned":false}]},{"name":"components_sections_product_sliders_cmps","indexes":[{"name":"components_sections_product_sliders_field_idx","columns":["field"]},{"name":"components_sections_product_sliders_component_type_idx","columns":["component_type"]},{"name":"components_sections_product_sliders_entity_fk","columns":["entity_id"]},{"name":"components_sections_product_sliders_uq","columns":["entity_id","cmp_id","field","component_type"],"type":"unique"}],"foreignKeys":[{"name":"components_sections_product_sliders_entity_fk","columns":["entity_id"],"referencedColumns":["id"],"referencedTable":"components_sections_product_sliders","onDelete":"CASCADE"}],"columns":[{"name":"id","type":"increments","args":[{"primary":true,"primaryKey":true}],"defaultTo":null,"notNullable":true,"unsigned":false},{"name":"entity_id","type":"integer","args":[],"defaultTo":null,"notNullable":false,"unsigned":true},{"name":"cmp_id","type":"integer","args":[],"defaultTo":null,"notNullable":false,"unsigned":true},{"name":"component_type","type":"string","args":[],"defaultTo":null,"notNullable":false,"unsigned":false},{"name":"field","type":"string","args":[],"defaultTo":null,"notNullable":false,"unsigned":false},{"name":"order","type":"double","args":[],"defaultTo":null,"notNullable":false,"unsigned":true}]},{"name":"components_sections_product_sliders","indexes":[],"foreignKeys":[],"columns":[{"name":"id","type":"increments","args":[{"primary":true,"primaryKey":true}],"defaultTo":null,"notNullable":true,"unsigned":false},{"name":"title","type":"string","args":[],"defaultTo":null,"notNullable":false,"unsigned":false}]},{"name":"components_sections_image_carousels","indexes":[],"foreignKeys":[],"columns":[{"name":"id","type":"increments","args":[{"primary":true,"primaryKey":true}],"defaultTo":null,"notNullable":true,"unsigned":false}]},{"name":"components_sections_hero_banners","indexes":[],"foreignKeys":[],"columns":[{"name":"id","type":"increments","args":[{"primary":true,"primaryKey":true}],"defaultTo":null,"notNullable":true,"unsigned":false},{"name":"title","type":"string","args":[],"defaultTo":null,"notNullable":false,"unsigned":false},{"name":"subtitle","type":"string","args":[],"defaultTo":null,"notNullable":false,"unsigned":false},{"name":"button_text","type":"string","args":[],"defaultTo":null,"notNullable":false,"unsigned":false},{"name":"button_url","type":"string","args":[],"defaultTo":null,"notNullable":false,"unsigned":false}]},{"name":"components_sections_feature_grids_cmps","indexes":[{"name":"components_sections_feature_grids_field_idx","columns":["field"]},{"name":"components_sections_feature_grids_component_type_idx","columns":["component_type"]},{"name":"components_sections_feature_grids_entity_fk","columns":["entity_id"]},{"name":"components_sections_feature_grids_uq","columns":["entity_id","cmp_id","field","component_type"],"type":"unique"}],"foreignKeys":[{"name":"components_sections_feature_grids_entity_fk","columns":["entity_id"],"referencedColumns":["id"],"referencedTable":"components_sections_feature_grids","onDelete":"CASCADE"}],"columns":[{"name":"id","type":"increments","args":[{"primary":true,"primaryKey":true}],"defaultTo":null,"notNullable":true,"unsigned":false},{"name":"entity_id","type":"integer","args":[],"defaultTo":null,"notNullable":false,"unsigned":true},{"name":"cmp_id","type":"integer","args":[],"defaultTo":null,"notNullable":false,"unsigned":true},{"name":"component_type","type":"string","args":[],"defaultTo":null,"notNullable":false,"unsigned":false},{"name":"field","type":"string","args":[],"defaultTo":null,"notNullable":false,"unsigned":false},{"name":"order","type":"double","args":[],"defaultTo":null,"notNullable":false,"unsigned":true}]},{"name":"components_sections_feature_grids","indexes":[],"foreignKeys":[],"columns":[{"name":"id","type":"increments","args":[{"primary":true,"primaryKey":true}],"defaultTo":null,"notNullable":true,"unsigned":false},{"name":"section_title","type":"string","args":[],"defaultTo":null,"notNullable":false,"unsigned":false}]},{"name":"components_sections_faq_sections_cmps","indexes":[{"name":"components_sections_faq_sections_field_idx","columns":["field"]},{"name":"components_sections_faq_sections_component_type_idx","columns":["component_type"]},{"name":"components_sections_faq_sections_entity_fk","columns":["entity_id"]},{"name":"components_sections_faq_sections_uq","columns":["entity_id","cmp_id","field","component_type"],"type":"unique"}],"foreignKeys":[{"name":"components_sections_faq_sections_entity_fk","columns":["entity_id"],"referencedColumns":["id"],"referencedTable":"components_sections_faq_sections","onDelete":"CASCADE"}],"columns":[{"name":"id","type":"increments","args":[{"primary":true,"primaryKey":true}],"defaultTo":null,"notNullable":true,"unsigned":false},{"name":"entity_id","type":"integer","args":[],"defaultTo":null,"notNullable":false,"unsigned":true},{"name":"cmp_id","type":"integer","args":[],"defaultTo":null,"notNullable":false,"unsigned":true},{"name":"component_type","type":"string","args":[],"defaultTo":null,"notNullable":false,"unsigned":false},{"name":"field","type":"string","args":[],"defaultTo":null,"notNullable":false,"unsigned":false},{"name":"order","type":"double","args":[],"defaultTo":null,"notNullable":false,"unsigned":true}]},{"name":"components_sections_faq_sections","indexes":[],"foreignKeys":[],"columns":[{"name":"id","type":"increments","args":[{"primary":true,"primaryKey":true}],"defaultTo":null,"notNullable":true,"unsigned":false},{"name":"section_title","type":"string","args":[],"defaultTo":null,"notNullable":false,"unsigned":false}]},{"name":"components_sections_category_highlights_cmps","indexes":[{"name":"components_sections_category_highlights_field_idx","columns":["field"]},{"name":"components_sections_category_hi8b5a6_component_type_idx","columns":["component_type"]},{"name":"components_sections_category_highlights_entity_fk","columns":["entity_id"]},{"name":"components_sections_category_highlights_uq","columns":["entity_id","cmp_id","field","component_type"],"type":"unique"}],"foreignKeys":[{"name":"components_sections_category_highlights_entity_fk","columns":["entity_id"],"referencedColumns":["id"],"referencedTable":"components_sections_category_highlights","onDelete":"CASCADE"}],"columns":[{"name":"id","type":"increments","args":[{"primary":true,"primaryKey":true}],"defaultTo":null,"notNullable":true,"unsigned":false},{"name":"entity_id","type":"integer","args":[],"defaultTo":null,"notNullable":false,"unsigned":true},{"name":"cmp_id","type":"integer","args":[],"defaultTo":null,"notNullable":false,"unsigned":true},{"name":"component_type","type":"string","args":[],"defaultTo":null,"notNullable":false,"unsigned":false},{"name":"field","type":"string","args":[],"defaultTo":null,"notNullable":false,"unsigned":false},{"name":"order","type":"double","args":[],"defaultTo":null,"notNullable":false,"unsigned":true}]},{"name":"components_sections_category_highlights","indexes":[],"foreignKeys":[],"columns":[{"name":"id","type":"increments","args":[{"primary":true,"primaryKey":true}],"defaultTo":null,"notNullable":true,"unsigned":false},{"name":"section_title","type":"string","args":[],"defaultTo":null,"notNullable":false,"unsigned":false}]},{"name":"components_sections_blog_posts_teasers_cmps","indexes":[{"name":"components_sections_blog_posts_teasers_field_idx","columns":["field"]},{"name":"components_sections_blog_posts_1edee_component_type_idx","columns":["component_type"]},{"name":"components_sections_blog_posts_teasers_entity_fk","columns":["entity_id"]},{"name":"components_sections_blog_posts_teasers_uq","columns":["entity_id","cmp_id","field","component_type"],"type":"unique"}],"foreignKeys":[{"name":"components_sections_blog_posts_teasers_entity_fk","columns":["entity_id"],"referencedColumns":["id"],"referencedTable":"components_sections_blog_posts_teasers","onDelete":"CASCADE"}],"columns":[{"name":"id","type":"increments","args":[{"primary":true,"primaryKey":true}],"defaultTo":null,"notNullable":true,"unsigned":false},{"name":"entity_id","type":"integer","args":[],"defaultTo":null,"notNullable":false,"unsigned":true},{"name":"cmp_id","type":"integer","args":[],"defaultTo":null,"notNullable":false,"unsigned":true},{"name":"component_type","type":"string","args":[],"defaultTo":null,"notNullable":false,"unsigned":false},{"name":"field","type":"string","args":[],"defaultTo":null,"notNullable":false,"unsigned":false},{"name":"order","type":"double","args":[],"defaultTo":null,"notNullable":false,"unsigned":true}]},{"name":"components_sections_blog_posts_teasers","indexes":[],"foreignKeys":[],"columns":[{"name":"id","type":"increments","args":[{"primary":true,"primaryKey":true}],"defaultTo":null,"notNullable":true,"unsigned":false},{"name":"section_title","type":"string","args":[],"defaultTo":null,"notNullable":false,"unsigned":false}]},{"name":"components_questionnaire_select_options","indexes":[],"foreignKeys":[],"columns":[{"name":"id","type":"increments","args":[{"primary":true,"primaryKey":true}],"defaultTo":null,"notNullable":true,"unsigned":false},{"name":"label","type":"string","args":[],"defaultTo":null,"notNullable":false,"unsigned":false},{"name":"value","type":"string","args":[],"defaultTo":null,"notNullable":false,"unsigned":false},{"name":"price","type":"decimal","args":[10,2],"defaultTo":null,"notNullable":false,"unsigned":false}]},{"name":"components_questionnaire_questions_cmps","indexes":[{"name":"components_questionnaire_questions_field_idx","columns":["field"]},{"name":"components_questionnaire_questions_component_type_idx","columns":["component_type"]},{"name":"components_questionnaire_questions_entity_fk","columns":["entity_id"]},{"name":"components_questionnaire_questions_uq","columns":["entity_id","cmp_id","field","component_type"],"type":"unique"}],"foreignKeys":[{"name":"components_questionnaire_questions_entity_fk","columns":["entity_id"],"referencedColumns":["id"],"referencedTable":"components_questionnaire_questions","onDelete":"CASCADE"}],"columns":[{"name":"id","type":"increments","args":[{"primary":true,"primaryKey":true}],"defaultTo":null,"notNullable":true,"unsigned":false},{"name":"entity_id","type":"integer","args":[],"defaultTo":null,"notNullable":false,"unsigned":true},{"name":"cmp_id","type":"integer","args":[],"defaultTo":null,"notNullable":false,"unsigned":true},{"name":"component_type","type":"string","args":[],"defaultTo":null,"notNullable":false,"unsigned":false},{"name":"field","type":"string","args":[],"defaultTo":null,"notNullable":false,"unsigned":false},{"name":"order","type":"double","args":[],"defaultTo":null,"notNullable":false,"unsigned":true}]},{"name":"components_questionnaire_questions","indexes":[],"foreignKeys":[],"columns":[{"name":"id","type":"increments","args":[{"primary":true,"primaryKey":true}],"defaultTo":null,"notNullable":true,"unsigned":false},{"name":"title","type":"text","args":["longtext"],"defaultTo":null,"notNullable":false,"unsigned":false},{"name":"question_type","type":"string","args":[],"defaultTo":null,"notNullable":false,"unsigned":false},{"name":"description","type":"text","args":["longtext"],"defaultTo":null,"notNullable":false,"unsigned":false},{"name":"tool_tip","type":"text","args":["longtext"],"defaultTo":null,"notNullable":false,"unsigned":false}]},{"name":"components_questionnaire_questionnaire_options_cmps","indexes":[{"name":"components_questionnaire_questionnaire_o0e362_field_idx","columns":["field"]},{"name":"components_questionnaire_questi0e362_component_type_idx","columns":["component_type"]},{"name":"components_questionnaire_questionnaire_o0e362_entity_fk","columns":["entity_id"]},{"name":"components_questionnaire_questionnaire_options_uq","columns":["entity_id","cmp_id","field","component_type"],"type":"unique"}],"foreignKeys":[{"name":"components_questionnaire_questionnaire_o0e362_entity_fk","columns":["entity_id"],"referencedColumns":["id"],"referencedTable":"components_questionnaire_questionnaire_options","onDelete":"CASCADE"}],"columns":[{"name":"id","type":"increments","args":[{"primary":true,"primaryKey":true}],"defaultTo":null,"notNullable":true,"unsigned":false},{"name":"entity_id","type":"integer","args":[],"defaultTo":null,"notNullable":false,"unsigned":true},{"name":"cmp_id","type":"integer","args":[],"defaultTo":null,"notNullable":false,"unsigned":true},{"name":"component_type","type":"string","args":[],"defaultTo":null,"notNullable":false,"unsigned":false},{"name":"field","type":"string","args":[],"defaultTo":null,"notNullable":false,"unsigned":false},{"name":"order","type":"double","args":[],"defaultTo":null,"notNullable":false,"unsigned":true}]},{"name":"components_questionnaire_questionnaire_options","indexes":[],"foreignKeys":[],"columns":[{"name":"id","type":"increments","args":[{"primary":true,"primaryKey":true}],"defaultTo":null,"notNullable":true,"unsigned":false},{"name":"title","type":"string","args":[],"defaultTo":null,"notNullable":false,"unsigned":false},{"name":"description","type":"text","args":["longtext"],"defaultTo":null,"notNullable":false,"unsigned":false},{"name":"price","type":"decimal","args":[10,2],"defaultTo":null,"notNullable":false,"unsigned":false},{"name":"has_quantity","type":"boolean","args":[],"defaultTo":null,"notNullable":false,"unsigned":false},{"name":"units","type":"integer","args":[],"defaultTo":null,"notNullable":false,"unsigned":false}]},{"name":"components_questionnaire_color_variants","indexes":[],"foreignKeys":[],"columns":[{"name":"id","type":"increments","args":[{"primary":true,"primaryKey":true}],"defaultTo":null,"notNullable":true,"unsigned":false},{"name":"color_name","type":"string","args":[],"defaultTo":null,"notNullable":false,"unsigned":false},{"name":"color_code","type":"string","args":[],"defaultTo":null,"notNullable":false,"unsigned":false},{"name":"price","type":"decimal","args":[10,2],"defaultTo":null,"notNullable":false,"unsigned":false}]},{"name":"strapi_core_store_settings","indexes":[],"foreignKeys":[],"columns":[{"name":"id","type":"increments","args":[{"primary":true,"primaryKey":true}],"defaultTo":null,"notNullable":true,"unsigned":false},{"name":"key","type":"string","args":[],"defaultTo":null,"notNullable":false,"unsigned":false},{"name":"value","type":"text","args":["longtext"],"defaultTo":null,"notNullable":false,"unsigned":false},{"name":"type","type":"string","args":[],"defaultTo":null,"notNullable":false,"unsigned":false},{"name":"environment","type":"string","args":[],"defaultTo":null,"notNullable":false,"unsigned":false},{"name":"tag","type":"string","args":[],"defaultTo":null,"notNullable":false,"unsigned":false}]},{"name":"strapi_webhooks","indexes":[],"foreignKeys":[],"columns":[{"name":"id","type":"increments","args":[{"primary":true,"primaryKey":true}],"defaultTo":null,"notNullable":true,"unsigned":false},{"name":"name","type":"string","args":[],"defaultTo":null,"notNullable":false,"unsigned":false},{"name":"url","type":"text","args":["longtext"],"defaultTo":null,"notNullable":false,"unsigned":false},{"name":"headers","type":"jsonb","args":[],"defaultTo":null,"notNullable":false,"unsigned":false},{"name":"events","type":"jsonb","args":[],"defaultTo":null,"notNullable":false,"unsigned":false},{"name":"enabled","type":"boolean","args":[],"defaultTo":null,"notNullable":false,"unsigned":false}]},{"name":"strapi_history_versions","indexes":[{"name":"strapi_history_versions_created_by_id_fk","columns":["created_by_id"]}],"foreignKeys":[{"name":"strapi_history_versions_created_by_id_fk","columns":["created_by_id"],"referencedTable":"admin_users","referencedColumns":["id"],"onDelete":"SET NULL"}],"columns":[{"name":"id","type":"increments","args":[{"primary":true,"primaryKey":true}],"defaultTo":null,"notNullable":true,"unsigned":false},{"name":"content_type","type":"string","args":[],"defaultTo":null,"notNullable":true,"unsigned":false},{"name":"related_document_id","type":"string","args":[],"defaultTo":null,"notNullable":false,"unsigned":false},{"name":"locale","type":"string","args":[],"defaultTo":null,"notNullable":false,"unsigned":false},{"name":"status","type":"string","args":[],"defaultTo":null,"notNullable":false,"unsigned":false},{"name":"data","type":"jsonb","args":[],"defaultTo":null,"notNullable":false,"unsigned":false},{"name":"schema","type":"jsonb","args":[],"defaultTo":null,"notNullable":false,"unsigned":false},{"name":"created_at","type":"datetime","args":[{"useTz":false,"precision":6}],"defaultTo":null,"notNullable":false,"unsigned":false},{"name":"created_by_id","type":"integer","args":[],"defaultTo":null,"notNullable":false,"unsigned":true}]},{"name":"files_related_mph","indexes":[{"name":"files_related_mph_fk","columns":["file_id"]},{"name":"files_related_mph_oidx","columns":["order"]},{"name":"files_related_mph_idix","columns":["related_id"]}],"foreignKeys":[{"name":"files_related_mph_fk","columns":["file_id"],"referencedColumns":["id"],"referencedTable":"files","onDelete":"CASCADE"}],"columns":[{"name":"id","type":"increments","args":[{"primary":true,"primaryKey":true}],"defaultTo":null,"notNullable":true,"unsigned":false},{"name":"file_id","type":"integer","args":[],"defaultTo":null,"notNullable":false,"unsigned":true},{"name":"related_id","type":"integer","args":[],"defaultTo":null,"notNullable":false,"unsigned":true},{"name":"related_type","type":"string","args":[],"defaultTo":null,"notNullable":false,"unsigned":false},{"name":"field","type":"string","args":[],"defaultTo":null,"notNullable":false,"unsigned":false},{"name":"order","type":"double","args":[],"defaultTo":null,"notNullable":false,"unsigned":true}]},{"name":"files_folder_lnk","indexes":[{"name":"files_folder_lnk_fk","columns":["file_id"]},{"name":"files_folder_lnk_ifk","columns":["folder_id"]},{"name":"files_folder_lnk_uq","columns":["file_id","folder_id"],"type":"unique"},{"name":"files_folder_lnk_oifk","columns":["file_ord"]}],"foreignKeys":[{"name":"files_folder_lnk_fk","columns":["file_id"],"referencedColumns":["id"],"referencedTable":"files","onDelete":"CASCADE"},{"name":"files_folder_lnk_ifk","columns":["folder_id"],"referencedColumns":["id"],"referencedTable":"upload_folders","onDelete":"CASCADE"}],"columns":[{"name":"id","type":"increments","args":[{"primary":true,"primaryKey":true}],"defaultTo":null,"notNullable":true,"unsigned":false},{"name":"file_id","type":"integer","args":[],"defaultTo":null,"notNullable":false,"unsigned":true},{"name":"folder_id","type":"integer","args":[],"defaultTo":null,"notNullable":false,"unsigned":true},{"name":"file_ord","type":"double","args":[],"defaultTo":null,"notNullable":false,"unsigned":true}]},{"name":"upload_folders_parent_lnk","indexes":[{"name":"upload_folders_parent_lnk_fk","columns":["folder_id"]},{"name":"upload_folders_parent_lnk_ifk","columns":["inv_folder_id"]},{"name":"upload_folders_parent_lnk_uq","columns":["folder_id","inv_folder_id"],"type":"unique"},{"name":"upload_folders_parent_lnk_oifk","columns":["folder_ord"]}],"foreignKeys":[{"name":"upload_folders_parent_lnk_fk","columns":["folder_id"],"referencedColumns":["id"],"referencedTable":"upload_folders","onDelete":"CASCADE"},{"name":"upload_folders_parent_lnk_ifk","columns":["inv_folder_id"],"referencedColumns":["id"],"referencedTable":"upload_folders","onDelete":"CASCADE"}],"columns":[{"name":"id","type":"increments","args":[{"primary":true,"primaryKey":true}],"defaultTo":null,"notNullable":true,"unsigned":false},{"name":"folder_id","type":"integer","args":[],"defaultTo":null,"notNullable":false,"unsigned":true},{"name":"inv_folder_id","type":"integer","args":[],"defaultTo":null,"notNullable":false,"unsigned":true},{"name":"folder_ord","type":"double","args":[],"defaultTo":null,"notNullable":false,"unsigned":true}]},{"name":"strapi_release_actions_release_lnk","indexes":[{"name":"strapi_release_actions_release_lnk_fk","columns":["release_action_id"]},{"name":"strapi_release_actions_release_lnk_ifk","columns":["release_id"]},{"name":"strapi_release_actions_release_lnk_uq","columns":["release_action_id","release_id"],"type":"unique"},{"name":"strapi_release_actions_release_lnk_oifk","columns":["release_action_ord"]}],"foreignKeys":[{"name":"strapi_release_actions_release_lnk_fk","columns":["release_action_id"],"referencedColumns":["id"],"referencedTable":"strapi_release_actions","onDelete":"CASCADE"},{"name":"strapi_release_actions_release_lnk_ifk","columns":["release_id"],"referencedColumns":["id"],"referencedTable":"strapi_releases","onDelete":"CASCADE"}],"columns":[{"name":"id","type":"increments","args":[{"primary":true,"primaryKey":true}],"defaultTo":null,"notNullable":true,"unsigned":false},{"name":"release_action_id","type":"integer","args":[],"defaultTo":null,"notNullable":false,"unsigned":true},{"name":"release_id","type":"integer","args":[],"defaultTo":null,"notNullable":false,"unsigned":true},{"name":"release_action_ord","type":"double","args":[],"defaultTo":null,"notNullable":false,"unsigned":true}]},{"name":"strapi_workflows_stage_required_to_publish_lnk","indexes":[{"name":"strapi_workflows_stage_required_to_publish_lnk_fk","columns":["workflow_id"]},{"name":"strapi_workflows_stage_required_to_publish_lnk_ifk","columns":["workflow_stage_id"]},{"name":"strapi_workflows_stage_required_to_publish_lnk_uq","columns":["workflow_id","workflow_stage_id"],"type":"unique"}],"foreignKeys":[{"name":"strapi_workflows_stage_required_to_publish_lnk_fk","columns":["workflow_id"],"referencedColumns":["id"],"referencedTable":"strapi_workflows","onDelete":"CASCADE"},{"name":"strapi_workflows_stage_required_to_publish_lnk_ifk","columns":["workflow_stage_id"],"referencedColumns":["id"],"referencedTable":"strapi_workflows_stages","onDelete":"CASCADE"}],"columns":[{"name":"id","type":"increments","args":[{"primary":true,"primaryKey":true}],"defaultTo":null,"notNullable":true,"unsigned":false},{"name":"workflow_id","type":"integer","args":[],"defaultTo":null,"notNullable":false,"unsigned":true},{"name":"workflow_stage_id","type":"integer","args":[],"defaultTo":null,"notNullable":false,"unsigned":true}]},{"name":"strapi_workflows_stages_workflow_lnk","indexes":[{"name":"strapi_workflows_stages_workflow_lnk_fk","columns":["workflow_stage_id"]},{"name":"strapi_workflows_stages_workflow_lnk_ifk","columns":["workflow_id"]},{"name":"strapi_workflows_stages_workflow_lnk_uq","columns":["workflow_stage_id","workflow_id"],"type":"unique"},{"name":"strapi_workflows_stages_workflow_lnk_oifk","columns":["workflow_stage_ord"]}],"foreignKeys":[{"name":"strapi_workflows_stages_workflow_lnk_fk","columns":["workflow_stage_id"],"referencedColumns":["id"],"referencedTable":"strapi_workflows_stages","onDelete":"CASCADE"},{"name":"strapi_workflows_stages_workflow_lnk_ifk","columns":["workflow_id"],"referencedColumns":["id"],"referencedTable":"strapi_workflows","onDelete":"CASCADE"}],"columns":[{"name":"id","type":"increments","args":[{"primary":true,"primaryKey":true}],"defaultTo":null,"notNullable":true,"unsigned":false},{"name":"workflow_stage_id","type":"integer","args":[],"defaultTo":null,"notNullable":false,"unsigned":true},{"name":"workflow_id","type":"integer","args":[],"defaultTo":null,"notNullable":false,"unsigned":true},{"name":"workflow_stage_ord","type":"double","args":[],"defaultTo":null,"notNullable":false,"unsigned":true}]},{"name":"strapi_workflows_stages_permissions_lnk","indexes":[{"name":"strapi_workflows_stages_permissions_lnk_fk","columns":["workflow_stage_id"]},{"name":"strapi_workflows_stages_permissions_lnk_ifk","columns":["permission_id"]},{"name":"strapi_workflows_stages_permissions_lnk_uq","columns":["workflow_stage_id","permission_id"],"type":"unique"},{"name":"strapi_workflows_stages_permissions_lnk_ofk","columns":["permission_ord"]}],"foreignKeys":[{"name":"strapi_workflows_stages_permissions_lnk_fk","columns":["workflow_stage_id"],"referencedColumns":["id"],"referencedTable":"strapi_workflows_stages","onDelete":"CASCADE"},{"name":"strapi_workflows_stages_permissions_lnk_ifk","columns":["permission_id"],"referencedColumns":["id"],"referencedTable":"admin_permissions","onDelete":"CASCADE"}],"columns":[{"name":"id","type":"increments","args":[{"primary":true,"primaryKey":true}],"defaultTo":null,"notNullable":true,"unsigned":false},{"name":"workflow_stage_id","type":"integer","args":[],"defaultTo":null,"notNullable":false,"unsigned":true},{"name":"permission_id","type":"integer","args":[],"defaultTo":null,"notNullable":false,"unsigned":true},{"name":"permission_ord","type":"double","args":[],"defaultTo":null,"notNullable":false,"unsigned":true}]},{"name":"up_permissions_role_lnk","indexes":[{"name":"up_permissions_role_lnk_fk","columns":["permission_id"]},{"name":"up_permissions_role_lnk_ifk","columns":["role_id"]},{"name":"up_permissions_role_lnk_uq","columns":["permission_id","role_id"],"type":"unique"},{"name":"up_permissions_role_lnk_oifk","columns":["permission_ord"]}],"foreignKeys":[{"name":"up_permissions_role_lnk_fk","columns":["permission_id"],"referencedColumns":["id"],"referencedTable":"up_permissions","onDelete":"CASCADE"},{"name":"up_permissions_role_lnk_ifk","columns":["role_id"],"referencedColumns":["id"],"referencedTable":"up_roles","onDelete":"CASCADE"}],"columns":[{"name":"id","type":"increments","args":[{"primary":true,"primaryKey":true}],"defaultTo":null,"notNullable":true,"unsigned":false},{"name":"permission_id","type":"integer","args":[],"defaultTo":null,"notNullable":false,"unsigned":true},{"name":"role_id","type":"integer","args":[],"defaultTo":null,"notNullable":false,"unsigned":true},{"name":"permission_ord","type":"double","args":[],"defaultTo":null,"notNullable":false,"unsigned":true}]},{"name":"up_users_role_lnk","indexes":[{"name":"up_users_role_lnk_fk","columns":["user_id"]},{"name":"up_users_role_lnk_ifk","columns":["role_id"]},{"name":"up_users_role_lnk_uq","columns":["user_id","role_id"],"type":"unique"},{"name":"up_users_role_lnk_oifk","columns":["user_ord"]}],"foreignKeys":[{"name":"up_users_role_lnk_fk","columns":["user_id"],"referencedColumns":["id"],"referencedTable":"up_users","onDelete":"CASCADE"},{"name":"up_users_role_lnk_ifk","columns":["role_id"],"referencedColumns":["id"],"referencedTable":"up_roles","onDelete":"CASCADE"}],"columns":[{"name":"id","type":"increments","args":[{"primary":true,"primaryKey":true}],"defaultTo":null,"notNullable":true,"unsigned":false},{"name":"user_id","type":"integer","args":[],"defaultTo":null,"notNullable":false,"unsigned":true},{"name":"role_id","type":"integer","args":[],"defaultTo":null,"notNullable":false,"unsigned":true},{"name":"user_ord","type":"double","args":[],"defaultTo":null,"notNullable":false,"unsigned":true}]},{"name":"articles_author_lnk","indexes":[{"name":"articles_author_lnk_fk","columns":["article_id"]},{"name":"articles_author_lnk_ifk","columns":["author_id"]},{"name":"articles_author_lnk_uq","columns":["article_id","author_id"],"type":"unique"},{"name":"articles_author_lnk_oifk","columns":["article_ord"]}],"foreignKeys":[{"name":"articles_author_lnk_fk","columns":["article_id"],"referencedColumns":["id"],"referencedTable":"articles","onDelete":"CASCADE"},{"name":"articles_author_lnk_ifk","columns":["author_id"],"referencedColumns":["id"],"referencedTable":"authors","onDelete":"CASCADE"}],"columns":[{"name":"id","type":"increments","args":[{"primary":true,"primaryKey":true}],"defaultTo":null,"notNullable":true,"unsigned":false},{"name":"article_id","type":"integer","args":[],"defaultTo":null,"notNullable":false,"unsigned":true},{"name":"author_id","type":"integer","args":[],"defaultTo":null,"notNullable":false,"unsigned":true},{"name":"article_ord","type":"double","args":[],"defaultTo":null,"notNullable":false,"unsigned":true}]},{"name":"articles_category_lnk","indexes":[{"name":"articles_category_lnk_fk","columns":["article_id"]},{"name":"articles_category_lnk_ifk","columns":["category_id"]},{"name":"articles_category_lnk_uq","columns":["article_id","category_id"],"type":"unique"},{"name":"articles_category_lnk_oifk","columns":["article_ord"]}],"foreignKeys":[{"name":"articles_category_lnk_fk","columns":["article_id"],"referencedColumns":["id"],"referencedTable":"articles","onDelete":"CASCADE"},{"name":"articles_category_lnk_ifk","columns":["category_id"],"referencedColumns":["id"],"referencedTable":"categories","onDelete":"CASCADE"}],"columns":[{"name":"id","type":"increments","args":[{"primary":true,"primaryKey":true}],"defaultTo":null,"notNullable":true,"unsigned":false},{"name":"article_id","type":"integer","args":[],"defaultTo":null,"notNullable":false,"unsigned":true},{"name":"category_id","type":"integer","args":[],"defaultTo":null,"notNullable":false,"unsigned":true},{"name":"article_ord","type":"double","args":[],"defaultTo":null,"notNullable":false,"unsigned":true}]},{"name":"admin_permissions_role_lnk","indexes":[{"name":"admin_permissions_role_lnk_fk","columns":["permission_id"]},{"name":"admin_permissions_role_lnk_ifk","columns":["role_id"]},{"name":"admin_permissions_role_lnk_uq","columns":["permission_id","role_id"],"type":"unique"},{"name":"admin_permissions_role_lnk_oifk","columns":["permission_ord"]}],"foreignKeys":[{"name":"admin_permissions_role_lnk_fk","columns":["permission_id"],"referencedColumns":["id"],"referencedTable":"admin_permissions","onDelete":"CASCADE"},{"name":"admin_permissions_role_lnk_ifk","columns":["role_id"],"referencedColumns":["id"],"referencedTable":"admin_roles","onDelete":"CASCADE"}],"columns":[{"name":"id","type":"increments","args":[{"primary":true,"primaryKey":true}],"defaultTo":null,"notNullable":true,"unsigned":false},{"name":"permission_id","type":"integer","args":[],"defaultTo":null,"notNullable":false,"unsigned":true},{"name":"role_id","type":"integer","args":[],"defaultTo":null,"notNullable":false,"unsigned":true},{"name":"permission_ord","type":"double","args":[],"defaultTo":null,"notNullable":false,"unsigned":true}]},{"name":"admin_users_roles_lnk","indexes":[{"name":"admin_users_roles_lnk_fk","columns":["user_id"]},{"name":"admin_users_roles_lnk_ifk","columns":["role_id"]},{"name":"admin_users_roles_lnk_uq","columns":["user_id","role_id"],"type":"unique"},{"name":"admin_users_roles_lnk_ofk","columns":["role_ord"]},{"name":"admin_users_roles_lnk_oifk","columns":["user_ord"]}],"foreignKeys":[{"name":"admin_users_roles_lnk_fk","columns":["user_id"],"referencedColumns":["id"],"referencedTable":"admin_users","onDelete":"CASCADE"},{"name":"admin_users_roles_lnk_ifk","columns":["role_id"],"referencedColumns":["id"],"referencedTable":"admin_roles","onDelete":"CASCADE"}],"columns":[{"name":"id","type":"increments","args":[{"primary":true,"primaryKey":true}],"defaultTo":null,"notNullable":true,"unsigned":false},{"name":"user_id","type":"integer","args":[],"defaultTo":null,"notNullable":false,"unsigned":true},{"name":"role_id","type":"integer","args":[],"defaultTo":null,"notNullable":false,"unsigned":true},{"name":"role_ord","type":"double","args":[],"defaultTo":null,"notNullable":false,"unsigned":true},{"name":"user_ord","type":"double","args":[],"defaultTo":null,"notNullable":false,"unsigned":true}]},{"name":"strapi_api_token_permissions_token_lnk","indexes":[{"name":"strapi_api_token_permissions_token_lnk_fk","columns":["api_token_permission_id"]},{"name":"strapi_api_token_permissions_token_lnk_ifk","columns":["api_token_id"]},{"name":"strapi_api_token_permissions_token_lnk_uq","columns":["api_token_permission_id","api_token_id"],"type":"unique"},{"name":"strapi_api_token_permissions_token_lnk_oifk","columns":["api_token_permission_ord"]}],"foreignKeys":[{"name":"strapi_api_token_permissions_token_lnk_fk","columns":["api_token_permission_id"],"referencedColumns":["id"],"referencedTable":"strapi_api_token_permissions","onDelete":"CASCADE"},{"name":"strapi_api_token_permissions_token_lnk_ifk","columns":["api_token_id"],"referencedColumns":["id"],"referencedTable":"strapi_api_tokens","onDelete":"CASCADE"}],"columns":[{"name":"id","type":"increments","args":[{"primary":true,"primaryKey":true}],"defaultTo":null,"notNullable":true,"unsigned":false},{"name":"api_token_permission_id","type":"integer","args":[],"defaultTo":null,"notNullable":false,"unsigned":true},{"name":"api_token_id","type":"integer","args":[],"defaultTo":null,"notNullable":false,"unsigned":true},{"name":"api_token_permission_ord","type":"double","args":[],"defaultTo":null,"notNullable":false,"unsigned":true}]},{"name":"strapi_transfer_token_permissions_token_lnk","indexes":[{"name":"strapi_transfer_token_permissions_token_lnk_fk","columns":["transfer_token_permission_id"]},{"name":"strapi_transfer_token_permissions_token_lnk_ifk","columns":["transfer_token_id"]},{"name":"strapi_transfer_token_permissions_token_lnk_uq","columns":["transfer_token_permission_id","transfer_token_id"],"type":"unique"},{"name":"strapi_transfer_token_permissions_token_lnk_oifk","columns":["transfer_token_permission_ord"]}],"foreignKeys":[{"name":"strapi_transfer_token_permissions_token_lnk_fk","columns":["transfer_token_permission_id"],"referencedColumns":["id"],"referencedTable":"strapi_transfer_token_permissions","onDelete":"CASCADE"},{"name":"strapi_transfer_token_permissions_token_lnk_ifk","columns":["transfer_token_id"],"referencedColumns":["id"],"referencedTable":"strapi_transfer_tokens","onDelete":"CASCADE"}],"columns":[{"name":"id","type":"increments","args":[{"primary":true,"primaryKey":true}],"defaultTo":null,"notNullable":true,"unsigned":false},{"name":"transfer_token_permission_id","type":"integer","args":[],"defaultTo":null,"notNullable":false,"unsigned":true},{"name":"transfer_token_id","type":"integer","args":[],"defaultTo":null,"notNullable":false,"unsigned":true},{"name":"transfer_token_permission_ord","type":"double","args":[],"defaultTo":null,"notNullable":false,"unsigned":true}]}]}	2025-07-25 01:47:46.642	c32cbd85b982879e045ba8e492186e4f6c0b003a8915619f0ac8430f42ad845b
\.


--
-- Data for Name: strapi_history_versions; Type: TABLE DATA; Schema: public; Owner: root
--

COPY public.strapi_history_versions (id, content_type, related_document_id, locale, status, data, schema, created_at, created_by_id) FROM stdin;
\.


--
-- Data for Name: strapi_migrations; Type: TABLE DATA; Schema: public; Owner: root
--

COPY public.strapi_migrations (id, name, "time") FROM stdin;
\.


--
-- Data for Name: strapi_migrations_internal; Type: TABLE DATA; Schema: public; Owner: root
--

COPY public.strapi_migrations_internal (id, name, "time") FROM stdin;
1	5.0.0-rename-identifiers-longer-than-max-length	2025-06-06 15:55:05.727
2	5.0.0-02-created-document-id	2025-06-06 15:55:05.752
3	5.0.0-03-created-locale	2025-06-06 15:55:05.773
4	5.0.0-04-created-published-at	2025-06-06 15:55:05.794
5	5.0.0-05-drop-slug-fields-index	2025-06-06 15:55:05.815
6	core::5.0.0-discard-drafts	2025-06-06 15:55:05.837
\.


--
-- Data for Name: strapi_release_actions; Type: TABLE DATA; Schema: public; Owner: root
--

COPY public.strapi_release_actions (id, document_id, type, content_type, entry_document_id, locale, is_entry_valid, created_at, updated_at, published_at, created_by_id, updated_by_id) FROM stdin;
\.


--
-- Data for Name: strapi_release_actions_release_lnk; Type: TABLE DATA; Schema: public; Owner: root
--

COPY public.strapi_release_actions_release_lnk (id, release_action_id, release_id, release_action_ord) FROM stdin;
\.


--
-- Data for Name: strapi_releases; Type: TABLE DATA; Schema: public; Owner: root
--

COPY public.strapi_releases (id, document_id, name, released_at, scheduled_at, timezone, status, created_at, updated_at, published_at, created_by_id, updated_by_id, locale) FROM stdin;
\.


--
-- Data for Name: strapi_transfer_token_permissions; Type: TABLE DATA; Schema: public; Owner: root
--

COPY public.strapi_transfer_token_permissions (id, document_id, action, created_at, updated_at, published_at, created_by_id, updated_by_id, locale) FROM stdin;
\.


--
-- Data for Name: strapi_transfer_token_permissions_token_lnk; Type: TABLE DATA; Schema: public; Owner: root
--

COPY public.strapi_transfer_token_permissions_token_lnk (id, transfer_token_permission_id, transfer_token_id, transfer_token_permission_ord) FROM stdin;
\.


--
-- Data for Name: strapi_transfer_tokens; Type: TABLE DATA; Schema: public; Owner: root
--

COPY public.strapi_transfer_tokens (id, document_id, name, description, access_key, last_used_at, expires_at, lifespan, created_at, updated_at, published_at, created_by_id, updated_by_id, locale) FROM stdin;
\.


--
-- Data for Name: strapi_webhooks; Type: TABLE DATA; Schema: public; Owner: root
--

COPY public.strapi_webhooks (id, name, url, headers, events, enabled) FROM stdin;
\.


--
-- Data for Name: strapi_workflows; Type: TABLE DATA; Schema: public; Owner: root
--

COPY public.strapi_workflows (id, document_id, name, content_types, created_at, updated_at, published_at, created_by_id, updated_by_id, locale) FROM stdin;
\.


--
-- Data for Name: strapi_workflows_stage_required_to_publish_lnk; Type: TABLE DATA; Schema: public; Owner: root
--

COPY public.strapi_workflows_stage_required_to_publish_lnk (id, workflow_id, workflow_stage_id) FROM stdin;
\.


--
-- Data for Name: strapi_workflows_stages; Type: TABLE DATA; Schema: public; Owner: root
--

COPY public.strapi_workflows_stages (id, document_id, name, color, created_at, updated_at, published_at, created_by_id, updated_by_id, locale) FROM stdin;
\.


--
-- Data for Name: strapi_workflows_stages_permissions_lnk; Type: TABLE DATA; Schema: public; Owner: root
--

COPY public.strapi_workflows_stages_permissions_lnk (id, workflow_stage_id, permission_id, permission_ord) FROM stdin;
\.


--
-- Data for Name: strapi_workflows_stages_workflow_lnk; Type: TABLE DATA; Schema: public; Owner: root
--

COPY public.strapi_workflows_stages_workflow_lnk (id, workflow_stage_id, workflow_id, workflow_stage_ord) FROM stdin;
\.


--
-- Data for Name: up_permissions; Type: TABLE DATA; Schema: public; Owner: root
--

COPY public.up_permissions (id, document_id, action, created_at, updated_at, published_at, created_by_id, updated_by_id, locale) FROM stdin;
1	s10hvaxxshqrjn4wuq4xsidu	plugin::users-permissions.user.me	2025-06-06 15:55:06.494	2025-06-06 15:55:06.494	2025-06-06 15:55:06.494	\N	\N	\N
2	amdu8stopxo6tmw6lyskfcky	plugin::users-permissions.auth.changePassword	2025-06-06 15:55:06.494	2025-06-06 15:55:06.494	2025-06-06 15:55:06.494	\N	\N	\N
3	uo0p3bhmrvcylbizg2do831e	plugin::users-permissions.auth.callback	2025-06-06 15:55:06.502	2025-06-06 15:55:06.502	2025-06-06 15:55:06.502	\N	\N	\N
4	j42hsrgqq6s64vvx6rfdscor	plugin::users-permissions.auth.connect	2025-06-06 15:55:06.502	2025-06-06 15:55:06.502	2025-06-06 15:55:06.503	\N	\N	\N
5	d9bfmss182ncjador092spjl	plugin::users-permissions.auth.resetPassword	2025-06-06 15:55:06.502	2025-06-06 15:55:06.502	2025-06-06 15:55:06.503	\N	\N	\N
7	qyyl44qnozvv6fm964t5tp74	plugin::users-permissions.auth.sendEmailConfirmation	2025-06-06 15:55:06.502	2025-06-06 15:55:06.502	2025-06-06 15:55:06.503	\N	\N	\N
9	myhlkgak6bzy80yoc8ddna87	plugin::users-permissions.auth.forgotPassword	2025-06-06 15:55:06.502	2025-06-06 15:55:06.502	2025-06-06 15:55:06.503	\N	\N	\N
8	yht5yk6p9bm8xonnhn0r5uau	plugin::users-permissions.auth.register	2025-06-06 15:55:06.502	2025-06-06 15:55:06.502	2025-06-06 15:55:06.503	\N	\N	\N
6	yn39zw3lhia64s95pltngszt	plugin::users-permissions.auth.emailConfirmation	2025-06-06 15:55:06.502	2025-06-06 15:55:06.502	2025-06-06 15:55:06.503	\N	\N	\N
10	qx0jp3ha40bxoj4j32ycxdyz	api::about.about.find	2025-06-09 19:11:36.884	2025-06-09 19:11:36.884	2025-06-09 19:11:36.886	\N	\N	\N
11	x1v0mwcahwk9rlcs9l57qgu1	api::article.article.find	2025-06-09 19:11:36.884	2025-06-09 19:11:36.884	2025-06-09 19:11:36.886	\N	\N	\N
12	y2jfbvgxq0cbehd7n29bi9fp	api::article.article.findOne	2025-06-09 19:11:36.884	2025-06-09 19:11:36.884	2025-06-09 19:11:36.886	\N	\N	\N
13	v3jhcgvx8g5ufn7jx0rtj1jk	api::author.author.find	2025-06-09 19:11:36.884	2025-06-09 19:11:36.884	2025-06-09 19:11:36.886	\N	\N	\N
14	yu4bo81bb4c4j8h3hh4ldqi0	api::author.author.findOne	2025-06-09 19:11:36.884	2025-06-09 19:11:36.884	2025-06-09 19:11:36.886	\N	\N	\N
15	rhck5ebkbjk2as0m618lu2di	api::category.category.find	2025-06-09 19:11:36.884	2025-06-09 19:11:36.884	2025-06-09 19:11:36.886	\N	\N	\N
16	r4mi9gd9n2gfp2bnn821xj2a	api::category.category.findOne	2025-06-09 19:11:36.884	2025-06-09 19:11:36.884	2025-06-09 19:11:36.886	\N	\N	\N
17	k03t5meht7n37m11ir7m76in	api::global.global.find	2025-06-09 19:11:36.884	2025-06-09 19:11:36.884	2025-06-09 19:11:36.886	\N	\N	\N
18	u5vo2172owhgqd853pc47e0j	plugin::upload.content-api.find	2025-06-09 19:11:36.884	2025-06-09 19:11:36.884	2025-06-09 19:11:36.886	\N	\N	\N
19	f24djgtijlbpf697n7fe2k8h	plugin::upload.content-api.findOne	2025-06-09 19:11:36.884	2025-06-09 19:11:36.884	2025-06-09 19:11:36.886	\N	\N	\N
20	f34539u2i6bi1b4rt4pv70u0	plugin::i18n.locales.listLocales	2025-06-09 19:13:25.084	2025-06-09 19:13:25.084	2025-06-09 19:13:25.084	\N	\N	\N
21	trubnrndynsbcxq6mmveun2j	api::page.page.find	2025-06-11 20:18:34.995	2025-06-11 20:18:34.995	2025-06-11 20:18:34.995	\N	\N	\N
22	mz571pnqdlp5w3hu7r63z6q8	api::page.page.findOne	2025-06-11 20:18:34.995	2025-06-11 20:18:34.995	2025-06-11 20:18:34.996	\N	\N	\N
23	t2b0sy258sbniykqn78kwuym	api::kitchen-estimator.kitchen-estimator.find	2025-07-25 02:10:42.622	2025-07-25 02:10:42.622	2025-07-25 02:10:42.622	\N	\N	\N
\.


--
-- Data for Name: up_permissions_role_lnk; Type: TABLE DATA; Schema: public; Owner: root
--

COPY public.up_permissions_role_lnk (id, permission_id, role_id, permission_ord) FROM stdin;
1	2	1	1
4	3	2	1
2	1	1	1
3	4	2	1
5	8	2	2
6	5	2	2
7	7	2	2
8	9	2	2
9	6	2	2
10	12	2	3
11	13	2	3
12	11	2	3
14	17	2	3
13	10	2	3
16	15	2	3
15	14	2	3
17	16	2	3
18	19	2	4
19	18	2	4
20	20	2	5
21	21	2	6
22	22	2	6
23	23	2	7
\.


--
-- Data for Name: up_roles; Type: TABLE DATA; Schema: public; Owner: root
--

COPY public.up_roles (id, document_id, name, description, type, created_at, updated_at, published_at, created_by_id, updated_by_id, locale) FROM stdin;
1	itpmenukww9xl6748pdpqgo5	Authenticated	Default role given to authenticated user.	authenticated	2025-06-06 15:55:06.487	2025-06-06 15:55:06.487	2025-06-06 15:55:06.487	\N	\N	\N
2	h58f4bwu5byjsrgrtk0gtiel	Public	Default role given to unauthenticated user.	public	2025-06-06 15:55:06.49	2025-07-25 02:10:42.617	2025-06-06 15:55:06.49	\N	\N	\N
\.


--
-- Data for Name: up_users; Type: TABLE DATA; Schema: public; Owner: root
--

COPY public.up_users (id, document_id, username, email, provider, password, reset_password_token, confirmation_token, confirmed, blocked, created_at, updated_at, published_at, created_by_id, updated_by_id, locale) FROM stdin;
\.


--
-- Data for Name: up_users_role_lnk; Type: TABLE DATA; Schema: public; Owner: root
--

COPY public.up_users_role_lnk (id, user_id, role_id, user_ord) FROM stdin;
\.


--
-- Data for Name: upload_folders; Type: TABLE DATA; Schema: public; Owner: root
--

COPY public.upload_folders (id, document_id, name, path_id, path, created_at, updated_at, published_at, created_by_id, updated_by_id, locale) FROM stdin;
\.


--
-- Data for Name: upload_folders_parent_lnk; Type: TABLE DATA; Schema: public; Owner: root
--

COPY public.upload_folders_parent_lnk (id, folder_id, inv_folder_id, folder_ord) FROM stdin;
\.


--
-- Name: abouts_cmps_id_seq; Type: SEQUENCE SET; Schema: public; Owner: root
--

SELECT pg_catalog.setval('public.abouts_cmps_id_seq', 4, true);


--
-- Name: abouts_id_seq; Type: SEQUENCE SET; Schema: public; Owner: root
--

SELECT pg_catalog.setval('public.abouts_id_seq', 1, true);


--
-- Name: admin_permissions_id_seq; Type: SEQUENCE SET; Schema: public; Owner: root
--

SELECT pg_catalog.setval('public.admin_permissions_id_seq', 135, true);


--
-- Name: admin_permissions_role_lnk_id_seq; Type: SEQUENCE SET; Schema: public; Owner: root
--

SELECT pg_catalog.setval('public.admin_permissions_role_lnk_id_seq', 135, true);


--
-- Name: admin_roles_id_seq; Type: SEQUENCE SET; Schema: public; Owner: root
--

SELECT pg_catalog.setval('public.admin_roles_id_seq', 3, true);


--
-- Name: admin_users_id_seq; Type: SEQUENCE SET; Schema: public; Owner: root
--

SELECT pg_catalog.setval('public.admin_users_id_seq', 1, true);


--
-- Name: admin_users_roles_lnk_id_seq; Type: SEQUENCE SET; Schema: public; Owner: root
--

SELECT pg_catalog.setval('public.admin_users_roles_lnk_id_seq', 1, true);


--
-- Name: articles_author_lnk_id_seq; Type: SEQUENCE SET; Schema: public; Owner: root
--

SELECT pg_catalog.setval('public.articles_author_lnk_id_seq', 8, true);


--
-- Name: articles_category_lnk_id_seq; Type: SEQUENCE SET; Schema: public; Owner: root
--

SELECT pg_catalog.setval('public.articles_category_lnk_id_seq', 8, true);


--
-- Name: articles_cmps_id_seq; Type: SEQUENCE SET; Schema: public; Owner: root
--

SELECT pg_catalog.setval('public.articles_cmps_id_seq', 22, true);


--
-- Name: articles_id_seq; Type: SEQUENCE SET; Schema: public; Owner: root
--

SELECT pg_catalog.setval('public.articles_id_seq', 8, true);


--
-- Name: authors_id_seq; Type: SEQUENCE SET; Schema: public; Owner: root
--

SELECT pg_catalog.setval('public.authors_id_seq', 1, true);


--
-- Name: categories_id_seq; Type: SEQUENCE SET; Schema: public; Owner: root
--

SELECT pg_catalog.setval('public.categories_id_seq', 2, true);


--
-- Name: component_shared_post_teasers_id_seq; Type: SEQUENCE SET; Schema: public; Owner: root
--

SELECT pg_catalog.setval('public.component_shared_post_teasers_id_seq', 33, true);


--
-- Name: components_questionnaire_color_variants_id_seq; Type: SEQUENCE SET; Schema: public; Owner: root
--

SELECT pg_catalog.setval('public.components_questionnaire_color_variants_id_seq', 18, true);


--
-- Name: components_questionnaire_questionnaire_options_cmps_id_seq; Type: SEQUENCE SET; Schema: public; Owner: root
--

SELECT pg_catalog.setval('public.components_questionnaire_questionnaire_options_cmps_id_seq', 64, true);


--
-- Name: components_questionnaire_questionnaire_options_id_seq; Type: SEQUENCE SET; Schema: public; Owner: root
--

SELECT pg_catalog.setval('public.components_questionnaire_questionnaire_options_id_seq', 42, true);


--
-- Name: components_questionnaire_questions_cmps_id_seq; Type: SEQUENCE SET; Schema: public; Owner: root
--

SELECT pg_catalog.setval('public.components_questionnaire_questions_cmps_id_seq', 56, true);


--
-- Name: components_questionnaire_questions_id_seq; Type: SEQUENCE SET; Schema: public; Owner: root
--

SELECT pg_catalog.setval('public.components_questionnaire_questions_id_seq', 15, true);


--
-- Name: components_questionnaire_select_options_id_seq; Type: SEQUENCE SET; Schema: public; Owner: root
--

SELECT pg_catalog.setval('public.components_questionnaire_select_options_id_seq', 30, true);


--
-- Name: components_sections_blog_posts_teasers_cmps_id_seq; Type: SEQUENCE SET; Schema: public; Owner: root
--

SELECT pg_catalog.setval('public.components_sections_blog_posts_teasers_cmps_id_seq', 54, true);


--
-- Name: components_sections_blog_posts_teasers_id_seq; Type: SEQUENCE SET; Schema: public; Owner: root
--

SELECT pg_catalog.setval('public.components_sections_blog_posts_teasers_id_seq', 11, true);


--
-- Name: components_sections_category_highlights_cmps_id_seq; Type: SEQUENCE SET; Schema: public; Owner: root
--

SELECT pg_catalog.setval('public.components_sections_category_highlights_cmps_id_seq', 72, true);


--
-- Name: components_sections_category_highlights_id_seq; Type: SEQUENCE SET; Schema: public; Owner: root
--

SELECT pg_catalog.setval('public.components_sections_category_highlights_id_seq', 11, true);


--
-- Name: components_sections_faq_sections_cmps_id_seq; Type: SEQUENCE SET; Schema: public; Owner: root
--

SELECT pg_catalog.setval('public.components_sections_faq_sections_cmps_id_seq', 54, true);


--
-- Name: components_sections_faq_sections_id_seq; Type: SEQUENCE SET; Schema: public; Owner: root
--

SELECT pg_catalog.setval('public.components_sections_faq_sections_id_seq', 11, true);


--
-- Name: components_sections_feature_grids_cmps_id_seq; Type: SEQUENCE SET; Schema: public; Owner: root
--

SELECT pg_catalog.setval('public.components_sections_feature_grids_cmps_id_seq', 54, true);


--
-- Name: components_sections_feature_grids_id_seq; Type: SEQUENCE SET; Schema: public; Owner: root
--

SELECT pg_catalog.setval('public.components_sections_feature_grids_id_seq', 11, true);


--
-- Name: components_sections_hero_banners_id_seq; Type: SEQUENCE SET; Schema: public; Owner: root
--

SELECT pg_catalog.setval('public.components_sections_hero_banners_id_seq', 11, true);


--
-- Name: components_sections_image_carousels_id_seq; Type: SEQUENCE SET; Schema: public; Owner: root
--

SELECT pg_catalog.setval('public.components_sections_image_carousels_id_seq', 11, true);


--
-- Name: components_sections_product_sliders_cmps_id_seq; Type: SEQUENCE SET; Schema: public; Owner: root
--

SELECT pg_catalog.setval('public.components_sections_product_sliders_cmps_id_seq', 54, true);


--
-- Name: components_sections_product_sliders_id_seq; Type: SEQUENCE SET; Schema: public; Owner: root
--

SELECT pg_catalog.setval('public.components_sections_product_sliders_id_seq', 11, true);


--
-- Name: components_sections_promotional_ctas_id_seq; Type: SEQUENCE SET; Schema: public; Owner: root
--

SELECT pg_catalog.setval('public.components_sections_promotional_ctas_id_seq', 11, true);


--
-- Name: components_sections_rich_text_blocks_id_seq; Type: SEQUENCE SET; Schema: public; Owner: root
--

SELECT pg_catalog.setval('public.components_sections_rich_text_blocks_id_seq', 11, true);


--
-- Name: components_sections_testimonials_cmps_id_seq; Type: SEQUENCE SET; Schema: public; Owner: root
--

SELECT pg_catalog.setval('public.components_sections_testimonials_cmps_id_seq', 54, true);


--
-- Name: components_sections_testimonials_id_seq; Type: SEQUENCE SET; Schema: public; Owner: root
--

SELECT pg_catalog.setval('public.components_sections_testimonials_id_seq', 11, true);


--
-- Name: components_shared_category_cards_id_seq; Type: SEQUENCE SET; Schema: public; Owner: root
--

SELECT pg_catalog.setval('public.components_shared_category_cards_id_seq', 44, true);


--
-- Name: components_shared_features_id_seq; Type: SEQUENCE SET; Schema: public; Owner: root
--

SELECT pg_catalog.setval('public.components_shared_features_id_seq', 33, true);


--
-- Name: components_shared_media_id_seq; Type: SEQUENCE SET; Schema: public; Owner: root
--

SELECT pg_catalog.setval('public.components_shared_media_id_seq', 1, true);


--
-- Name: components_shared_post_teasers_id_seq; Type: SEQUENCE SET; Schema: public; Owner: root
--

SELECT pg_catalog.setval('public.components_shared_post_teasers_id_seq', 33, true);


--
-- Name: components_shared_product_slides_id_seq; Type: SEQUENCE SET; Schema: public; Owner: root
--

SELECT pg_catalog.setval('public.components_shared_product_slides_id_seq', 33, true);


--
-- Name: components_shared_quotes_id_seq; Type: SEQUENCE SET; Schema: public; Owner: root
--

SELECT pg_catalog.setval('public.components_shared_quotes_id_seq', 11, true);


--
-- Name: components_shared_rich_texts_id_seq; Type: SEQUENCE SET; Schema: public; Owner: root
--

SELECT pg_catalog.setval('public.components_shared_rich_texts_id_seq', 7, true);


--
-- Name: components_shared_seos_id_seq; Type: SEQUENCE SET; Schema: public; Owner: root
--

SELECT pg_catalog.setval('public.components_shared_seos_id_seq', 12, true);


--
-- Name: components_shared_sliders_id_seq; Type: SEQUENCE SET; Schema: public; Owner: root
--

SELECT pg_catalog.setval('public.components_shared_sliders_id_seq', 7, true);


--
-- Name: components_shared_testimonials_id_seq; Type: SEQUENCE SET; Schema: public; Owner: root
--

SELECT pg_catalog.setval('public.components_shared_testimonials_id_seq', 33, true);


--
-- Name: files_folder_lnk_id_seq; Type: SEQUENCE SET; Schema: public; Owner: root
--

SELECT pg_catalog.setval('public.files_folder_lnk_id_seq', 1, false);


--
-- Name: files_id_seq; Type: SEQUENCE SET; Schema: public; Owner: root
--

SELECT pg_catalog.setval('public.files_id_seq', 17, true);


--
-- Name: files_related_mph_id_seq; Type: SEQUENCE SET; Schema: public; Owner: root
--

SELECT pg_catalog.setval('public.files_related_mph_id_seq', 568, true);


--
-- Name: globals_cmps_id_seq; Type: SEQUENCE SET; Schema: public; Owner: root
--

SELECT pg_catalog.setval('public.globals_cmps_id_seq', 1, true);


--
-- Name: globals_id_seq; Type: SEQUENCE SET; Schema: public; Owner: root
--

SELECT pg_catalog.setval('public.globals_id_seq', 1, true);


--
-- Name: i18n_locale_id_seq; Type: SEQUENCE SET; Schema: public; Owner: root
--

SELECT pg_catalog.setval('public.i18n_locale_id_seq', 1, true);


--
-- Name: kitchen_estimators_cmps_id_seq; Type: SEQUENCE SET; Schema: public; Owner: root
--

SELECT pg_catalog.setval('public.kitchen_estimators_cmps_id_seq', 20, true);


--
-- Name: kitchen_estimators_id_seq; Type: SEQUENCE SET; Schema: public; Owner: root
--

SELECT pg_catalog.setval('public.kitchen_estimators_id_seq', 3, true);


--
-- Name: pages_cmps_id_seq; Type: SEQUENCE SET; Schema: public; Owner: root
--

SELECT pg_catalog.setval('public.pages_cmps_id_seq', 198, true);


--
-- Name: pages_id_seq; Type: SEQUENCE SET; Schema: public; Owner: root
--

SELECT pg_catalog.setval('public.pages_id_seq', 11, true);


--
-- Name: strapi_api_token_permissions_id_seq; Type: SEQUENCE SET; Schema: public; Owner: root
--

SELECT pg_catalog.setval('public.strapi_api_token_permissions_id_seq', 1, false);


--
-- Name: strapi_api_token_permissions_token_lnk_id_seq; Type: SEQUENCE SET; Schema: public; Owner: root
--

SELECT pg_catalog.setval('public.strapi_api_token_permissions_token_lnk_id_seq', 1, false);


--
-- Name: strapi_api_tokens_id_seq; Type: SEQUENCE SET; Schema: public; Owner: root
--

SELECT pg_catalog.setval('public.strapi_api_tokens_id_seq', 2, true);


--
-- Name: strapi_core_store_settings_id_seq; Type: SEQUENCE SET; Schema: public; Owner: root
--

SELECT pg_catalog.setval('public.strapi_core_store_settings_id_seq', 58, true);


--
-- Name: strapi_database_schema_id_seq; Type: SEQUENCE SET; Schema: public; Owner: root
--

SELECT pg_catalog.setval('public.strapi_database_schema_id_seq', 29, true);


--
-- Name: strapi_history_versions_id_seq; Type: SEQUENCE SET; Schema: public; Owner: root
--

SELECT pg_catalog.setval('public.strapi_history_versions_id_seq', 1, false);


--
-- Name: strapi_migrations_id_seq; Type: SEQUENCE SET; Schema: public; Owner: root
--

SELECT pg_catalog.setval('public.strapi_migrations_id_seq', 1, false);


--
-- Name: strapi_migrations_internal_id_seq; Type: SEQUENCE SET; Schema: public; Owner: root
--

SELECT pg_catalog.setval('public.strapi_migrations_internal_id_seq', 6, true);


--
-- Name: strapi_release_actions_id_seq; Type: SEQUENCE SET; Schema: public; Owner: root
--

SELECT pg_catalog.setval('public.strapi_release_actions_id_seq', 1, false);


--
-- Name: strapi_release_actions_release_lnk_id_seq; Type: SEQUENCE SET; Schema: public; Owner: root
--

SELECT pg_catalog.setval('public.strapi_release_actions_release_lnk_id_seq', 1, false);


--
-- Name: strapi_releases_id_seq; Type: SEQUENCE SET; Schema: public; Owner: root
--

SELECT pg_catalog.setval('public.strapi_releases_id_seq', 1, false);


--
-- Name: strapi_transfer_token_permissions_id_seq; Type: SEQUENCE SET; Schema: public; Owner: root
--

SELECT pg_catalog.setval('public.strapi_transfer_token_permissions_id_seq', 1, false);


--
-- Name: strapi_transfer_token_permissions_token_lnk_id_seq; Type: SEQUENCE SET; Schema: public; Owner: root
--

SELECT pg_catalog.setval('public.strapi_transfer_token_permissions_token_lnk_id_seq', 1, false);


--
-- Name: strapi_transfer_tokens_id_seq; Type: SEQUENCE SET; Schema: public; Owner: root
--

SELECT pg_catalog.setval('public.strapi_transfer_tokens_id_seq', 1, false);


--
-- Name: strapi_webhooks_id_seq; Type: SEQUENCE SET; Schema: public; Owner: root
--

SELECT pg_catalog.setval('public.strapi_webhooks_id_seq', 1, false);


--
-- Name: strapi_workflows_id_seq; Type: SEQUENCE SET; Schema: public; Owner: root
--

SELECT pg_catalog.setval('public.strapi_workflows_id_seq', 1, false);


--
-- Name: strapi_workflows_stage_required_to_publish_lnk_id_seq; Type: SEQUENCE SET; Schema: public; Owner: root
--

SELECT pg_catalog.setval('public.strapi_workflows_stage_required_to_publish_lnk_id_seq', 1, false);


--
-- Name: strapi_workflows_stages_id_seq; Type: SEQUENCE SET; Schema: public; Owner: root
--

SELECT pg_catalog.setval('public.strapi_workflows_stages_id_seq', 1, false);


--
-- Name: strapi_workflows_stages_permissions_lnk_id_seq; Type: SEQUENCE SET; Schema: public; Owner: root
--

SELECT pg_catalog.setval('public.strapi_workflows_stages_permissions_lnk_id_seq', 1, false);


--
-- Name: strapi_workflows_stages_workflow_lnk_id_seq; Type: SEQUENCE SET; Schema: public; Owner: root
--

SELECT pg_catalog.setval('public.strapi_workflows_stages_workflow_lnk_id_seq', 1, false);


--
-- Name: up_permissions_id_seq; Type: SEQUENCE SET; Schema: public; Owner: root
--

SELECT pg_catalog.setval('public.up_permissions_id_seq', 23, true);


--
-- Name: up_permissions_role_lnk_id_seq; Type: SEQUENCE SET; Schema: public; Owner: root
--

SELECT pg_catalog.setval('public.up_permissions_role_lnk_id_seq', 23, true);


--
-- Name: up_roles_id_seq; Type: SEQUENCE SET; Schema: public; Owner: root
--

SELECT pg_catalog.setval('public.up_roles_id_seq', 2, true);


--
-- Name: up_users_id_seq; Type: SEQUENCE SET; Schema: public; Owner: root
--

SELECT pg_catalog.setval('public.up_users_id_seq', 1, false);


--
-- Name: up_users_role_lnk_id_seq; Type: SEQUENCE SET; Schema: public; Owner: root
--

SELECT pg_catalog.setval('public.up_users_role_lnk_id_seq', 1, false);


--
-- Name: upload_folders_id_seq; Type: SEQUENCE SET; Schema: public; Owner: root
--

SELECT pg_catalog.setval('public.upload_folders_id_seq', 1, false);


--
-- Name: upload_folders_parent_lnk_id_seq; Type: SEQUENCE SET; Schema: public; Owner: root
--

SELECT pg_catalog.setval('public.upload_folders_parent_lnk_id_seq', 1, false);


--
-- Name: abouts_cmps abouts_cmps_pkey; Type: CONSTRAINT; Schema: public; Owner: root
--

ALTER TABLE ONLY public.abouts_cmps
    ADD CONSTRAINT abouts_cmps_pkey PRIMARY KEY (id);


--
-- Name: abouts abouts_pkey; Type: CONSTRAINT; Schema: public; Owner: root
--

ALTER TABLE ONLY public.abouts
    ADD CONSTRAINT abouts_pkey PRIMARY KEY (id);


--
-- Name: abouts_cmps abouts_uq; Type: CONSTRAINT; Schema: public; Owner: root
--

ALTER TABLE ONLY public.abouts_cmps
    ADD CONSTRAINT abouts_uq UNIQUE (entity_id, cmp_id, field, component_type);


--
-- Name: admin_permissions admin_permissions_pkey; Type: CONSTRAINT; Schema: public; Owner: root
--

ALTER TABLE ONLY public.admin_permissions
    ADD CONSTRAINT admin_permissions_pkey PRIMARY KEY (id);


--
-- Name: admin_permissions_role_lnk admin_permissions_role_lnk_pkey; Type: CONSTRAINT; Schema: public; Owner: root
--

ALTER TABLE ONLY public.admin_permissions_role_lnk
    ADD CONSTRAINT admin_permissions_role_lnk_pkey PRIMARY KEY (id);


--
-- Name: admin_permissions_role_lnk admin_permissions_role_lnk_uq; Type: CONSTRAINT; Schema: public; Owner: root
--

ALTER TABLE ONLY public.admin_permissions_role_lnk
    ADD CONSTRAINT admin_permissions_role_lnk_uq UNIQUE (permission_id, role_id);


--
-- Name: admin_roles admin_roles_pkey; Type: CONSTRAINT; Schema: public; Owner: root
--

ALTER TABLE ONLY public.admin_roles
    ADD CONSTRAINT admin_roles_pkey PRIMARY KEY (id);


--
-- Name: admin_users admin_users_pkey; Type: CONSTRAINT; Schema: public; Owner: root
--

ALTER TABLE ONLY public.admin_users
    ADD CONSTRAINT admin_users_pkey PRIMARY KEY (id);


--
-- Name: admin_users_roles_lnk admin_users_roles_lnk_pkey; Type: CONSTRAINT; Schema: public; Owner: root
--

ALTER TABLE ONLY public.admin_users_roles_lnk
    ADD CONSTRAINT admin_users_roles_lnk_pkey PRIMARY KEY (id);


--
-- Name: admin_users_roles_lnk admin_users_roles_lnk_uq; Type: CONSTRAINT; Schema: public; Owner: root
--

ALTER TABLE ONLY public.admin_users_roles_lnk
    ADD CONSTRAINT admin_users_roles_lnk_uq UNIQUE (user_id, role_id);


--
-- Name: articles_author_lnk articles_author_lnk_pkey; Type: CONSTRAINT; Schema: public; Owner: root
--

ALTER TABLE ONLY public.articles_author_lnk
    ADD CONSTRAINT articles_author_lnk_pkey PRIMARY KEY (id);


--
-- Name: articles_author_lnk articles_author_lnk_uq; Type: CONSTRAINT; Schema: public; Owner: root
--

ALTER TABLE ONLY public.articles_author_lnk
    ADD CONSTRAINT articles_author_lnk_uq UNIQUE (article_id, author_id);


--
-- Name: articles_category_lnk articles_category_lnk_pkey; Type: CONSTRAINT; Schema: public; Owner: root
--

ALTER TABLE ONLY public.articles_category_lnk
    ADD CONSTRAINT articles_category_lnk_pkey PRIMARY KEY (id);


--
-- Name: articles_category_lnk articles_category_lnk_uq; Type: CONSTRAINT; Schema: public; Owner: root
--

ALTER TABLE ONLY public.articles_category_lnk
    ADD CONSTRAINT articles_category_lnk_uq UNIQUE (article_id, category_id);


--
-- Name: articles_cmps articles_cmps_pkey; Type: CONSTRAINT; Schema: public; Owner: root
--

ALTER TABLE ONLY public.articles_cmps
    ADD CONSTRAINT articles_cmps_pkey PRIMARY KEY (id);


--
-- Name: articles articles_pkey; Type: CONSTRAINT; Schema: public; Owner: root
--

ALTER TABLE ONLY public.articles
    ADD CONSTRAINT articles_pkey PRIMARY KEY (id);


--
-- Name: articles_cmps articles_uq; Type: CONSTRAINT; Schema: public; Owner: root
--

ALTER TABLE ONLY public.articles_cmps
    ADD CONSTRAINT articles_uq UNIQUE (entity_id, cmp_id, field, component_type);


--
-- Name: authors authors_pkey; Type: CONSTRAINT; Schema: public; Owner: root
--

ALTER TABLE ONLY public.authors
    ADD CONSTRAINT authors_pkey PRIMARY KEY (id);


--
-- Name: categories categories_pkey; Type: CONSTRAINT; Schema: public; Owner: root
--

ALTER TABLE ONLY public.categories
    ADD CONSTRAINT categories_pkey PRIMARY KEY (id);


--
-- Name: component_shared_post_teasers component_shared_post_teasers_pkey; Type: CONSTRAINT; Schema: public; Owner: root
--

ALTER TABLE ONLY public.component_shared_post_teasers
    ADD CONSTRAINT component_shared_post_teasers_pkey PRIMARY KEY (id);


--
-- Name: components_questionnaire_color_variants components_questionnaire_color_variants_pkey; Type: CONSTRAINT; Schema: public; Owner: root
--

ALTER TABLE ONLY public.components_questionnaire_color_variants
    ADD CONSTRAINT components_questionnaire_color_variants_pkey PRIMARY KEY (id);


--
-- Name: components_questionnaire_questionnaire_options_cmps components_questionnaire_questionnaire_options_cmps_pkey; Type: CONSTRAINT; Schema: public; Owner: root
--

ALTER TABLE ONLY public.components_questionnaire_questionnaire_options_cmps
    ADD CONSTRAINT components_questionnaire_questionnaire_options_cmps_pkey PRIMARY KEY (id);


--
-- Name: components_questionnaire_questionnaire_options components_questionnaire_questionnaire_options_pkey; Type: CONSTRAINT; Schema: public; Owner: root
--

ALTER TABLE ONLY public.components_questionnaire_questionnaire_options
    ADD CONSTRAINT components_questionnaire_questionnaire_options_pkey PRIMARY KEY (id);


--
-- Name: components_questionnaire_questionnaire_options_cmps components_questionnaire_questionnaire_options_uq; Type: CONSTRAINT; Schema: public; Owner: root
--

ALTER TABLE ONLY public.components_questionnaire_questionnaire_options_cmps
    ADD CONSTRAINT components_questionnaire_questionnaire_options_uq UNIQUE (entity_id, cmp_id, field, component_type);


--
-- Name: components_questionnaire_questions_cmps components_questionnaire_questions_cmps_pkey; Type: CONSTRAINT; Schema: public; Owner: root
--

ALTER TABLE ONLY public.components_questionnaire_questions_cmps
    ADD CONSTRAINT components_questionnaire_questions_cmps_pkey PRIMARY KEY (id);


--
-- Name: components_questionnaire_questions components_questionnaire_questions_pkey; Type: CONSTRAINT; Schema: public; Owner: root
--

ALTER TABLE ONLY public.components_questionnaire_questions
    ADD CONSTRAINT components_questionnaire_questions_pkey PRIMARY KEY (id);


--
-- Name: components_questionnaire_questions_cmps components_questionnaire_questions_uq; Type: CONSTRAINT; Schema: public; Owner: root
--

ALTER TABLE ONLY public.components_questionnaire_questions_cmps
    ADD CONSTRAINT components_questionnaire_questions_uq UNIQUE (entity_id, cmp_id, field, component_type);


--
-- Name: components_questionnaire_select_options components_questionnaire_select_options_pkey; Type: CONSTRAINT; Schema: public; Owner: root
--

ALTER TABLE ONLY public.components_questionnaire_select_options
    ADD CONSTRAINT components_questionnaire_select_options_pkey PRIMARY KEY (id);


--
-- Name: components_sections_blog_posts_teasers_cmps components_sections_blog_posts_teasers_cmps_pkey; Type: CONSTRAINT; Schema: public; Owner: root
--

ALTER TABLE ONLY public.components_sections_blog_posts_teasers_cmps
    ADD CONSTRAINT components_sections_blog_posts_teasers_cmps_pkey PRIMARY KEY (id);


--
-- Name: components_sections_blog_posts_teasers components_sections_blog_posts_teasers_pkey; Type: CONSTRAINT; Schema: public; Owner: root
--

ALTER TABLE ONLY public.components_sections_blog_posts_teasers
    ADD CONSTRAINT components_sections_blog_posts_teasers_pkey PRIMARY KEY (id);


--
-- Name: components_sections_blog_posts_teasers_cmps components_sections_blog_posts_teasers_uq; Type: CONSTRAINT; Schema: public; Owner: root
--

ALTER TABLE ONLY public.components_sections_blog_posts_teasers_cmps
    ADD CONSTRAINT components_sections_blog_posts_teasers_uq UNIQUE (entity_id, cmp_id, field, component_type);


--
-- Name: components_sections_category_highlights_cmps components_sections_category_highlights_cmps_pkey; Type: CONSTRAINT; Schema: public; Owner: root
--

ALTER TABLE ONLY public.components_sections_category_highlights_cmps
    ADD CONSTRAINT components_sections_category_highlights_cmps_pkey PRIMARY KEY (id);


--
-- Name: components_sections_category_highlights components_sections_category_highlights_pkey; Type: CONSTRAINT; Schema: public; Owner: root
--

ALTER TABLE ONLY public.components_sections_category_highlights
    ADD CONSTRAINT components_sections_category_highlights_pkey PRIMARY KEY (id);


--
-- Name: components_sections_category_highlights_cmps components_sections_category_highlights_uq; Type: CONSTRAINT; Schema: public; Owner: root
--

ALTER TABLE ONLY public.components_sections_category_highlights_cmps
    ADD CONSTRAINT components_sections_category_highlights_uq UNIQUE (entity_id, cmp_id, field, component_type);


--
-- Name: components_sections_faq_sections_cmps components_sections_faq_sections_cmps_pkey; Type: CONSTRAINT; Schema: public; Owner: root
--

ALTER TABLE ONLY public.components_sections_faq_sections_cmps
    ADD CONSTRAINT components_sections_faq_sections_cmps_pkey PRIMARY KEY (id);


--
-- Name: components_sections_faq_sections components_sections_faq_sections_pkey; Type: CONSTRAINT; Schema: public; Owner: root
--

ALTER TABLE ONLY public.components_sections_faq_sections
    ADD CONSTRAINT components_sections_faq_sections_pkey PRIMARY KEY (id);


--
-- Name: components_sections_faq_sections_cmps components_sections_faq_sections_uq; Type: CONSTRAINT; Schema: public; Owner: root
--

ALTER TABLE ONLY public.components_sections_faq_sections_cmps
    ADD CONSTRAINT components_sections_faq_sections_uq UNIQUE (entity_id, cmp_id, field, component_type);


--
-- Name: components_sections_feature_grids_cmps components_sections_feature_grids_cmps_pkey; Type: CONSTRAINT; Schema: public; Owner: root
--

ALTER TABLE ONLY public.components_sections_feature_grids_cmps
    ADD CONSTRAINT components_sections_feature_grids_cmps_pkey PRIMARY KEY (id);


--
-- Name: components_sections_feature_grids components_sections_feature_grids_pkey; Type: CONSTRAINT; Schema: public; Owner: root
--

ALTER TABLE ONLY public.components_sections_feature_grids
    ADD CONSTRAINT components_sections_feature_grids_pkey PRIMARY KEY (id);


--
-- Name: components_sections_feature_grids_cmps components_sections_feature_grids_uq; Type: CONSTRAINT; Schema: public; Owner: root
--

ALTER TABLE ONLY public.components_sections_feature_grids_cmps
    ADD CONSTRAINT components_sections_feature_grids_uq UNIQUE (entity_id, cmp_id, field, component_type);


--
-- Name: components_sections_hero_banners components_sections_hero_banners_pkey; Type: CONSTRAINT; Schema: public; Owner: root
--

ALTER TABLE ONLY public.components_sections_hero_banners
    ADD CONSTRAINT components_sections_hero_banners_pkey PRIMARY KEY (id);


--
-- Name: components_sections_image_carousels components_sections_image_carousels_pkey; Type: CONSTRAINT; Schema: public; Owner: root
--

ALTER TABLE ONLY public.components_sections_image_carousels
    ADD CONSTRAINT components_sections_image_carousels_pkey PRIMARY KEY (id);


--
-- Name: components_sections_product_sliders_cmps components_sections_product_sliders_cmps_pkey; Type: CONSTRAINT; Schema: public; Owner: root
--

ALTER TABLE ONLY public.components_sections_product_sliders_cmps
    ADD CONSTRAINT components_sections_product_sliders_cmps_pkey PRIMARY KEY (id);


--
-- Name: components_sections_product_sliders components_sections_product_sliders_pkey; Type: CONSTRAINT; Schema: public; Owner: root
--

ALTER TABLE ONLY public.components_sections_product_sliders
    ADD CONSTRAINT components_sections_product_sliders_pkey PRIMARY KEY (id);


--
-- Name: components_sections_product_sliders_cmps components_sections_product_sliders_uq; Type: CONSTRAINT; Schema: public; Owner: root
--

ALTER TABLE ONLY public.components_sections_product_sliders_cmps
    ADD CONSTRAINT components_sections_product_sliders_uq UNIQUE (entity_id, cmp_id, field, component_type);


--
-- Name: components_sections_promotional_ctas components_sections_promotional_ctas_pkey; Type: CONSTRAINT; Schema: public; Owner: root
--

ALTER TABLE ONLY public.components_sections_promotional_ctas
    ADD CONSTRAINT components_sections_promotional_ctas_pkey PRIMARY KEY (id);


--
-- Name: components_sections_rich_text_blocks components_sections_rich_text_blocks_pkey; Type: CONSTRAINT; Schema: public; Owner: root
--

ALTER TABLE ONLY public.components_sections_rich_text_blocks
    ADD CONSTRAINT components_sections_rich_text_blocks_pkey PRIMARY KEY (id);


--
-- Name: components_sections_testimonials_cmps components_sections_testimonials_cmps_pkey; Type: CONSTRAINT; Schema: public; Owner: root
--

ALTER TABLE ONLY public.components_sections_testimonials_cmps
    ADD CONSTRAINT components_sections_testimonials_cmps_pkey PRIMARY KEY (id);


--
-- Name: components_sections_testimonials components_sections_testimonials_pkey; Type: CONSTRAINT; Schema: public; Owner: root
--

ALTER TABLE ONLY public.components_sections_testimonials
    ADD CONSTRAINT components_sections_testimonials_pkey PRIMARY KEY (id);


--
-- Name: components_sections_testimonials_cmps components_sections_testimonials_uq; Type: CONSTRAINT; Schema: public; Owner: root
--

ALTER TABLE ONLY public.components_sections_testimonials_cmps
    ADD CONSTRAINT components_sections_testimonials_uq UNIQUE (entity_id, cmp_id, field, component_type);


--
-- Name: components_shared_category_cards components_shared_category_cards_pkey; Type: CONSTRAINT; Schema: public; Owner: root
--

ALTER TABLE ONLY public.components_shared_category_cards
    ADD CONSTRAINT components_shared_category_cards_pkey PRIMARY KEY (id);


--
-- Name: components_shared_features components_shared_features_pkey; Type: CONSTRAINT; Schema: public; Owner: root
--

ALTER TABLE ONLY public.components_shared_features
    ADD CONSTRAINT components_shared_features_pkey PRIMARY KEY (id);


--
-- Name: components_shared_media components_shared_media_pkey; Type: CONSTRAINT; Schema: public; Owner: root
--

ALTER TABLE ONLY public.components_shared_media
    ADD CONSTRAINT components_shared_media_pkey PRIMARY KEY (id);


--
-- Name: components_shared_post_teasers components_shared_post_teasers_pkey; Type: CONSTRAINT; Schema: public; Owner: root
--

ALTER TABLE ONLY public.components_shared_post_teasers
    ADD CONSTRAINT components_shared_post_teasers_pkey PRIMARY KEY (id);


--
-- Name: components_shared_product_slides components_shared_product_slides_pkey; Type: CONSTRAINT; Schema: public; Owner: root
--

ALTER TABLE ONLY public.components_shared_product_slides
    ADD CONSTRAINT components_shared_product_slides_pkey PRIMARY KEY (id);


--
-- Name: components_shared_quotes components_shared_quotes_pkey; Type: CONSTRAINT; Schema: public; Owner: root
--

ALTER TABLE ONLY public.components_shared_quotes
    ADD CONSTRAINT components_shared_quotes_pkey PRIMARY KEY (id);


--
-- Name: components_shared_rich_texts components_shared_rich_texts_pkey; Type: CONSTRAINT; Schema: public; Owner: root
--

ALTER TABLE ONLY public.components_shared_rich_texts
    ADD CONSTRAINT components_shared_rich_texts_pkey PRIMARY KEY (id);


--
-- Name: components_shared_seos components_shared_seos_pkey; Type: CONSTRAINT; Schema: public; Owner: root
--

ALTER TABLE ONLY public.components_shared_seos
    ADD CONSTRAINT components_shared_seos_pkey PRIMARY KEY (id);


--
-- Name: components_shared_sliders components_shared_sliders_pkey; Type: CONSTRAINT; Schema: public; Owner: root
--

ALTER TABLE ONLY public.components_shared_sliders
    ADD CONSTRAINT components_shared_sliders_pkey PRIMARY KEY (id);


--
-- Name: components_shared_testimonials components_shared_testimonials_pkey; Type: CONSTRAINT; Schema: public; Owner: root
--

ALTER TABLE ONLY public.components_shared_testimonials
    ADD CONSTRAINT components_shared_testimonials_pkey PRIMARY KEY (id);


--
-- Name: files_folder_lnk files_folder_lnk_pkey; Type: CONSTRAINT; Schema: public; Owner: root
--

ALTER TABLE ONLY public.files_folder_lnk
    ADD CONSTRAINT files_folder_lnk_pkey PRIMARY KEY (id);


--
-- Name: files_folder_lnk files_folder_lnk_uq; Type: CONSTRAINT; Schema: public; Owner: root
--

ALTER TABLE ONLY public.files_folder_lnk
    ADD CONSTRAINT files_folder_lnk_uq UNIQUE (file_id, folder_id);


--
-- Name: files files_pkey; Type: CONSTRAINT; Schema: public; Owner: root
--

ALTER TABLE ONLY public.files
    ADD CONSTRAINT files_pkey PRIMARY KEY (id);


--
-- Name: files_related_mph files_related_mph_pkey; Type: CONSTRAINT; Schema: public; Owner: root
--

ALTER TABLE ONLY public.files_related_mph
    ADD CONSTRAINT files_related_mph_pkey PRIMARY KEY (id);


--
-- Name: globals_cmps globals_cmps_pkey; Type: CONSTRAINT; Schema: public; Owner: root
--

ALTER TABLE ONLY public.globals_cmps
    ADD CONSTRAINT globals_cmps_pkey PRIMARY KEY (id);


--
-- Name: globals globals_pkey; Type: CONSTRAINT; Schema: public; Owner: root
--

ALTER TABLE ONLY public.globals
    ADD CONSTRAINT globals_pkey PRIMARY KEY (id);


--
-- Name: globals_cmps globals_uq; Type: CONSTRAINT; Schema: public; Owner: root
--

ALTER TABLE ONLY public.globals_cmps
    ADD CONSTRAINT globals_uq UNIQUE (entity_id, cmp_id, field, component_type);


--
-- Name: i18n_locale i18n_locale_pkey; Type: CONSTRAINT; Schema: public; Owner: root
--

ALTER TABLE ONLY public.i18n_locale
    ADD CONSTRAINT i18n_locale_pkey PRIMARY KEY (id);


--
-- Name: kitchen_estimators_cmps kitchen_estimators_cmps_pkey; Type: CONSTRAINT; Schema: public; Owner: root
--

ALTER TABLE ONLY public.kitchen_estimators_cmps
    ADD CONSTRAINT kitchen_estimators_cmps_pkey PRIMARY KEY (id);


--
-- Name: kitchen_estimators kitchen_estimators_pkey; Type: CONSTRAINT; Schema: public; Owner: root
--

ALTER TABLE ONLY public.kitchen_estimators
    ADD CONSTRAINT kitchen_estimators_pkey PRIMARY KEY (id);


--
-- Name: kitchen_estimators_cmps kitchen_estimators_uq; Type: CONSTRAINT; Schema: public; Owner: root
--

ALTER TABLE ONLY public.kitchen_estimators_cmps
    ADD CONSTRAINT kitchen_estimators_uq UNIQUE (entity_id, cmp_id, field, component_type);


--
-- Name: pages_cmps pages_cmps_pkey; Type: CONSTRAINT; Schema: public; Owner: root
--

ALTER TABLE ONLY public.pages_cmps
    ADD CONSTRAINT pages_cmps_pkey PRIMARY KEY (id);


--
-- Name: pages pages_pkey; Type: CONSTRAINT; Schema: public; Owner: root
--

ALTER TABLE ONLY public.pages
    ADD CONSTRAINT pages_pkey PRIMARY KEY (id);


--
-- Name: pages_cmps pages_uq; Type: CONSTRAINT; Schema: public; Owner: root
--

ALTER TABLE ONLY public.pages_cmps
    ADD CONSTRAINT pages_uq UNIQUE (entity_id, cmp_id, field, component_type);


--
-- Name: strapi_api_token_permissions strapi_api_token_permissions_pkey; Type: CONSTRAINT; Schema: public; Owner: root
--

ALTER TABLE ONLY public.strapi_api_token_permissions
    ADD CONSTRAINT strapi_api_token_permissions_pkey PRIMARY KEY (id);


--
-- Name: strapi_api_token_permissions_token_lnk strapi_api_token_permissions_token_lnk_pkey; Type: CONSTRAINT; Schema: public; Owner: root
--

ALTER TABLE ONLY public.strapi_api_token_permissions_token_lnk
    ADD CONSTRAINT strapi_api_token_permissions_token_lnk_pkey PRIMARY KEY (id);


--
-- Name: strapi_api_token_permissions_token_lnk strapi_api_token_permissions_token_lnk_uq; Type: CONSTRAINT; Schema: public; Owner: root
--

ALTER TABLE ONLY public.strapi_api_token_permissions_token_lnk
    ADD CONSTRAINT strapi_api_token_permissions_token_lnk_uq UNIQUE (api_token_permission_id, api_token_id);


--
-- Name: strapi_api_tokens strapi_api_tokens_pkey; Type: CONSTRAINT; Schema: public; Owner: root
--

ALTER TABLE ONLY public.strapi_api_tokens
    ADD CONSTRAINT strapi_api_tokens_pkey PRIMARY KEY (id);


--
-- Name: strapi_core_store_settings strapi_core_store_settings_pkey; Type: CONSTRAINT; Schema: public; Owner: root
--

ALTER TABLE ONLY public.strapi_core_store_settings
    ADD CONSTRAINT strapi_core_store_settings_pkey PRIMARY KEY (id);


--
-- Name: strapi_database_schema strapi_database_schema_pkey; Type: CONSTRAINT; Schema: public; Owner: root
--

ALTER TABLE ONLY public.strapi_database_schema
    ADD CONSTRAINT strapi_database_schema_pkey PRIMARY KEY (id);


--
-- Name: strapi_history_versions strapi_history_versions_pkey; Type: CONSTRAINT; Schema: public; Owner: root
--

ALTER TABLE ONLY public.strapi_history_versions
    ADD CONSTRAINT strapi_history_versions_pkey PRIMARY KEY (id);


--
-- Name: strapi_migrations_internal strapi_migrations_internal_pkey; Type: CONSTRAINT; Schema: public; Owner: root
--

ALTER TABLE ONLY public.strapi_migrations_internal
    ADD CONSTRAINT strapi_migrations_internal_pkey PRIMARY KEY (id);


--
-- Name: strapi_migrations strapi_migrations_pkey; Type: CONSTRAINT; Schema: public; Owner: root
--

ALTER TABLE ONLY public.strapi_migrations
    ADD CONSTRAINT strapi_migrations_pkey PRIMARY KEY (id);


--
-- Name: strapi_release_actions strapi_release_actions_pkey; Type: CONSTRAINT; Schema: public; Owner: root
--

ALTER TABLE ONLY public.strapi_release_actions
    ADD CONSTRAINT strapi_release_actions_pkey PRIMARY KEY (id);


--
-- Name: strapi_release_actions_release_lnk strapi_release_actions_release_lnk_pkey; Type: CONSTRAINT; Schema: public; Owner: root
--

ALTER TABLE ONLY public.strapi_release_actions_release_lnk
    ADD CONSTRAINT strapi_release_actions_release_lnk_pkey PRIMARY KEY (id);


--
-- Name: strapi_release_actions_release_lnk strapi_release_actions_release_lnk_uq; Type: CONSTRAINT; Schema: public; Owner: root
--

ALTER TABLE ONLY public.strapi_release_actions_release_lnk
    ADD CONSTRAINT strapi_release_actions_release_lnk_uq UNIQUE (release_action_id, release_id);


--
-- Name: strapi_releases strapi_releases_pkey; Type: CONSTRAINT; Schema: public; Owner: root
--

ALTER TABLE ONLY public.strapi_releases
    ADD CONSTRAINT strapi_releases_pkey PRIMARY KEY (id);


--
-- Name: strapi_transfer_token_permissions strapi_transfer_token_permissions_pkey; Type: CONSTRAINT; Schema: public; Owner: root
--

ALTER TABLE ONLY public.strapi_transfer_token_permissions
    ADD CONSTRAINT strapi_transfer_token_permissions_pkey PRIMARY KEY (id);


--
-- Name: strapi_transfer_token_permissions_token_lnk strapi_transfer_token_permissions_token_lnk_pkey; Type: CONSTRAINT; Schema: public; Owner: root
--

ALTER TABLE ONLY public.strapi_transfer_token_permissions_token_lnk
    ADD CONSTRAINT strapi_transfer_token_permissions_token_lnk_pkey PRIMARY KEY (id);


--
-- Name: strapi_transfer_token_permissions_token_lnk strapi_transfer_token_permissions_token_lnk_uq; Type: CONSTRAINT; Schema: public; Owner: root
--

ALTER TABLE ONLY public.strapi_transfer_token_permissions_token_lnk
    ADD CONSTRAINT strapi_transfer_token_permissions_token_lnk_uq UNIQUE (transfer_token_permission_id, transfer_token_id);


--
-- Name: strapi_transfer_tokens strapi_transfer_tokens_pkey; Type: CONSTRAINT; Schema: public; Owner: root
--

ALTER TABLE ONLY public.strapi_transfer_tokens
    ADD CONSTRAINT strapi_transfer_tokens_pkey PRIMARY KEY (id);


--
-- Name: strapi_webhooks strapi_webhooks_pkey; Type: CONSTRAINT; Schema: public; Owner: root
--

ALTER TABLE ONLY public.strapi_webhooks
    ADD CONSTRAINT strapi_webhooks_pkey PRIMARY KEY (id);


--
-- Name: strapi_workflows strapi_workflows_pkey; Type: CONSTRAINT; Schema: public; Owner: root
--

ALTER TABLE ONLY public.strapi_workflows
    ADD CONSTRAINT strapi_workflows_pkey PRIMARY KEY (id);


--
-- Name: strapi_workflows_stage_required_to_publish_lnk strapi_workflows_stage_required_to_publish_lnk_pkey; Type: CONSTRAINT; Schema: public; Owner: root
--

ALTER TABLE ONLY public.strapi_workflows_stage_required_to_publish_lnk
    ADD CONSTRAINT strapi_workflows_stage_required_to_publish_lnk_pkey PRIMARY KEY (id);


--
-- Name: strapi_workflows_stage_required_to_publish_lnk strapi_workflows_stage_required_to_publish_lnk_uq; Type: CONSTRAINT; Schema: public; Owner: root
--

ALTER TABLE ONLY public.strapi_workflows_stage_required_to_publish_lnk
    ADD CONSTRAINT strapi_workflows_stage_required_to_publish_lnk_uq UNIQUE (workflow_id, workflow_stage_id);


--
-- Name: strapi_workflows_stages_permissions_lnk strapi_workflows_stages_permissions_lnk_pkey; Type: CONSTRAINT; Schema: public; Owner: root
--

ALTER TABLE ONLY public.strapi_workflows_stages_permissions_lnk
    ADD CONSTRAINT strapi_workflows_stages_permissions_lnk_pkey PRIMARY KEY (id);


--
-- Name: strapi_workflows_stages_permissions_lnk strapi_workflows_stages_permissions_lnk_uq; Type: CONSTRAINT; Schema: public; Owner: root
--

ALTER TABLE ONLY public.strapi_workflows_stages_permissions_lnk
    ADD CONSTRAINT strapi_workflows_stages_permissions_lnk_uq UNIQUE (workflow_stage_id, permission_id);


--
-- Name: strapi_workflows_stages strapi_workflows_stages_pkey; Type: CONSTRAINT; Schema: public; Owner: root
--

ALTER TABLE ONLY public.strapi_workflows_stages
    ADD CONSTRAINT strapi_workflows_stages_pkey PRIMARY KEY (id);


--
-- Name: strapi_workflows_stages_workflow_lnk strapi_workflows_stages_workflow_lnk_pkey; Type: CONSTRAINT; Schema: public; Owner: root
--

ALTER TABLE ONLY public.strapi_workflows_stages_workflow_lnk
    ADD CONSTRAINT strapi_workflows_stages_workflow_lnk_pkey PRIMARY KEY (id);


--
-- Name: strapi_workflows_stages_workflow_lnk strapi_workflows_stages_workflow_lnk_uq; Type: CONSTRAINT; Schema: public; Owner: root
--

ALTER TABLE ONLY public.strapi_workflows_stages_workflow_lnk
    ADD CONSTRAINT strapi_workflows_stages_workflow_lnk_uq UNIQUE (workflow_stage_id, workflow_id);


--
-- Name: up_permissions up_permissions_pkey; Type: CONSTRAINT; Schema: public; Owner: root
--

ALTER TABLE ONLY public.up_permissions
    ADD CONSTRAINT up_permissions_pkey PRIMARY KEY (id);


--
-- Name: up_permissions_role_lnk up_permissions_role_lnk_pkey; Type: CONSTRAINT; Schema: public; Owner: root
--

ALTER TABLE ONLY public.up_permissions_role_lnk
    ADD CONSTRAINT up_permissions_role_lnk_pkey PRIMARY KEY (id);


--
-- Name: up_permissions_role_lnk up_permissions_role_lnk_uq; Type: CONSTRAINT; Schema: public; Owner: root
--

ALTER TABLE ONLY public.up_permissions_role_lnk
    ADD CONSTRAINT up_permissions_role_lnk_uq UNIQUE (permission_id, role_id);


--
-- Name: up_roles up_roles_pkey; Type: CONSTRAINT; Schema: public; Owner: root
--

ALTER TABLE ONLY public.up_roles
    ADD CONSTRAINT up_roles_pkey PRIMARY KEY (id);


--
-- Name: up_users up_users_pkey; Type: CONSTRAINT; Schema: public; Owner: root
--

ALTER TABLE ONLY public.up_users
    ADD CONSTRAINT up_users_pkey PRIMARY KEY (id);


--
-- Name: up_users_role_lnk up_users_role_lnk_pkey; Type: CONSTRAINT; Schema: public; Owner: root
--

ALTER TABLE ONLY public.up_users_role_lnk
    ADD CONSTRAINT up_users_role_lnk_pkey PRIMARY KEY (id);


--
-- Name: up_users_role_lnk up_users_role_lnk_uq; Type: CONSTRAINT; Schema: public; Owner: root
--

ALTER TABLE ONLY public.up_users_role_lnk
    ADD CONSTRAINT up_users_role_lnk_uq UNIQUE (user_id, role_id);


--
-- Name: upload_folders_parent_lnk upload_folders_parent_lnk_pkey; Type: CONSTRAINT; Schema: public; Owner: root
--

ALTER TABLE ONLY public.upload_folders_parent_lnk
    ADD CONSTRAINT upload_folders_parent_lnk_pkey PRIMARY KEY (id);


--
-- Name: upload_folders_parent_lnk upload_folders_parent_lnk_uq; Type: CONSTRAINT; Schema: public; Owner: root
--

ALTER TABLE ONLY public.upload_folders_parent_lnk
    ADD CONSTRAINT upload_folders_parent_lnk_uq UNIQUE (folder_id, inv_folder_id);


--
-- Name: upload_folders upload_folders_path_id_index; Type: CONSTRAINT; Schema: public; Owner: root
--

ALTER TABLE ONLY public.upload_folders
    ADD CONSTRAINT upload_folders_path_id_index UNIQUE (path_id);


--
-- Name: upload_folders upload_folders_path_index; Type: CONSTRAINT; Schema: public; Owner: root
--

ALTER TABLE ONLY public.upload_folders
    ADD CONSTRAINT upload_folders_path_index UNIQUE (path);


--
-- Name: upload_folders upload_folders_pkey; Type: CONSTRAINT; Schema: public; Owner: root
--

ALTER TABLE ONLY public.upload_folders
    ADD CONSTRAINT upload_folders_pkey PRIMARY KEY (id);


--
-- Name: abouts_component_type_idx; Type: INDEX; Schema: public; Owner: root
--

CREATE INDEX abouts_component_type_idx ON public.abouts_cmps USING btree (component_type);


--
-- Name: abouts_created_by_id_fk; Type: INDEX; Schema: public; Owner: root
--

CREATE INDEX abouts_created_by_id_fk ON public.abouts USING btree (created_by_id);


--
-- Name: abouts_documents_idx; Type: INDEX; Schema: public; Owner: root
--

CREATE INDEX abouts_documents_idx ON public.abouts USING btree (document_id, locale, published_at);


--
-- Name: abouts_entity_fk; Type: INDEX; Schema: public; Owner: root
--

CREATE INDEX abouts_entity_fk ON public.abouts_cmps USING btree (entity_id);


--
-- Name: abouts_field_idx; Type: INDEX; Schema: public; Owner: root
--

CREATE INDEX abouts_field_idx ON public.abouts_cmps USING btree (field);


--
-- Name: abouts_updated_by_id_fk; Type: INDEX; Schema: public; Owner: root
--

CREATE INDEX abouts_updated_by_id_fk ON public.abouts USING btree (updated_by_id);


--
-- Name: admin_permissions_created_by_id_fk; Type: INDEX; Schema: public; Owner: root
--

CREATE INDEX admin_permissions_created_by_id_fk ON public.admin_permissions USING btree (created_by_id);


--
-- Name: admin_permissions_documents_idx; Type: INDEX; Schema: public; Owner: root
--

CREATE INDEX admin_permissions_documents_idx ON public.admin_permissions USING btree (document_id, locale, published_at);


--
-- Name: admin_permissions_role_lnk_fk; Type: INDEX; Schema: public; Owner: root
--

CREATE INDEX admin_permissions_role_lnk_fk ON public.admin_permissions_role_lnk USING btree (permission_id);


--
-- Name: admin_permissions_role_lnk_ifk; Type: INDEX; Schema: public; Owner: root
--

CREATE INDEX admin_permissions_role_lnk_ifk ON public.admin_permissions_role_lnk USING btree (role_id);


--
-- Name: admin_permissions_role_lnk_oifk; Type: INDEX; Schema: public; Owner: root
--

CREATE INDEX admin_permissions_role_lnk_oifk ON public.admin_permissions_role_lnk USING btree (permission_ord);


--
-- Name: admin_permissions_updated_by_id_fk; Type: INDEX; Schema: public; Owner: root
--

CREATE INDEX admin_permissions_updated_by_id_fk ON public.admin_permissions USING btree (updated_by_id);


--
-- Name: admin_roles_created_by_id_fk; Type: INDEX; Schema: public; Owner: root
--

CREATE INDEX admin_roles_created_by_id_fk ON public.admin_roles USING btree (created_by_id);


--
-- Name: admin_roles_documents_idx; Type: INDEX; Schema: public; Owner: root
--

CREATE INDEX admin_roles_documents_idx ON public.admin_roles USING btree (document_id, locale, published_at);


--
-- Name: admin_roles_updated_by_id_fk; Type: INDEX; Schema: public; Owner: root
--

CREATE INDEX admin_roles_updated_by_id_fk ON public.admin_roles USING btree (updated_by_id);


--
-- Name: admin_users_created_by_id_fk; Type: INDEX; Schema: public; Owner: root
--

CREATE INDEX admin_users_created_by_id_fk ON public.admin_users USING btree (created_by_id);


--
-- Name: admin_users_documents_idx; Type: INDEX; Schema: public; Owner: root
--

CREATE INDEX admin_users_documents_idx ON public.admin_users USING btree (document_id, locale, published_at);


--
-- Name: admin_users_roles_lnk_fk; Type: INDEX; Schema: public; Owner: root
--

CREATE INDEX admin_users_roles_lnk_fk ON public.admin_users_roles_lnk USING btree (user_id);


--
-- Name: admin_users_roles_lnk_ifk; Type: INDEX; Schema: public; Owner: root
--

CREATE INDEX admin_users_roles_lnk_ifk ON public.admin_users_roles_lnk USING btree (role_id);


--
-- Name: admin_users_roles_lnk_ofk; Type: INDEX; Schema: public; Owner: root
--

CREATE INDEX admin_users_roles_lnk_ofk ON public.admin_users_roles_lnk USING btree (role_ord);


--
-- Name: admin_users_roles_lnk_oifk; Type: INDEX; Schema: public; Owner: root
--

CREATE INDEX admin_users_roles_lnk_oifk ON public.admin_users_roles_lnk USING btree (user_ord);


--
-- Name: admin_users_updated_by_id_fk; Type: INDEX; Schema: public; Owner: root
--

CREATE INDEX admin_users_updated_by_id_fk ON public.admin_users USING btree (updated_by_id);


--
-- Name: articles_author_lnk_fk; Type: INDEX; Schema: public; Owner: root
--

CREATE INDEX articles_author_lnk_fk ON public.articles_author_lnk USING btree (article_id);


--
-- Name: articles_author_lnk_ifk; Type: INDEX; Schema: public; Owner: root
--

CREATE INDEX articles_author_lnk_ifk ON public.articles_author_lnk USING btree (author_id);


--
-- Name: articles_author_lnk_oifk; Type: INDEX; Schema: public; Owner: root
--

CREATE INDEX articles_author_lnk_oifk ON public.articles_author_lnk USING btree (article_ord);


--
-- Name: articles_category_lnk_fk; Type: INDEX; Schema: public; Owner: root
--

CREATE INDEX articles_category_lnk_fk ON public.articles_category_lnk USING btree (article_id);


--
-- Name: articles_category_lnk_ifk; Type: INDEX; Schema: public; Owner: root
--

CREATE INDEX articles_category_lnk_ifk ON public.articles_category_lnk USING btree (category_id);


--
-- Name: articles_category_lnk_oifk; Type: INDEX; Schema: public; Owner: root
--

CREATE INDEX articles_category_lnk_oifk ON public.articles_category_lnk USING btree (article_ord);


--
-- Name: articles_component_type_idx; Type: INDEX; Schema: public; Owner: root
--

CREATE INDEX articles_component_type_idx ON public.articles_cmps USING btree (component_type);


--
-- Name: articles_created_by_id_fk; Type: INDEX; Schema: public; Owner: root
--

CREATE INDEX articles_created_by_id_fk ON public.articles USING btree (created_by_id);


--
-- Name: articles_documents_idx; Type: INDEX; Schema: public; Owner: root
--

CREATE INDEX articles_documents_idx ON public.articles USING btree (document_id, locale, published_at);


--
-- Name: articles_entity_fk; Type: INDEX; Schema: public; Owner: root
--

CREATE INDEX articles_entity_fk ON public.articles_cmps USING btree (entity_id);


--
-- Name: articles_field_idx; Type: INDEX; Schema: public; Owner: root
--

CREATE INDEX articles_field_idx ON public.articles_cmps USING btree (field);


--
-- Name: articles_updated_by_id_fk; Type: INDEX; Schema: public; Owner: root
--

CREATE INDEX articles_updated_by_id_fk ON public.articles USING btree (updated_by_id);


--
-- Name: authors_created_by_id_fk; Type: INDEX; Schema: public; Owner: root
--

CREATE INDEX authors_created_by_id_fk ON public.authors USING btree (created_by_id);


--
-- Name: authors_documents_idx; Type: INDEX; Schema: public; Owner: root
--

CREATE INDEX authors_documents_idx ON public.authors USING btree (document_id, locale, published_at);


--
-- Name: authors_updated_by_id_fk; Type: INDEX; Schema: public; Owner: root
--

CREATE INDEX authors_updated_by_id_fk ON public.authors USING btree (updated_by_id);


--
-- Name: categories_created_by_id_fk; Type: INDEX; Schema: public; Owner: root
--

CREATE INDEX categories_created_by_id_fk ON public.categories USING btree (created_by_id);


--
-- Name: categories_documents_idx; Type: INDEX; Schema: public; Owner: root
--

CREATE INDEX categories_documents_idx ON public.categories USING btree (document_id, locale, published_at);


--
-- Name: categories_updated_by_id_fk; Type: INDEX; Schema: public; Owner: root
--

CREATE INDEX categories_updated_by_id_fk ON public.categories USING btree (updated_by_id);


--
-- Name: components_questionnaire_questi0e362_component_type_idx; Type: INDEX; Schema: public; Owner: root
--

CREATE INDEX components_questionnaire_questi0e362_component_type_idx ON public.components_questionnaire_questionnaire_options_cmps USING btree (component_type);


--
-- Name: components_questionnaire_questionnaire_o0e362_entity_fk; Type: INDEX; Schema: public; Owner: root
--

CREATE INDEX components_questionnaire_questionnaire_o0e362_entity_fk ON public.components_questionnaire_questionnaire_options_cmps USING btree (entity_id);


--
-- Name: components_questionnaire_questionnaire_o0e362_field_idx; Type: INDEX; Schema: public; Owner: root
--

CREATE INDEX components_questionnaire_questionnaire_o0e362_field_idx ON public.components_questionnaire_questionnaire_options_cmps USING btree (field);


--
-- Name: components_questionnaire_questions_component_type_idx; Type: INDEX; Schema: public; Owner: root
--

CREATE INDEX components_questionnaire_questions_component_type_idx ON public.components_questionnaire_questions_cmps USING btree (component_type);


--
-- Name: components_questionnaire_questions_entity_fk; Type: INDEX; Schema: public; Owner: root
--

CREATE INDEX components_questionnaire_questions_entity_fk ON public.components_questionnaire_questions_cmps USING btree (entity_id);


--
-- Name: components_questionnaire_questions_field_idx; Type: INDEX; Schema: public; Owner: root
--

CREATE INDEX components_questionnaire_questions_field_idx ON public.components_questionnaire_questions_cmps USING btree (field);


--
-- Name: components_sections_blog_posts_1edee_component_type_idx; Type: INDEX; Schema: public; Owner: root
--

CREATE INDEX components_sections_blog_posts_1edee_component_type_idx ON public.components_sections_blog_posts_teasers_cmps USING btree (component_type);


--
-- Name: components_sections_blog_posts_teasers_entity_fk; Type: INDEX; Schema: public; Owner: root
--

CREATE INDEX components_sections_blog_posts_teasers_entity_fk ON public.components_sections_blog_posts_teasers_cmps USING btree (entity_id);


--
-- Name: components_sections_blog_posts_teasers_field_idx; Type: INDEX; Schema: public; Owner: root
--

CREATE INDEX components_sections_blog_posts_teasers_field_idx ON public.components_sections_blog_posts_teasers_cmps USING btree (field);


--
-- Name: components_sections_category_hi8b5a6_component_type_idx; Type: INDEX; Schema: public; Owner: root
--

CREATE INDEX components_sections_category_hi8b5a6_component_type_idx ON public.components_sections_category_highlights_cmps USING btree (component_type);


--
-- Name: components_sections_category_highlights_entity_fk; Type: INDEX; Schema: public; Owner: root
--

CREATE INDEX components_sections_category_highlights_entity_fk ON public.components_sections_category_highlights_cmps USING btree (entity_id);


--
-- Name: components_sections_category_highlights_field_idx; Type: INDEX; Schema: public; Owner: root
--

CREATE INDEX components_sections_category_highlights_field_idx ON public.components_sections_category_highlights_cmps USING btree (field);


--
-- Name: components_sections_faq_sections_component_type_idx; Type: INDEX; Schema: public; Owner: root
--

CREATE INDEX components_sections_faq_sections_component_type_idx ON public.components_sections_faq_sections_cmps USING btree (component_type);


--
-- Name: components_sections_faq_sections_entity_fk; Type: INDEX; Schema: public; Owner: root
--

CREATE INDEX components_sections_faq_sections_entity_fk ON public.components_sections_faq_sections_cmps USING btree (entity_id);


--
-- Name: components_sections_faq_sections_field_idx; Type: INDEX; Schema: public; Owner: root
--

CREATE INDEX components_sections_faq_sections_field_idx ON public.components_sections_faq_sections_cmps USING btree (field);


--
-- Name: components_sections_feature_grids_component_type_idx; Type: INDEX; Schema: public; Owner: root
--

CREATE INDEX components_sections_feature_grids_component_type_idx ON public.components_sections_feature_grids_cmps USING btree (component_type);


--
-- Name: components_sections_feature_grids_entity_fk; Type: INDEX; Schema: public; Owner: root
--

CREATE INDEX components_sections_feature_grids_entity_fk ON public.components_sections_feature_grids_cmps USING btree (entity_id);


--
-- Name: components_sections_feature_grids_field_idx; Type: INDEX; Schema: public; Owner: root
--

CREATE INDEX components_sections_feature_grids_field_idx ON public.components_sections_feature_grids_cmps USING btree (field);


--
-- Name: components_sections_product_sliders_component_type_idx; Type: INDEX; Schema: public; Owner: root
--

CREATE INDEX components_sections_product_sliders_component_type_idx ON public.components_sections_product_sliders_cmps USING btree (component_type);


--
-- Name: components_sections_product_sliders_entity_fk; Type: INDEX; Schema: public; Owner: root
--

CREATE INDEX components_sections_product_sliders_entity_fk ON public.components_sections_product_sliders_cmps USING btree (entity_id);


--
-- Name: components_sections_product_sliders_field_idx; Type: INDEX; Schema: public; Owner: root
--

CREATE INDEX components_sections_product_sliders_field_idx ON public.components_sections_product_sliders_cmps USING btree (field);


--
-- Name: components_sections_testimonials_component_type_idx; Type: INDEX; Schema: public; Owner: root
--

CREATE INDEX components_sections_testimonials_component_type_idx ON public.components_sections_testimonials_cmps USING btree (component_type);


--
-- Name: components_sections_testimonials_entity_fk; Type: INDEX; Schema: public; Owner: root
--

CREATE INDEX components_sections_testimonials_entity_fk ON public.components_sections_testimonials_cmps USING btree (entity_id);


--
-- Name: components_sections_testimonials_field_idx; Type: INDEX; Schema: public; Owner: root
--

CREATE INDEX components_sections_testimonials_field_idx ON public.components_sections_testimonials_cmps USING btree (field);


--
-- Name: files_created_by_id_fk; Type: INDEX; Schema: public; Owner: root
--

CREATE INDEX files_created_by_id_fk ON public.files USING btree (created_by_id);


--
-- Name: files_documents_idx; Type: INDEX; Schema: public; Owner: root
--

CREATE INDEX files_documents_idx ON public.files USING btree (document_id, locale, published_at);


--
-- Name: files_folder_lnk_fk; Type: INDEX; Schema: public; Owner: root
--

CREATE INDEX files_folder_lnk_fk ON public.files_folder_lnk USING btree (file_id);


--
-- Name: files_folder_lnk_ifk; Type: INDEX; Schema: public; Owner: root
--

CREATE INDEX files_folder_lnk_ifk ON public.files_folder_lnk USING btree (folder_id);


--
-- Name: files_folder_lnk_oifk; Type: INDEX; Schema: public; Owner: root
--

CREATE INDEX files_folder_lnk_oifk ON public.files_folder_lnk USING btree (file_ord);


--
-- Name: files_related_mph_fk; Type: INDEX; Schema: public; Owner: root
--

CREATE INDEX files_related_mph_fk ON public.files_related_mph USING btree (file_id);


--
-- Name: files_related_mph_idix; Type: INDEX; Schema: public; Owner: root
--

CREATE INDEX files_related_mph_idix ON public.files_related_mph USING btree (related_id);


--
-- Name: files_related_mph_oidx; Type: INDEX; Schema: public; Owner: root
--

CREATE INDEX files_related_mph_oidx ON public.files_related_mph USING btree ("order");


--
-- Name: files_updated_by_id_fk; Type: INDEX; Schema: public; Owner: root
--

CREATE INDEX files_updated_by_id_fk ON public.files USING btree (updated_by_id);


--
-- Name: globals_component_type_idx; Type: INDEX; Schema: public; Owner: root
--

CREATE INDEX globals_component_type_idx ON public.globals_cmps USING btree (component_type);


--
-- Name: globals_created_by_id_fk; Type: INDEX; Schema: public; Owner: root
--

CREATE INDEX globals_created_by_id_fk ON public.globals USING btree (created_by_id);


--
-- Name: globals_documents_idx; Type: INDEX; Schema: public; Owner: root
--

CREATE INDEX globals_documents_idx ON public.globals USING btree (document_id, locale, published_at);


--
-- Name: globals_entity_fk; Type: INDEX; Schema: public; Owner: root
--

CREATE INDEX globals_entity_fk ON public.globals_cmps USING btree (entity_id);


--
-- Name: globals_field_idx; Type: INDEX; Schema: public; Owner: root
--

CREATE INDEX globals_field_idx ON public.globals_cmps USING btree (field);


--
-- Name: globals_updated_by_id_fk; Type: INDEX; Schema: public; Owner: root
--

CREATE INDEX globals_updated_by_id_fk ON public.globals USING btree (updated_by_id);


--
-- Name: i18n_locale_created_by_id_fk; Type: INDEX; Schema: public; Owner: root
--

CREATE INDEX i18n_locale_created_by_id_fk ON public.i18n_locale USING btree (created_by_id);


--
-- Name: i18n_locale_documents_idx; Type: INDEX; Schema: public; Owner: root
--

CREATE INDEX i18n_locale_documents_idx ON public.i18n_locale USING btree (document_id, locale, published_at);


--
-- Name: i18n_locale_updated_by_id_fk; Type: INDEX; Schema: public; Owner: root
--

CREATE INDEX i18n_locale_updated_by_id_fk ON public.i18n_locale USING btree (updated_by_id);


--
-- Name: kitchen_estimators_component_type_idx; Type: INDEX; Schema: public; Owner: root
--

CREATE INDEX kitchen_estimators_component_type_idx ON public.kitchen_estimators_cmps USING btree (component_type);


--
-- Name: kitchen_estimators_created_by_id_fk; Type: INDEX; Schema: public; Owner: root
--

CREATE INDEX kitchen_estimators_created_by_id_fk ON public.kitchen_estimators USING btree (created_by_id);


--
-- Name: kitchen_estimators_documents_idx; Type: INDEX; Schema: public; Owner: root
--

CREATE INDEX kitchen_estimators_documents_idx ON public.kitchen_estimators USING btree (document_id, locale, published_at);


--
-- Name: kitchen_estimators_entity_fk; Type: INDEX; Schema: public; Owner: root
--

CREATE INDEX kitchen_estimators_entity_fk ON public.kitchen_estimators_cmps USING btree (entity_id);


--
-- Name: kitchen_estimators_field_idx; Type: INDEX; Schema: public; Owner: root
--

CREATE INDEX kitchen_estimators_field_idx ON public.kitchen_estimators_cmps USING btree (field);


--
-- Name: kitchen_estimators_updated_by_id_fk; Type: INDEX; Schema: public; Owner: root
--

CREATE INDEX kitchen_estimators_updated_by_id_fk ON public.kitchen_estimators USING btree (updated_by_id);


--
-- Name: pages_component_type_idx; Type: INDEX; Schema: public; Owner: root
--

CREATE INDEX pages_component_type_idx ON public.pages_cmps USING btree (component_type);


--
-- Name: pages_created_by_id_fk; Type: INDEX; Schema: public; Owner: root
--

CREATE INDEX pages_created_by_id_fk ON public.pages USING btree (created_by_id);


--
-- Name: pages_documents_idx; Type: INDEX; Schema: public; Owner: root
--

CREATE INDEX pages_documents_idx ON public.pages USING btree (document_id, locale, published_at);


--
-- Name: pages_entity_fk; Type: INDEX; Schema: public; Owner: root
--

CREATE INDEX pages_entity_fk ON public.pages_cmps USING btree (entity_id);


--
-- Name: pages_field_idx; Type: INDEX; Schema: public; Owner: root
--

CREATE INDEX pages_field_idx ON public.pages_cmps USING btree (field);


--
-- Name: pages_updated_by_id_fk; Type: INDEX; Schema: public; Owner: root
--

CREATE INDEX pages_updated_by_id_fk ON public.pages USING btree (updated_by_id);


--
-- Name: strapi_api_token_permissions_created_by_id_fk; Type: INDEX; Schema: public; Owner: root
--

CREATE INDEX strapi_api_token_permissions_created_by_id_fk ON public.strapi_api_token_permissions USING btree (created_by_id);


--
-- Name: strapi_api_token_permissions_documents_idx; Type: INDEX; Schema: public; Owner: root
--

CREATE INDEX strapi_api_token_permissions_documents_idx ON public.strapi_api_token_permissions USING btree (document_id, locale, published_at);


--
-- Name: strapi_api_token_permissions_token_lnk_fk; Type: INDEX; Schema: public; Owner: root
--

CREATE INDEX strapi_api_token_permissions_token_lnk_fk ON public.strapi_api_token_permissions_token_lnk USING btree (api_token_permission_id);


--
-- Name: strapi_api_token_permissions_token_lnk_ifk; Type: INDEX; Schema: public; Owner: root
--

CREATE INDEX strapi_api_token_permissions_token_lnk_ifk ON public.strapi_api_token_permissions_token_lnk USING btree (api_token_id);


--
-- Name: strapi_api_token_permissions_token_lnk_oifk; Type: INDEX; Schema: public; Owner: root
--

CREATE INDEX strapi_api_token_permissions_token_lnk_oifk ON public.strapi_api_token_permissions_token_lnk USING btree (api_token_permission_ord);


--
-- Name: strapi_api_token_permissions_updated_by_id_fk; Type: INDEX; Schema: public; Owner: root
--

CREATE INDEX strapi_api_token_permissions_updated_by_id_fk ON public.strapi_api_token_permissions USING btree (updated_by_id);


--
-- Name: strapi_api_tokens_created_by_id_fk; Type: INDEX; Schema: public; Owner: root
--

CREATE INDEX strapi_api_tokens_created_by_id_fk ON public.strapi_api_tokens USING btree (created_by_id);


--
-- Name: strapi_api_tokens_documents_idx; Type: INDEX; Schema: public; Owner: root
--

CREATE INDEX strapi_api_tokens_documents_idx ON public.strapi_api_tokens USING btree (document_id, locale, published_at);


--
-- Name: strapi_api_tokens_updated_by_id_fk; Type: INDEX; Schema: public; Owner: root
--

CREATE INDEX strapi_api_tokens_updated_by_id_fk ON public.strapi_api_tokens USING btree (updated_by_id);


--
-- Name: strapi_history_versions_created_by_id_fk; Type: INDEX; Schema: public; Owner: root
--

CREATE INDEX strapi_history_versions_created_by_id_fk ON public.strapi_history_versions USING btree (created_by_id);


--
-- Name: strapi_release_actions_created_by_id_fk; Type: INDEX; Schema: public; Owner: root
--

CREATE INDEX strapi_release_actions_created_by_id_fk ON public.strapi_release_actions USING btree (created_by_id);


--
-- Name: strapi_release_actions_documents_idx; Type: INDEX; Schema: public; Owner: root
--

CREATE INDEX strapi_release_actions_documents_idx ON public.strapi_release_actions USING btree (document_id, locale, published_at);


--
-- Name: strapi_release_actions_release_lnk_fk; Type: INDEX; Schema: public; Owner: root
--

CREATE INDEX strapi_release_actions_release_lnk_fk ON public.strapi_release_actions_release_lnk USING btree (release_action_id);


--
-- Name: strapi_release_actions_release_lnk_ifk; Type: INDEX; Schema: public; Owner: root
--

CREATE INDEX strapi_release_actions_release_lnk_ifk ON public.strapi_release_actions_release_lnk USING btree (release_id);


--
-- Name: strapi_release_actions_release_lnk_oifk; Type: INDEX; Schema: public; Owner: root
--

CREATE INDEX strapi_release_actions_release_lnk_oifk ON public.strapi_release_actions_release_lnk USING btree (release_action_ord);


--
-- Name: strapi_release_actions_updated_by_id_fk; Type: INDEX; Schema: public; Owner: root
--

CREATE INDEX strapi_release_actions_updated_by_id_fk ON public.strapi_release_actions USING btree (updated_by_id);


--
-- Name: strapi_releases_created_by_id_fk; Type: INDEX; Schema: public; Owner: root
--

CREATE INDEX strapi_releases_created_by_id_fk ON public.strapi_releases USING btree (created_by_id);


--
-- Name: strapi_releases_documents_idx; Type: INDEX; Schema: public; Owner: root
--

CREATE INDEX strapi_releases_documents_idx ON public.strapi_releases USING btree (document_id, locale, published_at);


--
-- Name: strapi_releases_updated_by_id_fk; Type: INDEX; Schema: public; Owner: root
--

CREATE INDEX strapi_releases_updated_by_id_fk ON public.strapi_releases USING btree (updated_by_id);


--
-- Name: strapi_transfer_token_permissions_created_by_id_fk; Type: INDEX; Schema: public; Owner: root
--

CREATE INDEX strapi_transfer_token_permissions_created_by_id_fk ON public.strapi_transfer_token_permissions USING btree (created_by_id);


--
-- Name: strapi_transfer_token_permissions_documents_idx; Type: INDEX; Schema: public; Owner: root
--

CREATE INDEX strapi_transfer_token_permissions_documents_idx ON public.strapi_transfer_token_permissions USING btree (document_id, locale, published_at);


--
-- Name: strapi_transfer_token_permissions_token_lnk_fk; Type: INDEX; Schema: public; Owner: root
--

CREATE INDEX strapi_transfer_token_permissions_token_lnk_fk ON public.strapi_transfer_token_permissions_token_lnk USING btree (transfer_token_permission_id);


--
-- Name: strapi_transfer_token_permissions_token_lnk_ifk; Type: INDEX; Schema: public; Owner: root
--

CREATE INDEX strapi_transfer_token_permissions_token_lnk_ifk ON public.strapi_transfer_token_permissions_token_lnk USING btree (transfer_token_id);


--
-- Name: strapi_transfer_token_permissions_token_lnk_oifk; Type: INDEX; Schema: public; Owner: root
--

CREATE INDEX strapi_transfer_token_permissions_token_lnk_oifk ON public.strapi_transfer_token_permissions_token_lnk USING btree (transfer_token_permission_ord);


--
-- Name: strapi_transfer_token_permissions_updated_by_id_fk; Type: INDEX; Schema: public; Owner: root
--

CREATE INDEX strapi_transfer_token_permissions_updated_by_id_fk ON public.strapi_transfer_token_permissions USING btree (updated_by_id);


--
-- Name: strapi_transfer_tokens_created_by_id_fk; Type: INDEX; Schema: public; Owner: root
--

CREATE INDEX strapi_transfer_tokens_created_by_id_fk ON public.strapi_transfer_tokens USING btree (created_by_id);


--
-- Name: strapi_transfer_tokens_documents_idx; Type: INDEX; Schema: public; Owner: root
--

CREATE INDEX strapi_transfer_tokens_documents_idx ON public.strapi_transfer_tokens USING btree (document_id, locale, published_at);


--
-- Name: strapi_transfer_tokens_updated_by_id_fk; Type: INDEX; Schema: public; Owner: root
--

CREATE INDEX strapi_transfer_tokens_updated_by_id_fk ON public.strapi_transfer_tokens USING btree (updated_by_id);


--
-- Name: strapi_workflows_created_by_id_fk; Type: INDEX; Schema: public; Owner: root
--

CREATE INDEX strapi_workflows_created_by_id_fk ON public.strapi_workflows USING btree (created_by_id);


--
-- Name: strapi_workflows_documents_idx; Type: INDEX; Schema: public; Owner: root
--

CREATE INDEX strapi_workflows_documents_idx ON public.strapi_workflows USING btree (document_id, locale, published_at);


--
-- Name: strapi_workflows_stage_required_to_publish_lnk_fk; Type: INDEX; Schema: public; Owner: root
--

CREATE INDEX strapi_workflows_stage_required_to_publish_lnk_fk ON public.strapi_workflows_stage_required_to_publish_lnk USING btree (workflow_id);


--
-- Name: strapi_workflows_stage_required_to_publish_lnk_ifk; Type: INDEX; Schema: public; Owner: root
--

CREATE INDEX strapi_workflows_stage_required_to_publish_lnk_ifk ON public.strapi_workflows_stage_required_to_publish_lnk USING btree (workflow_stage_id);


--
-- Name: strapi_workflows_stages_created_by_id_fk; Type: INDEX; Schema: public; Owner: root
--

CREATE INDEX strapi_workflows_stages_created_by_id_fk ON public.strapi_workflows_stages USING btree (created_by_id);


--
-- Name: strapi_workflows_stages_documents_idx; Type: INDEX; Schema: public; Owner: root
--

CREATE INDEX strapi_workflows_stages_documents_idx ON public.strapi_workflows_stages USING btree (document_id, locale, published_at);


--
-- Name: strapi_workflows_stages_permissions_lnk_fk; Type: INDEX; Schema: public; Owner: root
--

CREATE INDEX strapi_workflows_stages_permissions_lnk_fk ON public.strapi_workflows_stages_permissions_lnk USING btree (workflow_stage_id);


--
-- Name: strapi_workflows_stages_permissions_lnk_ifk; Type: INDEX; Schema: public; Owner: root
--

CREATE INDEX strapi_workflows_stages_permissions_lnk_ifk ON public.strapi_workflows_stages_permissions_lnk USING btree (permission_id);


--
-- Name: strapi_workflows_stages_permissions_lnk_ofk; Type: INDEX; Schema: public; Owner: root
--

CREATE INDEX strapi_workflows_stages_permissions_lnk_ofk ON public.strapi_workflows_stages_permissions_lnk USING btree (permission_ord);


--
-- Name: strapi_workflows_stages_updated_by_id_fk; Type: INDEX; Schema: public; Owner: root
--

CREATE INDEX strapi_workflows_stages_updated_by_id_fk ON public.strapi_workflows_stages USING btree (updated_by_id);


--
-- Name: strapi_workflows_stages_workflow_lnk_fk; Type: INDEX; Schema: public; Owner: root
--

CREATE INDEX strapi_workflows_stages_workflow_lnk_fk ON public.strapi_workflows_stages_workflow_lnk USING btree (workflow_stage_id);


--
-- Name: strapi_workflows_stages_workflow_lnk_ifk; Type: INDEX; Schema: public; Owner: root
--

CREATE INDEX strapi_workflows_stages_workflow_lnk_ifk ON public.strapi_workflows_stages_workflow_lnk USING btree (workflow_id);


--
-- Name: strapi_workflows_stages_workflow_lnk_oifk; Type: INDEX; Schema: public; Owner: root
--

CREATE INDEX strapi_workflows_stages_workflow_lnk_oifk ON public.strapi_workflows_stages_workflow_lnk USING btree (workflow_stage_ord);


--
-- Name: strapi_workflows_updated_by_id_fk; Type: INDEX; Schema: public; Owner: root
--

CREATE INDEX strapi_workflows_updated_by_id_fk ON public.strapi_workflows USING btree (updated_by_id);


--
-- Name: up_permissions_created_by_id_fk; Type: INDEX; Schema: public; Owner: root
--

CREATE INDEX up_permissions_created_by_id_fk ON public.up_permissions USING btree (created_by_id);


--
-- Name: up_permissions_documents_idx; Type: INDEX; Schema: public; Owner: root
--

CREATE INDEX up_permissions_documents_idx ON public.up_permissions USING btree (document_id, locale, published_at);


--
-- Name: up_permissions_role_lnk_fk; Type: INDEX; Schema: public; Owner: root
--

CREATE INDEX up_permissions_role_lnk_fk ON public.up_permissions_role_lnk USING btree (permission_id);


--
-- Name: up_permissions_role_lnk_ifk; Type: INDEX; Schema: public; Owner: root
--

CREATE INDEX up_permissions_role_lnk_ifk ON public.up_permissions_role_lnk USING btree (role_id);


--
-- Name: up_permissions_role_lnk_oifk; Type: INDEX; Schema: public; Owner: root
--

CREATE INDEX up_permissions_role_lnk_oifk ON public.up_permissions_role_lnk USING btree (permission_ord);


--
-- Name: up_permissions_updated_by_id_fk; Type: INDEX; Schema: public; Owner: root
--

CREATE INDEX up_permissions_updated_by_id_fk ON public.up_permissions USING btree (updated_by_id);


--
-- Name: up_roles_created_by_id_fk; Type: INDEX; Schema: public; Owner: root
--

CREATE INDEX up_roles_created_by_id_fk ON public.up_roles USING btree (created_by_id);


--
-- Name: up_roles_documents_idx; Type: INDEX; Schema: public; Owner: root
--

CREATE INDEX up_roles_documents_idx ON public.up_roles USING btree (document_id, locale, published_at);


--
-- Name: up_roles_updated_by_id_fk; Type: INDEX; Schema: public; Owner: root
--

CREATE INDEX up_roles_updated_by_id_fk ON public.up_roles USING btree (updated_by_id);


--
-- Name: up_users_created_by_id_fk; Type: INDEX; Schema: public; Owner: root
--

CREATE INDEX up_users_created_by_id_fk ON public.up_users USING btree (created_by_id);


--
-- Name: up_users_documents_idx; Type: INDEX; Schema: public; Owner: root
--

CREATE INDEX up_users_documents_idx ON public.up_users USING btree (document_id, locale, published_at);


--
-- Name: up_users_role_lnk_fk; Type: INDEX; Schema: public; Owner: root
--

CREATE INDEX up_users_role_lnk_fk ON public.up_users_role_lnk USING btree (user_id);


--
-- Name: up_users_role_lnk_ifk; Type: INDEX; Schema: public; Owner: root
--

CREATE INDEX up_users_role_lnk_ifk ON public.up_users_role_lnk USING btree (role_id);


--
-- Name: up_users_role_lnk_oifk; Type: INDEX; Schema: public; Owner: root
--

CREATE INDEX up_users_role_lnk_oifk ON public.up_users_role_lnk USING btree (user_ord);


--
-- Name: up_users_updated_by_id_fk; Type: INDEX; Schema: public; Owner: root
--

CREATE INDEX up_users_updated_by_id_fk ON public.up_users USING btree (updated_by_id);


--
-- Name: upload_files_created_at_index; Type: INDEX; Schema: public; Owner: root
--

CREATE INDEX upload_files_created_at_index ON public.files USING btree (created_at);


--
-- Name: upload_files_ext_index; Type: INDEX; Schema: public; Owner: root
--

CREATE INDEX upload_files_ext_index ON public.files USING btree (ext);


--
-- Name: upload_files_folder_path_index; Type: INDEX; Schema: public; Owner: root
--

CREATE INDEX upload_files_folder_path_index ON public.files USING btree (folder_path);


--
-- Name: upload_files_name_index; Type: INDEX; Schema: public; Owner: root
--

CREATE INDEX upload_files_name_index ON public.files USING btree (name);


--
-- Name: upload_files_size_index; Type: INDEX; Schema: public; Owner: root
--

CREATE INDEX upload_files_size_index ON public.files USING btree (size);


--
-- Name: upload_files_updated_at_index; Type: INDEX; Schema: public; Owner: root
--

CREATE INDEX upload_files_updated_at_index ON public.files USING btree (updated_at);


--
-- Name: upload_folders_created_by_id_fk; Type: INDEX; Schema: public; Owner: root
--

CREATE INDEX upload_folders_created_by_id_fk ON public.upload_folders USING btree (created_by_id);


--
-- Name: upload_folders_documents_idx; Type: INDEX; Schema: public; Owner: root
--

CREATE INDEX upload_folders_documents_idx ON public.upload_folders USING btree (document_id, locale, published_at);


--
-- Name: upload_folders_parent_lnk_fk; Type: INDEX; Schema: public; Owner: root
--

CREATE INDEX upload_folders_parent_lnk_fk ON public.upload_folders_parent_lnk USING btree (folder_id);


--
-- Name: upload_folders_parent_lnk_ifk; Type: INDEX; Schema: public; Owner: root
--

CREATE INDEX upload_folders_parent_lnk_ifk ON public.upload_folders_parent_lnk USING btree (inv_folder_id);


--
-- Name: upload_folders_parent_lnk_oifk; Type: INDEX; Schema: public; Owner: root
--

CREATE INDEX upload_folders_parent_lnk_oifk ON public.upload_folders_parent_lnk USING btree (folder_ord);


--
-- Name: upload_folders_updated_by_id_fk; Type: INDEX; Schema: public; Owner: root
--

CREATE INDEX upload_folders_updated_by_id_fk ON public.upload_folders USING btree (updated_by_id);


--
-- Name: abouts abouts_created_by_id_fk; Type: FK CONSTRAINT; Schema: public; Owner: root
--

ALTER TABLE ONLY public.abouts
    ADD CONSTRAINT abouts_created_by_id_fk FOREIGN KEY (created_by_id) REFERENCES public.admin_users(id) ON DELETE SET NULL;


--
-- Name: abouts_cmps abouts_entity_fk; Type: FK CONSTRAINT; Schema: public; Owner: root
--

ALTER TABLE ONLY public.abouts_cmps
    ADD CONSTRAINT abouts_entity_fk FOREIGN KEY (entity_id) REFERENCES public.abouts(id) ON DELETE CASCADE;


--
-- Name: abouts abouts_updated_by_id_fk; Type: FK CONSTRAINT; Schema: public; Owner: root
--

ALTER TABLE ONLY public.abouts
    ADD CONSTRAINT abouts_updated_by_id_fk FOREIGN KEY (updated_by_id) REFERENCES public.admin_users(id) ON DELETE SET NULL;


--
-- Name: admin_permissions admin_permissions_created_by_id_fk; Type: FK CONSTRAINT; Schema: public; Owner: root
--

ALTER TABLE ONLY public.admin_permissions
    ADD CONSTRAINT admin_permissions_created_by_id_fk FOREIGN KEY (created_by_id) REFERENCES public.admin_users(id) ON DELETE SET NULL;


--
-- Name: admin_permissions_role_lnk admin_permissions_role_lnk_fk; Type: FK CONSTRAINT; Schema: public; Owner: root
--

ALTER TABLE ONLY public.admin_permissions_role_lnk
    ADD CONSTRAINT admin_permissions_role_lnk_fk FOREIGN KEY (permission_id) REFERENCES public.admin_permissions(id) ON DELETE CASCADE;


--
-- Name: admin_permissions_role_lnk admin_permissions_role_lnk_ifk; Type: FK CONSTRAINT; Schema: public; Owner: root
--

ALTER TABLE ONLY public.admin_permissions_role_lnk
    ADD CONSTRAINT admin_permissions_role_lnk_ifk FOREIGN KEY (role_id) REFERENCES public.admin_roles(id) ON DELETE CASCADE;


--
-- Name: admin_permissions admin_permissions_updated_by_id_fk; Type: FK CONSTRAINT; Schema: public; Owner: root
--

ALTER TABLE ONLY public.admin_permissions
    ADD CONSTRAINT admin_permissions_updated_by_id_fk FOREIGN KEY (updated_by_id) REFERENCES public.admin_users(id) ON DELETE SET NULL;


--
-- Name: admin_roles admin_roles_created_by_id_fk; Type: FK CONSTRAINT; Schema: public; Owner: root
--

ALTER TABLE ONLY public.admin_roles
    ADD CONSTRAINT admin_roles_created_by_id_fk FOREIGN KEY (created_by_id) REFERENCES public.admin_users(id) ON DELETE SET NULL;


--
-- Name: admin_roles admin_roles_updated_by_id_fk; Type: FK CONSTRAINT; Schema: public; Owner: root
--

ALTER TABLE ONLY public.admin_roles
    ADD CONSTRAINT admin_roles_updated_by_id_fk FOREIGN KEY (updated_by_id) REFERENCES public.admin_users(id) ON DELETE SET NULL;


--
-- Name: admin_users admin_users_created_by_id_fk; Type: FK CONSTRAINT; Schema: public; Owner: root
--

ALTER TABLE ONLY public.admin_users
    ADD CONSTRAINT admin_users_created_by_id_fk FOREIGN KEY (created_by_id) REFERENCES public.admin_users(id) ON DELETE SET NULL;


--
-- Name: admin_users_roles_lnk admin_users_roles_lnk_fk; Type: FK CONSTRAINT; Schema: public; Owner: root
--

ALTER TABLE ONLY public.admin_users_roles_lnk
    ADD CONSTRAINT admin_users_roles_lnk_fk FOREIGN KEY (user_id) REFERENCES public.admin_users(id) ON DELETE CASCADE;


--
-- Name: admin_users_roles_lnk admin_users_roles_lnk_ifk; Type: FK CONSTRAINT; Schema: public; Owner: root
--

ALTER TABLE ONLY public.admin_users_roles_lnk
    ADD CONSTRAINT admin_users_roles_lnk_ifk FOREIGN KEY (role_id) REFERENCES public.admin_roles(id) ON DELETE CASCADE;


--
-- Name: admin_users admin_users_updated_by_id_fk; Type: FK CONSTRAINT; Schema: public; Owner: root
--

ALTER TABLE ONLY public.admin_users
    ADD CONSTRAINT admin_users_updated_by_id_fk FOREIGN KEY (updated_by_id) REFERENCES public.admin_users(id) ON DELETE SET NULL;


--
-- Name: articles_author_lnk articles_author_lnk_fk; Type: FK CONSTRAINT; Schema: public; Owner: root
--

ALTER TABLE ONLY public.articles_author_lnk
    ADD CONSTRAINT articles_author_lnk_fk FOREIGN KEY (article_id) REFERENCES public.articles(id) ON DELETE CASCADE;


--
-- Name: articles_author_lnk articles_author_lnk_ifk; Type: FK CONSTRAINT; Schema: public; Owner: root
--

ALTER TABLE ONLY public.articles_author_lnk
    ADD CONSTRAINT articles_author_lnk_ifk FOREIGN KEY (author_id) REFERENCES public.authors(id) ON DELETE CASCADE;


--
-- Name: articles_category_lnk articles_category_lnk_fk; Type: FK CONSTRAINT; Schema: public; Owner: root
--

ALTER TABLE ONLY public.articles_category_lnk
    ADD CONSTRAINT articles_category_lnk_fk FOREIGN KEY (article_id) REFERENCES public.articles(id) ON DELETE CASCADE;


--
-- Name: articles_category_lnk articles_category_lnk_ifk; Type: FK CONSTRAINT; Schema: public; Owner: root
--

ALTER TABLE ONLY public.articles_category_lnk
    ADD CONSTRAINT articles_category_lnk_ifk FOREIGN KEY (category_id) REFERENCES public.categories(id) ON DELETE CASCADE;


--
-- Name: articles articles_created_by_id_fk; Type: FK CONSTRAINT; Schema: public; Owner: root
--

ALTER TABLE ONLY public.articles
    ADD CONSTRAINT articles_created_by_id_fk FOREIGN KEY (created_by_id) REFERENCES public.admin_users(id) ON DELETE SET NULL;


--
-- Name: articles_cmps articles_entity_fk; Type: FK CONSTRAINT; Schema: public; Owner: root
--

ALTER TABLE ONLY public.articles_cmps
    ADD CONSTRAINT articles_entity_fk FOREIGN KEY (entity_id) REFERENCES public.articles(id) ON DELETE CASCADE;


--
-- Name: articles articles_updated_by_id_fk; Type: FK CONSTRAINT; Schema: public; Owner: root
--

ALTER TABLE ONLY public.articles
    ADD CONSTRAINT articles_updated_by_id_fk FOREIGN KEY (updated_by_id) REFERENCES public.admin_users(id) ON DELETE SET NULL;


--
-- Name: authors authors_created_by_id_fk; Type: FK CONSTRAINT; Schema: public; Owner: root
--

ALTER TABLE ONLY public.authors
    ADD CONSTRAINT authors_created_by_id_fk FOREIGN KEY (created_by_id) REFERENCES public.admin_users(id) ON DELETE SET NULL;


--
-- Name: authors authors_updated_by_id_fk; Type: FK CONSTRAINT; Schema: public; Owner: root
--

ALTER TABLE ONLY public.authors
    ADD CONSTRAINT authors_updated_by_id_fk FOREIGN KEY (updated_by_id) REFERENCES public.admin_users(id) ON DELETE SET NULL;


--
-- Name: categories categories_created_by_id_fk; Type: FK CONSTRAINT; Schema: public; Owner: root
--

ALTER TABLE ONLY public.categories
    ADD CONSTRAINT categories_created_by_id_fk FOREIGN KEY (created_by_id) REFERENCES public.admin_users(id) ON DELETE SET NULL;


--
-- Name: categories categories_updated_by_id_fk; Type: FK CONSTRAINT; Schema: public; Owner: root
--

ALTER TABLE ONLY public.categories
    ADD CONSTRAINT categories_updated_by_id_fk FOREIGN KEY (updated_by_id) REFERENCES public.admin_users(id) ON DELETE SET NULL;


--
-- Name: components_questionnaire_questionnaire_options_cmps components_questionnaire_questionnaire_o0e362_entity_fk; Type: FK CONSTRAINT; Schema: public; Owner: root
--

ALTER TABLE ONLY public.components_questionnaire_questionnaire_options_cmps
    ADD CONSTRAINT components_questionnaire_questionnaire_o0e362_entity_fk FOREIGN KEY (entity_id) REFERENCES public.components_questionnaire_questionnaire_options(id) ON DELETE CASCADE;


--
-- Name: components_questionnaire_questions_cmps components_questionnaire_questions_entity_fk; Type: FK CONSTRAINT; Schema: public; Owner: root
--

ALTER TABLE ONLY public.components_questionnaire_questions_cmps
    ADD CONSTRAINT components_questionnaire_questions_entity_fk FOREIGN KEY (entity_id) REFERENCES public.components_questionnaire_questions(id) ON DELETE CASCADE;


--
-- Name: components_sections_blog_posts_teasers_cmps components_sections_blog_posts_teasers_entity_fk; Type: FK CONSTRAINT; Schema: public; Owner: root
--

ALTER TABLE ONLY public.components_sections_blog_posts_teasers_cmps
    ADD CONSTRAINT components_sections_blog_posts_teasers_entity_fk FOREIGN KEY (entity_id) REFERENCES public.components_sections_blog_posts_teasers(id) ON DELETE CASCADE;


--
-- Name: components_sections_category_highlights_cmps components_sections_category_highlights_entity_fk; Type: FK CONSTRAINT; Schema: public; Owner: root
--

ALTER TABLE ONLY public.components_sections_category_highlights_cmps
    ADD CONSTRAINT components_sections_category_highlights_entity_fk FOREIGN KEY (entity_id) REFERENCES public.components_sections_category_highlights(id) ON DELETE CASCADE;


--
-- Name: components_sections_faq_sections_cmps components_sections_faq_sections_entity_fk; Type: FK CONSTRAINT; Schema: public; Owner: root
--

ALTER TABLE ONLY public.components_sections_faq_sections_cmps
    ADD CONSTRAINT components_sections_faq_sections_entity_fk FOREIGN KEY (entity_id) REFERENCES public.components_sections_faq_sections(id) ON DELETE CASCADE;


--
-- Name: components_sections_feature_grids_cmps components_sections_feature_grids_entity_fk; Type: FK CONSTRAINT; Schema: public; Owner: root
--

ALTER TABLE ONLY public.components_sections_feature_grids_cmps
    ADD CONSTRAINT components_sections_feature_grids_entity_fk FOREIGN KEY (entity_id) REFERENCES public.components_sections_feature_grids(id) ON DELETE CASCADE;


--
-- Name: components_sections_product_sliders_cmps components_sections_product_sliders_entity_fk; Type: FK CONSTRAINT; Schema: public; Owner: root
--

ALTER TABLE ONLY public.components_sections_product_sliders_cmps
    ADD CONSTRAINT components_sections_product_sliders_entity_fk FOREIGN KEY (entity_id) REFERENCES public.components_sections_product_sliders(id) ON DELETE CASCADE;


--
-- Name: components_sections_testimonials_cmps components_sections_testimonials_entity_fk; Type: FK CONSTRAINT; Schema: public; Owner: root
--

ALTER TABLE ONLY public.components_sections_testimonials_cmps
    ADD CONSTRAINT components_sections_testimonials_entity_fk FOREIGN KEY (entity_id) REFERENCES public.components_sections_testimonials(id) ON DELETE CASCADE;


--
-- Name: files files_created_by_id_fk; Type: FK CONSTRAINT; Schema: public; Owner: root
--

ALTER TABLE ONLY public.files
    ADD CONSTRAINT files_created_by_id_fk FOREIGN KEY (created_by_id) REFERENCES public.admin_users(id) ON DELETE SET NULL;


--
-- Name: files_folder_lnk files_folder_lnk_fk; Type: FK CONSTRAINT; Schema: public; Owner: root
--

ALTER TABLE ONLY public.files_folder_lnk
    ADD CONSTRAINT files_folder_lnk_fk FOREIGN KEY (file_id) REFERENCES public.files(id) ON DELETE CASCADE;


--
-- Name: files_folder_lnk files_folder_lnk_ifk; Type: FK CONSTRAINT; Schema: public; Owner: root
--

ALTER TABLE ONLY public.files_folder_lnk
    ADD CONSTRAINT files_folder_lnk_ifk FOREIGN KEY (folder_id) REFERENCES public.upload_folders(id) ON DELETE CASCADE;


--
-- Name: files_related_mph files_related_mph_fk; Type: FK CONSTRAINT; Schema: public; Owner: root
--

ALTER TABLE ONLY public.files_related_mph
    ADD CONSTRAINT files_related_mph_fk FOREIGN KEY (file_id) REFERENCES public.files(id) ON DELETE CASCADE;


--
-- Name: files files_updated_by_id_fk; Type: FK CONSTRAINT; Schema: public; Owner: root
--

ALTER TABLE ONLY public.files
    ADD CONSTRAINT files_updated_by_id_fk FOREIGN KEY (updated_by_id) REFERENCES public.admin_users(id) ON DELETE SET NULL;


--
-- Name: globals globals_created_by_id_fk; Type: FK CONSTRAINT; Schema: public; Owner: root
--

ALTER TABLE ONLY public.globals
    ADD CONSTRAINT globals_created_by_id_fk FOREIGN KEY (created_by_id) REFERENCES public.admin_users(id) ON DELETE SET NULL;


--
-- Name: globals_cmps globals_entity_fk; Type: FK CONSTRAINT; Schema: public; Owner: root
--

ALTER TABLE ONLY public.globals_cmps
    ADD CONSTRAINT globals_entity_fk FOREIGN KEY (entity_id) REFERENCES public.globals(id) ON DELETE CASCADE;


--
-- Name: globals globals_updated_by_id_fk; Type: FK CONSTRAINT; Schema: public; Owner: root
--

ALTER TABLE ONLY public.globals
    ADD CONSTRAINT globals_updated_by_id_fk FOREIGN KEY (updated_by_id) REFERENCES public.admin_users(id) ON DELETE SET NULL;


--
-- Name: i18n_locale i18n_locale_created_by_id_fk; Type: FK CONSTRAINT; Schema: public; Owner: root
--

ALTER TABLE ONLY public.i18n_locale
    ADD CONSTRAINT i18n_locale_created_by_id_fk FOREIGN KEY (created_by_id) REFERENCES public.admin_users(id) ON DELETE SET NULL;


--
-- Name: i18n_locale i18n_locale_updated_by_id_fk; Type: FK CONSTRAINT; Schema: public; Owner: root
--

ALTER TABLE ONLY public.i18n_locale
    ADD CONSTRAINT i18n_locale_updated_by_id_fk FOREIGN KEY (updated_by_id) REFERENCES public.admin_users(id) ON DELETE SET NULL;


--
-- Name: kitchen_estimators kitchen_estimators_created_by_id_fk; Type: FK CONSTRAINT; Schema: public; Owner: root
--

ALTER TABLE ONLY public.kitchen_estimators
    ADD CONSTRAINT kitchen_estimators_created_by_id_fk FOREIGN KEY (created_by_id) REFERENCES public.admin_users(id) ON DELETE SET NULL;


--
-- Name: kitchen_estimators_cmps kitchen_estimators_entity_fk; Type: FK CONSTRAINT; Schema: public; Owner: root
--

ALTER TABLE ONLY public.kitchen_estimators_cmps
    ADD CONSTRAINT kitchen_estimators_entity_fk FOREIGN KEY (entity_id) REFERENCES public.kitchen_estimators(id) ON DELETE CASCADE;


--
-- Name: kitchen_estimators kitchen_estimators_updated_by_id_fk; Type: FK CONSTRAINT; Schema: public; Owner: root
--

ALTER TABLE ONLY public.kitchen_estimators
    ADD CONSTRAINT kitchen_estimators_updated_by_id_fk FOREIGN KEY (updated_by_id) REFERENCES public.admin_users(id) ON DELETE SET NULL;


--
-- Name: pages pages_created_by_id_fk; Type: FK CONSTRAINT; Schema: public; Owner: root
--

ALTER TABLE ONLY public.pages
    ADD CONSTRAINT pages_created_by_id_fk FOREIGN KEY (created_by_id) REFERENCES public.admin_users(id) ON DELETE SET NULL;


--
-- Name: pages_cmps pages_entity_fk; Type: FK CONSTRAINT; Schema: public; Owner: root
--

ALTER TABLE ONLY public.pages_cmps
    ADD CONSTRAINT pages_entity_fk FOREIGN KEY (entity_id) REFERENCES public.pages(id) ON DELETE CASCADE;


--
-- Name: pages pages_updated_by_id_fk; Type: FK CONSTRAINT; Schema: public; Owner: root
--

ALTER TABLE ONLY public.pages
    ADD CONSTRAINT pages_updated_by_id_fk FOREIGN KEY (updated_by_id) REFERENCES public.admin_users(id) ON DELETE SET NULL;


--
-- Name: strapi_api_token_permissions strapi_api_token_permissions_created_by_id_fk; Type: FK CONSTRAINT; Schema: public; Owner: root
--

ALTER TABLE ONLY public.strapi_api_token_permissions
    ADD CONSTRAINT strapi_api_token_permissions_created_by_id_fk FOREIGN KEY (created_by_id) REFERENCES public.admin_users(id) ON DELETE SET NULL;


--
-- Name: strapi_api_token_permissions_token_lnk strapi_api_token_permissions_token_lnk_fk; Type: FK CONSTRAINT; Schema: public; Owner: root
--

ALTER TABLE ONLY public.strapi_api_token_permissions_token_lnk
    ADD CONSTRAINT strapi_api_token_permissions_token_lnk_fk FOREIGN KEY (api_token_permission_id) REFERENCES public.strapi_api_token_permissions(id) ON DELETE CASCADE;


--
-- Name: strapi_api_token_permissions_token_lnk strapi_api_token_permissions_token_lnk_ifk; Type: FK CONSTRAINT; Schema: public; Owner: root
--

ALTER TABLE ONLY public.strapi_api_token_permissions_token_lnk
    ADD CONSTRAINT strapi_api_token_permissions_token_lnk_ifk FOREIGN KEY (api_token_id) REFERENCES public.strapi_api_tokens(id) ON DELETE CASCADE;


--
-- Name: strapi_api_token_permissions strapi_api_token_permissions_updated_by_id_fk; Type: FK CONSTRAINT; Schema: public; Owner: root
--

ALTER TABLE ONLY public.strapi_api_token_permissions
    ADD CONSTRAINT strapi_api_token_permissions_updated_by_id_fk FOREIGN KEY (updated_by_id) REFERENCES public.admin_users(id) ON DELETE SET NULL;


--
-- Name: strapi_api_tokens strapi_api_tokens_created_by_id_fk; Type: FK CONSTRAINT; Schema: public; Owner: root
--

ALTER TABLE ONLY public.strapi_api_tokens
    ADD CONSTRAINT strapi_api_tokens_created_by_id_fk FOREIGN KEY (created_by_id) REFERENCES public.admin_users(id) ON DELETE SET NULL;


--
-- Name: strapi_api_tokens strapi_api_tokens_updated_by_id_fk; Type: FK CONSTRAINT; Schema: public; Owner: root
--

ALTER TABLE ONLY public.strapi_api_tokens
    ADD CONSTRAINT strapi_api_tokens_updated_by_id_fk FOREIGN KEY (updated_by_id) REFERENCES public.admin_users(id) ON DELETE SET NULL;


--
-- Name: strapi_history_versions strapi_history_versions_created_by_id_fk; Type: FK CONSTRAINT; Schema: public; Owner: root
--

ALTER TABLE ONLY public.strapi_history_versions
    ADD CONSTRAINT strapi_history_versions_created_by_id_fk FOREIGN KEY (created_by_id) REFERENCES public.admin_users(id) ON DELETE SET NULL;


--
-- Name: strapi_release_actions strapi_release_actions_created_by_id_fk; Type: FK CONSTRAINT; Schema: public; Owner: root
--

ALTER TABLE ONLY public.strapi_release_actions
    ADD CONSTRAINT strapi_release_actions_created_by_id_fk FOREIGN KEY (created_by_id) REFERENCES public.admin_users(id) ON DELETE SET NULL;


--
-- Name: strapi_release_actions_release_lnk strapi_release_actions_release_lnk_fk; Type: FK CONSTRAINT; Schema: public; Owner: root
--

ALTER TABLE ONLY public.strapi_release_actions_release_lnk
    ADD CONSTRAINT strapi_release_actions_release_lnk_fk FOREIGN KEY (release_action_id) REFERENCES public.strapi_release_actions(id) ON DELETE CASCADE;


--
-- Name: strapi_release_actions_release_lnk strapi_release_actions_release_lnk_ifk; Type: FK CONSTRAINT; Schema: public; Owner: root
--

ALTER TABLE ONLY public.strapi_release_actions_release_lnk
    ADD CONSTRAINT strapi_release_actions_release_lnk_ifk FOREIGN KEY (release_id) REFERENCES public.strapi_releases(id) ON DELETE CASCADE;


--
-- Name: strapi_release_actions strapi_release_actions_updated_by_id_fk; Type: FK CONSTRAINT; Schema: public; Owner: root
--

ALTER TABLE ONLY public.strapi_release_actions
    ADD CONSTRAINT strapi_release_actions_updated_by_id_fk FOREIGN KEY (updated_by_id) REFERENCES public.admin_users(id) ON DELETE SET NULL;


--
-- Name: strapi_releases strapi_releases_created_by_id_fk; Type: FK CONSTRAINT; Schema: public; Owner: root
--

ALTER TABLE ONLY public.strapi_releases
    ADD CONSTRAINT strapi_releases_created_by_id_fk FOREIGN KEY (created_by_id) REFERENCES public.admin_users(id) ON DELETE SET NULL;


--
-- Name: strapi_releases strapi_releases_updated_by_id_fk; Type: FK CONSTRAINT; Schema: public; Owner: root
--

ALTER TABLE ONLY public.strapi_releases
    ADD CONSTRAINT strapi_releases_updated_by_id_fk FOREIGN KEY (updated_by_id) REFERENCES public.admin_users(id) ON DELETE SET NULL;


--
-- Name: strapi_transfer_token_permissions strapi_transfer_token_permissions_created_by_id_fk; Type: FK CONSTRAINT; Schema: public; Owner: root
--

ALTER TABLE ONLY public.strapi_transfer_token_permissions
    ADD CONSTRAINT strapi_transfer_token_permissions_created_by_id_fk FOREIGN KEY (created_by_id) REFERENCES public.admin_users(id) ON DELETE SET NULL;


--
-- Name: strapi_transfer_token_permissions_token_lnk strapi_transfer_token_permissions_token_lnk_fk; Type: FK CONSTRAINT; Schema: public; Owner: root
--

ALTER TABLE ONLY public.strapi_transfer_token_permissions_token_lnk
    ADD CONSTRAINT strapi_transfer_token_permissions_token_lnk_fk FOREIGN KEY (transfer_token_permission_id) REFERENCES public.strapi_transfer_token_permissions(id) ON DELETE CASCADE;


--
-- Name: strapi_transfer_token_permissions_token_lnk strapi_transfer_token_permissions_token_lnk_ifk; Type: FK CONSTRAINT; Schema: public; Owner: root
--

ALTER TABLE ONLY public.strapi_transfer_token_permissions_token_lnk
    ADD CONSTRAINT strapi_transfer_token_permissions_token_lnk_ifk FOREIGN KEY (transfer_token_id) REFERENCES public.strapi_transfer_tokens(id) ON DELETE CASCADE;


--
-- Name: strapi_transfer_token_permissions strapi_transfer_token_permissions_updated_by_id_fk; Type: FK CONSTRAINT; Schema: public; Owner: root
--

ALTER TABLE ONLY public.strapi_transfer_token_permissions
    ADD CONSTRAINT strapi_transfer_token_permissions_updated_by_id_fk FOREIGN KEY (updated_by_id) REFERENCES public.admin_users(id) ON DELETE SET NULL;


--
-- Name: strapi_transfer_tokens strapi_transfer_tokens_created_by_id_fk; Type: FK CONSTRAINT; Schema: public; Owner: root
--

ALTER TABLE ONLY public.strapi_transfer_tokens
    ADD CONSTRAINT strapi_transfer_tokens_created_by_id_fk FOREIGN KEY (created_by_id) REFERENCES public.admin_users(id) ON DELETE SET NULL;


--
-- Name: strapi_transfer_tokens strapi_transfer_tokens_updated_by_id_fk; Type: FK CONSTRAINT; Schema: public; Owner: root
--

ALTER TABLE ONLY public.strapi_transfer_tokens
    ADD CONSTRAINT strapi_transfer_tokens_updated_by_id_fk FOREIGN KEY (updated_by_id) REFERENCES public.admin_users(id) ON DELETE SET NULL;


--
-- Name: strapi_workflows strapi_workflows_created_by_id_fk; Type: FK CONSTRAINT; Schema: public; Owner: root
--

ALTER TABLE ONLY public.strapi_workflows
    ADD CONSTRAINT strapi_workflows_created_by_id_fk FOREIGN KEY (created_by_id) REFERENCES public.admin_users(id) ON DELETE SET NULL;


--
-- Name: strapi_workflows_stage_required_to_publish_lnk strapi_workflows_stage_required_to_publish_lnk_fk; Type: FK CONSTRAINT; Schema: public; Owner: root
--

ALTER TABLE ONLY public.strapi_workflows_stage_required_to_publish_lnk
    ADD CONSTRAINT strapi_workflows_stage_required_to_publish_lnk_fk FOREIGN KEY (workflow_id) REFERENCES public.strapi_workflows(id) ON DELETE CASCADE;


--
-- Name: strapi_workflows_stage_required_to_publish_lnk strapi_workflows_stage_required_to_publish_lnk_ifk; Type: FK CONSTRAINT; Schema: public; Owner: root
--

ALTER TABLE ONLY public.strapi_workflows_stage_required_to_publish_lnk
    ADD CONSTRAINT strapi_workflows_stage_required_to_publish_lnk_ifk FOREIGN KEY (workflow_stage_id) REFERENCES public.strapi_workflows_stages(id) ON DELETE CASCADE;


--
-- Name: strapi_workflows_stages strapi_workflows_stages_created_by_id_fk; Type: FK CONSTRAINT; Schema: public; Owner: root
--

ALTER TABLE ONLY public.strapi_workflows_stages
    ADD CONSTRAINT strapi_workflows_stages_created_by_id_fk FOREIGN KEY (created_by_id) REFERENCES public.admin_users(id) ON DELETE SET NULL;


--
-- Name: strapi_workflows_stages_permissions_lnk strapi_workflows_stages_permissions_lnk_fk; Type: FK CONSTRAINT; Schema: public; Owner: root
--

ALTER TABLE ONLY public.strapi_workflows_stages_permissions_lnk
    ADD CONSTRAINT strapi_workflows_stages_permissions_lnk_fk FOREIGN KEY (workflow_stage_id) REFERENCES public.strapi_workflows_stages(id) ON DELETE CASCADE;


--
-- Name: strapi_workflows_stages_permissions_lnk strapi_workflows_stages_permissions_lnk_ifk; Type: FK CONSTRAINT; Schema: public; Owner: root
--

ALTER TABLE ONLY public.strapi_workflows_stages_permissions_lnk
    ADD CONSTRAINT strapi_workflows_stages_permissions_lnk_ifk FOREIGN KEY (permission_id) REFERENCES public.admin_permissions(id) ON DELETE CASCADE;


--
-- Name: strapi_workflows_stages strapi_workflows_stages_updated_by_id_fk; Type: FK CONSTRAINT; Schema: public; Owner: root
--

ALTER TABLE ONLY public.strapi_workflows_stages
    ADD CONSTRAINT strapi_workflows_stages_updated_by_id_fk FOREIGN KEY (updated_by_id) REFERENCES public.admin_users(id) ON DELETE SET NULL;


--
-- Name: strapi_workflows_stages_workflow_lnk strapi_workflows_stages_workflow_lnk_fk; Type: FK CONSTRAINT; Schema: public; Owner: root
--

ALTER TABLE ONLY public.strapi_workflows_stages_workflow_lnk
    ADD CONSTRAINT strapi_workflows_stages_workflow_lnk_fk FOREIGN KEY (workflow_stage_id) REFERENCES public.strapi_workflows_stages(id) ON DELETE CASCADE;


--
-- Name: strapi_workflows_stages_workflow_lnk strapi_workflows_stages_workflow_lnk_ifk; Type: FK CONSTRAINT; Schema: public; Owner: root
--

ALTER TABLE ONLY public.strapi_workflows_stages_workflow_lnk
    ADD CONSTRAINT strapi_workflows_stages_workflow_lnk_ifk FOREIGN KEY (workflow_id) REFERENCES public.strapi_workflows(id) ON DELETE CASCADE;


--
-- Name: strapi_workflows strapi_workflows_updated_by_id_fk; Type: FK CONSTRAINT; Schema: public; Owner: root
--

ALTER TABLE ONLY public.strapi_workflows
    ADD CONSTRAINT strapi_workflows_updated_by_id_fk FOREIGN KEY (updated_by_id) REFERENCES public.admin_users(id) ON DELETE SET NULL;


--
-- Name: up_permissions up_permissions_created_by_id_fk; Type: FK CONSTRAINT; Schema: public; Owner: root
--

ALTER TABLE ONLY public.up_permissions
    ADD CONSTRAINT up_permissions_created_by_id_fk FOREIGN KEY (created_by_id) REFERENCES public.admin_users(id) ON DELETE SET NULL;


--
-- Name: up_permissions_role_lnk up_permissions_role_lnk_fk; Type: FK CONSTRAINT; Schema: public; Owner: root
--

ALTER TABLE ONLY public.up_permissions_role_lnk
    ADD CONSTRAINT up_permissions_role_lnk_fk FOREIGN KEY (permission_id) REFERENCES public.up_permissions(id) ON DELETE CASCADE;


--
-- Name: up_permissions_role_lnk up_permissions_role_lnk_ifk; Type: FK CONSTRAINT; Schema: public; Owner: root
--

ALTER TABLE ONLY public.up_permissions_role_lnk
    ADD CONSTRAINT up_permissions_role_lnk_ifk FOREIGN KEY (role_id) REFERENCES public.up_roles(id) ON DELETE CASCADE;


--
-- Name: up_permissions up_permissions_updated_by_id_fk; Type: FK CONSTRAINT; Schema: public; Owner: root
--

ALTER TABLE ONLY public.up_permissions
    ADD CONSTRAINT up_permissions_updated_by_id_fk FOREIGN KEY (updated_by_id) REFERENCES public.admin_users(id) ON DELETE SET NULL;


--
-- Name: up_roles up_roles_created_by_id_fk; Type: FK CONSTRAINT; Schema: public; Owner: root
--

ALTER TABLE ONLY public.up_roles
    ADD CONSTRAINT up_roles_created_by_id_fk FOREIGN KEY (created_by_id) REFERENCES public.admin_users(id) ON DELETE SET NULL;


--
-- Name: up_roles up_roles_updated_by_id_fk; Type: FK CONSTRAINT; Schema: public; Owner: root
--

ALTER TABLE ONLY public.up_roles
    ADD CONSTRAINT up_roles_updated_by_id_fk FOREIGN KEY (updated_by_id) REFERENCES public.admin_users(id) ON DELETE SET NULL;


--
-- Name: up_users up_users_created_by_id_fk; Type: FK CONSTRAINT; Schema: public; Owner: root
--

ALTER TABLE ONLY public.up_users
    ADD CONSTRAINT up_users_created_by_id_fk FOREIGN KEY (created_by_id) REFERENCES public.admin_users(id) ON DELETE SET NULL;


--
-- Name: up_users_role_lnk up_users_role_lnk_fk; Type: FK CONSTRAINT; Schema: public; Owner: root
--

ALTER TABLE ONLY public.up_users_role_lnk
    ADD CONSTRAINT up_users_role_lnk_fk FOREIGN KEY (user_id) REFERENCES public.up_users(id) ON DELETE CASCADE;


--
-- Name: up_users_role_lnk up_users_role_lnk_ifk; Type: FK CONSTRAINT; Schema: public; Owner: root
--

ALTER TABLE ONLY public.up_users_role_lnk
    ADD CONSTRAINT up_users_role_lnk_ifk FOREIGN KEY (role_id) REFERENCES public.up_roles(id) ON DELETE CASCADE;


--
-- Name: up_users up_users_updated_by_id_fk; Type: FK CONSTRAINT; Schema: public; Owner: root
--

ALTER TABLE ONLY public.up_users
    ADD CONSTRAINT up_users_updated_by_id_fk FOREIGN KEY (updated_by_id) REFERENCES public.admin_users(id) ON DELETE SET NULL;


--
-- Name: upload_folders upload_folders_created_by_id_fk; Type: FK CONSTRAINT; Schema: public; Owner: root
--

ALTER TABLE ONLY public.upload_folders
    ADD CONSTRAINT upload_folders_created_by_id_fk FOREIGN KEY (created_by_id) REFERENCES public.admin_users(id) ON DELETE SET NULL;


--
-- Name: upload_folders_parent_lnk upload_folders_parent_lnk_fk; Type: FK CONSTRAINT; Schema: public; Owner: root
--

ALTER TABLE ONLY public.upload_folders_parent_lnk
    ADD CONSTRAINT upload_folders_parent_lnk_fk FOREIGN KEY (folder_id) REFERENCES public.upload_folders(id) ON DELETE CASCADE;


--
-- Name: upload_folders_parent_lnk upload_folders_parent_lnk_ifk; Type: FK CONSTRAINT; Schema: public; Owner: root
--

ALTER TABLE ONLY public.upload_folders_parent_lnk
    ADD CONSTRAINT upload_folders_parent_lnk_ifk FOREIGN KEY (inv_folder_id) REFERENCES public.upload_folders(id) ON DELETE CASCADE;


--
-- Name: upload_folders upload_folders_updated_by_id_fk; Type: FK CONSTRAINT; Schema: public; Owner: root
--

ALTER TABLE ONLY public.upload_folders
    ADD CONSTRAINT upload_folders_updated_by_id_fk FOREIGN KEY (updated_by_id) REFERENCES public.admin_users(id) ON DELETE SET NULL;


--
-- PostgreSQL database dump complete
--

